,fbcsp,eegnet,safka_csp,multikernel_safka_csp,csp
0,0.9205,0.8698,0.9344,0.6887,0.421
1,0.5703,0.4916,0.9953,0.9991,0.7882
2,0.9992,0.8717,0.6307,0.5018,0.2441
3,0.9749,0.8382,0.8057,0.549,0.9433
4,0.9421,0.3025,0.6855,0.9921,0.4944
5,0.9839,0.9612,0.9076,0.9894,0.9342
6,0.8982,0.863,0.9842,0.9949,0.1604
7,0.9945,0.0477,0.7341,0.9671,0.9451
8,0.7478,0.7102,0.8259,0.8177,0.7313
9,0.2304,0.9962,0.7472,0.945,0.2235
10,0.6556,0.983,0.467,0.8793,0.9732
11,0.9999,0.8692,0.9168,0.9364,0.7735
12,0.2776,0.2049,0.6903,0.7762,0.6958
13,0.9695,0.7327,0.9265,0.9366,0.6711
14,0.9923,0.7759,0.9902,0.9866,0.4261
15,0.9936,0.5206,0.7374,0.856,0.5539
16,0.9583,0.9492,0.9751,0.9474,0.9628
17,0.9952,0.9303,0.9827,0.9952,0.1198
18,0.9979,0.98,0.9977,0.999,0.6852
19,0.9941,0.9273,0.7384,0.9981,0.9259
20,0.7525,0.5693,0.9001,0.7305,0.7737
21,0.7044,0.0886,0.9652,0.6942,0.6841
22,0.0494,0.8653,0.0625,0.577,0.6761
23,0.966,0.9034,0.9229,0.9894,0.3787
24,0.9982,0.3818,0.9677,0.9742,0.3377
25,0.3472,0.9232,0.4187,0.8772,0.2052
26,0.9637,0.4675,0.7851,0.1465,0.6902
27,0.0256,0.6373,0.903,0.9891,0.0661
28,0.8948,0.3991,0.9127,0.7841,0.9733
29,0.9989,0.921,0.9404,0.9959,0.8374
30,0.9788,0.9933,0.4378,0.878,0.8212
31,0.797,0.9809,0.4656,0.1306,0.7895
32,0.8326,0.9928,0.9813,0.9953,0.93
33,0.2035,0.8635,0.9495,0.999,0.7451
34,0.9222,0.0653,0.999,0.9983,0.1448
35,0.9994,0.9558,0.9998,0.9999,0.7136
36,0.9617,0.9618,0.9883,0.9916,0.8808
37,0.9796,0.902,0.9958,0.9979,0.6747
38,0.0924,0.9938,0.307,0.2064,0.8059
39,0.5106,0.3773,0.7692,0.9666,0.5089
40,0.9628,0.0572,0.9934,0.9956,0.2563
41,0.8258,0.3144,0.9415,0.8092,0.8715
42,0.9993,0.9664,0.8842,0.935,0.7929
43,0.999,0.7086,0.9996,0.9997,0.8473
44,0.4737,0.9189,0.3924,0.9297,0.5219
45,0.0068,0.0754,0.6023,0.3967,0.3063
46,0.7987,0.4037,0.9931,0.997,0.8169
47,0.5461,0.5458,0.7641,0.8918,0.7464
48,0.9978,0.9547,0.9977,0.9995,0.486
49,0.9839,0.2807,0.8972,0.9988,0.8222
50,0.4282,0.2687,0.3793,0.421,0.9433
51,0.4441,0.8312,0.9322,0.9744,0.9663
52,0.5402,0.7286,0.3633,0.1066,0.8776
53,0.9348,0.8989,0.5515,0.1444,0.8626
54,0.5298,0.7247,0.8756,0.966,0.9184
55,0.4208,0.8142,0.8614,0.9908,0.4357
56,0.1106,0.8472,0.2051,0.0242,0.4333
57,0.0728,0.9431,0.3335,0.3313,0.8286
58,0.9976,0.9188,0.9995,0.9997,0.6103
59,0.9374,0.3223,0.9626,0.9744,0.2373
60,0.9771,0.8994,0.8095,0.6885,0.479
61,0.9854,0.8916,0.5185,0.6912,0.2889
62,0.9868,0.8173,0.2571,0.2229,0.3662
63,0.0266,0.7042,0.5744,0.8505,0.4015
64,0.0594,0.7305,0.267,0.0842,0.5285
65,1.0,0.9588,0.9967,0.9986,0.5204
66,0.9997,0.1458,0.8084,0.9948,0.6879
67,0.9459,0.8237,0.8525,0.9708,0.6778
68,0.9949,0.2921,0.9673,0.9944,0.0425
69,0.988,0.9484,0.9473,0.9561,0.37
70,0.9974,0.8784,0.9429,0.9872,0.7414
71,0.1848,0.9711,0.9691,0.9729,0.4947
72,0.082,0.8382,0.9638,0.9967,0.5777
73,0.9765,0.9836,0.8196,0.7685,0.7885
74,0.9977,0.2804,0.9922,0.9319,0.4478
75,0.9997,0.9813,0.8728,0.836,0.693
76,0.9943,0.9079,0.9735,0.9992,0.6068
77,0.9591,0.9601,0.9998,0.9987,0.5215
78,0.8735,0.865,0.7535,0.9089,0.5759
79,0.8163,0.898,0.9939,0.9994,0.3974
80,0.0219,0.3955,0.244,0.8865,0.8952
81,0.9998,0.9281,0.8973,0.9648,0.7058
82,0.6152,0.954,0.869,0.9172,0.4219
83,0.8813,0.9063,0.7629,0.9812,0.3597
84,0.9904,0.4473,0.9812,0.9968,0.7359
85,0.987,0.944,0.233,0.1562,0.9379
86,0.9991,0.9973,0.9813,0.9968,0.2732
87,0.2486,0.853,0.9936,0.9127,0.8573
88,0.8494,0.6762,0.9352,0.9888,0.8237
89,0.0001,0.8655,0.9922,0.9439,0.6406
90,0.9998,0.7741,0.9976,0.9968,0.6099
91,0.9971,0.4283,0.9967,0.9996,0.6376
92,0.9832,0.8567,0.9952,0.9735,0.399
93,0.9046,0.7899,0.9956,0.9857,0.7517
94,0.7486,0.9504,0.9755,0.9189,0.4569
95,0.9728,0.6663,0.9939,0.9991,0.7484
96,1.0,0.2744,0.9999,0.9989,0.5193
97,0.9861,0.9446,0.6598,0.9893,0.4484
98,0.9953,0.6046,0.9502,0.9991,0.8199
99,0.8795,0.8867,0.8526,0.8714,0.4741
100,0.805,0.1943,0.9983,0.995,0.5149
101,0.9328,0.7892,0.9602,0.9831,0.5753
102,0.6992,0.7345,0.4183,0.9836,0.2361
103,0.7926,0.1994,0.5325,0.2296,0.6703
104,1.0,0.9633,0.94,0.6487,0.1254
105,0.9881,0.9419,0.7914,0.9041,0.6263
106,0.8809,0.4347,0.9675,0.9973,0.419
107,0.8087,0.0963,0.9078,0.985,0.6499
108,0.9996,0.8999,0.9992,0.999,0.403
109,0.5074,0.9584,0.957,0.9253,0.4905
110,0.999,0.4221,0.9534,0.9202,0.5645
111,0.8223,0.7975,0.7589,0.2969,0.417
112,0.9762,0.9769,0.5946,0.3486,0.667
113,1.0,0.6052,0.9996,0.9865,0.4379
114,0.9987,0.918,0.637,0.1424,0.6712
115,0.8939,0.0734,0.7949,0.3635,0.2831
116,0.6345,0.804,0.8147,0.8463,0.435
117,0.9998,0.9456,0.9946,0.9991,0.9219
118,0.981,0.1273,0.7503,0.6119,0.4624
119,0.7486,0.9604,0.5708,0.7406,0.6304
120,0.8834,0.1842,0.8722,0.8591,0.8123
121,0.7724,0.9506,0.0968,0.0592,0.5548
122,0.9981,0.6935,0.3631,0.1765,0.2142
123,0.9981,0.0496,0.7612,0.9157,0.8379
124,0.9914,0.9904,0.9525,0.8107,0.3793
125,0.9975,0.7539,0.6421,0.8465,0.7695
126,0.9205,0.9309,0.8859,0.9596,0.91
127,0.9841,0.4069,0.9891,0.9455,0.1733
128,1.0,0.8965,0.997,0.9992,0.6223
129,0.9222,0.9155,0.8849,0.9545,0.6037
130,0.9988,0.0658,0.6141,0.3673,0.2087
131,0.9978,0.9529,0.9959,0.9917,0.9727
132,0.999,0.9466,0.9832,0.9345,0.7054
133,0.8493,0.058,0.3583,0.0606,0.1051
134,1.0,0.9961,0.9258,0.753,0.6501
135,0.9999,0.9563,0.9973,0.9986,0.8487
136,0.9902,0.5319,0.9974,0.9966,0.8936
137,0.9998,0.8117,0.481,0.6349,0.8345
138,0.9987,0.5129,0.9707,0.9664,0.4756
139,0.9958,0.9676,0.9518,0.9981,0.9955
140,0.0007,0.9835,0.8675,0.9064,0.6408
141,0.9941,0.3201,0.4819,0.3329,0.2363
142,0.9973,0.9704,0.9352,0.9962,0.9009
143,0.7499,0.5193,0.8282,0.8188,0.1705
144,1.0,0.5396,0.2004,0.0661,0.3581
145,0.8574,0.9628,0.9258,0.9268,0.4833
146,0.8647,0.787,0.8973,0.9819,0.209
147,0.5459,0.9439,0.74,0.97,0.9457
148,0.4452,0.9897,0.8923,0.9354,0.9441
149,0.9992,0.9205,0.992,0.9617,0.1485
150,0.574,0.9211,0.9831,0.9991,0.5338
151,1.0,0.1203,0.9884,0.9568,0.1957
152,0.9992,0.9363,0.8715,0.8772,0.2607
153,0.9784,0.8277,0.9876,0.9941,0.9281
154,0.9552,0.8751,0.9607,0.937,0.7183
155,0.0164,0.7601,0.9885,0.9619,0.19
156,0.9961,0.9912,0.9896,0.9992,0.935
157,0.9779,0.7562,0.9992,0.9988,0.772
158,0.0284,0.7783,0.7466,0.8976,0.6133
159,0.8724,0.611,0.9942,0.9974,0.908
160,0.4159,0.4951,0.8231,0.8899,0.6612
161,0.9755,0.9461,0.9963,0.9936,0.6063
162,0.9985,0.4513,0.8562,0.8635,0.3728
163,0.8388,0.9882,0.7656,0.9304,0.9494
164,0.9897,0.9929,0.8604,0.6922,0.941
165,0.6081,0.8291,0.8367,0.2368,0.3832
166,0.6356,0.7849,0.6679,0.8655,0.8214
167,0.9996,0.8957,0.9401,0.8103,0.4039
168,0.993,0.9054,0.8288,0.1716,0.2788
169,0.9892,0.94,0.3509,0.4849,0.8568
170,1.0,0.0489,0.7695,0.7841,0.3054
171,0.4803,0.9875,0.7474,0.9383,0.9203
172,0.7218,0.925,0.7746,0.662,0.8754
173,0.5618,0.9973,0.7513,0.9749,0.608
174,0.8445,0.565,0.7609,0.9828,0.9533
175,0.9097,0.5376,0.2379,0.0336,0.8963
176,0.9051,0.8182,0.5855,0.9598,0.9362
177,0.9996,0.5249,0.659,0.2643,0.4172
178,0.8779,0.9939,0.8747,0.4773,0.1418
179,0.0849,0.967,0.5372,0.638,0.9047
180,0.9974,0.764,0.2844,0.8969,0.7842
181,0.4977,0.9591,0.9476,0.978,0.5663
182,0.994,0.9581,0.9516,0.9316,0.7762
183,0.8948,0.9661,0.5356,0.9425,0.7631
184,0.9952,0.3856,0.9105,0.9879,0.6541
185,0.46,0.081,0.9892,0.9701,0.4184
186,0.9995,0.944,0.8993,0.9788,0.8803
187,0.0608,0.8794,0.7628,0.6568,0.7216
188,0.9995,0.7868,0.8987,0.9211,0.6821
189,0.2784,0.9866,0.5952,0.44,0.2586
190,0.7479,0.1242,0.7198,0.9943,0.3342
191,0.9102,0.9943,0.9353,0.998,0.9227
192,0.1655,0.0712,0.9518,0.9122,0.8924
193,0.7905,0.919,0.9053,0.9942,0.7433
194,0.8472,0.9718,0.8775,0.8583,0.9357
195,0.9357,0.1525,0.7029,0.2394,0.855
196,0.5691,0.9346,0.9326,0.2331,0.6711
197,0.9996,0.5212,0.9998,0.9995,0.3422
198,0.3399,0.6873,0.3728,0.8487,0.0905
199,0.9948,0.2116,0.9999,1.0,0.8086
200,0.221,0.9793,0.9914,0.9999,0.9229
201,0.9962,0.9688,0.987,0.9861,0.7317
202,0.4636,0.6289,0.6745,0.9231,0.4773
203,0.9999,0.8985,0.9951,0.9915,0.7695
204,0.9972,0.0579,0.0295,0.9974,0.015
205,0.1915,0.9944,0.9959,0.9992,0.1022
206,0.1428,0.3562,0.5974,0.9966,0.8966
207,0.9802,0.827,0.8938,0.9925,0.7074
208,0.9596,0.6143,0.9999,0.9996,0.164
209,0.9918,0.4616,0.9542,0.899,0.7754
210,0.981,0.0441,0.9517,0.5578,0.5228
211,0.8138,0.8549,0.9811,0.9899,0.5802
212,0.9539,0.4448,0.9999,0.9999,0.6669
213,0.9987,0.9329,0.978,0.9867,0.2903
214,0.0862,0.1555,0.9998,0.9995,0.3547
215,0.1086,0.954,0.9408,0.8751,0.7242
216,0.0974,0.6934,0.7773,0.961,0.4128
217,0.3211,0.8373,0.7486,0.9791,0.9228
218,0.9888,0.9735,0.9699,0.9822,0.8293
219,0.8227,0.7712,0.9529,0.9697,0.4079
220,0.9109,0.927,0.4854,0.7858,0.7376
221,0.9969,0.915,0.9896,0.9933,0.6155
222,0.7901,0.8379,0.5945,0.5347,0.4306
223,0.1938,0.9502,0.4028,0.9717,0.641
224,0.9381,0.7906,0.9232,0.8814,0.8196
225,0.9937,0.8892,0.583,0.0075,0.1774
226,0.999,0.9236,0.7527,0.4919,0.9311
227,0.0349,0.9706,0.5075,0.0893,0.3967
228,0.8038,0.7923,0.9811,0.9182,0.8311
229,0.9128,0.164,0.9554,0.9181,0.4564
230,0.3675,0.1921,0.9828,0.9528,0.6371
231,0.0935,0.5215,0.8027,0.7995,0.8078
232,0.9965,0.7278,0.9927,0.9566,0.3565
233,0.9608,0.9739,0.8441,0.9417,0.742
234,0.9678,0.1978,0.3532,0.0314,0.2593
235,0.9343,0.9489,0.8135,0.9544,0.7383
236,0.8025,1.0,0.9989,0.9974,0.998
237,0.9927,0.8673,0.9918,0.9992,0.9797
238,0.5363,0.898,0.8076,0.4249,0.4401
239,0.7601,0.7885,0.8861,0.7359,0.2473
240,0.0933,0.9859,0.7552,0.9764,0.9669
241,0.8415,0.4239,0.1796,0.1668,0.7143
242,0.9997,0.2629,0.7366,0.6829,0.4417
243,0.6568,0.1417,0.9021,0.7564,0.1552
244,0.9982,0.9853,0.9477,0.9647,0.6935
245,0.9999,0.821,0.9984,0.9801,0.0839
246,0.9747,0.9296,0.7499,0.7627,0.4705
247,0.4039,0.9348,0.8354,0.5332,0.0818
248,1.0,0.9624,0.9033,0.9215,0.4947
249,0.9998,0.8882,0.4977,0.9592,0.8473
250,0.3878,0.9763,0.8473,0.8778,0.4296
251,0.4084,0.9382,0.8368,0.8705,0.4992
252,0.0281,0.8294,0.7971,0.9239,0.7593
253,0.9992,0.599,0.9383,0.1184,0.0593
254,0.9993,0.5665,0.9868,0.934,0.1272
255,0.9882,0.1362,0.9275,0.9885,0.7735
256,0.8864,0.9177,0.7258,0.9711,0.7939
257,0.998,0.9673,0.9878,0.9958,0.7271
258,0.9949,0.7308,0.9988,0.9986,0.3043
259,1.0,0.3234,0.9361,0.9896,0.8421
260,0.9893,0.4396,0.9996,0.9999,0.9474
261,0.9893,0.023,0.9576,0.9909,0.8285
262,0.9993,0.8807,0.8936,0.8589,0.3426
263,0.9908,0.8268,0.9556,0.7028,0.2991
264,0.9992,0.9823,0.6285,0.9159,0.8361
265,1.0,0.3052,0.9997,0.9991,0.5859
266,0.816,0.8596,0.9815,0.9995,0.9484
267,0.9839,0.6629,0.8448,0.9831,0.9445
268,1.0,0.9193,0.9707,0.9992,0.8451
269,0.4968,0.5042,0.6513,0.3281,0.1436
270,0.7944,0.9539,0.8192,0.4289,0.6006
271,0.9977,0.7581,0.913,0.9877,0.7748
272,0.9668,0.9303,0.9149,0.9842,0.5743
273,0.9274,0.7392,0.9895,0.9983,0.7264
274,0.9935,0.937,0.9988,0.9989,0.6809
275,0.9047,0.911,0.6573,0.3307,0.199
276,0.9933,0.9533,0.7595,0.8976,0.8917
277,0.9332,0.5628,0.9388,0.7776,0.6677
278,0.2725,0.4945,0.6586,0.6681,0.4078
279,0.9997,0.7956,0.99,0.976,0.3842
280,0.9997,0.9743,0.9998,0.9998,0.5942
281,0.9992,0.7828,0.9164,0.9956,0.8825
282,0.4926,0.9587,0.5226,0.6766,0.5454
283,0.9236,0.7642,0.8547,0.7741,0.1407
284,1.0,0.8317,0.8743,0.6396,0.2967
285,0.1482,0.0949,0.4598,0.1592,0.3377
286,0.9622,0.404,0.8018,0.9323,0.6549
287,0.2198,0.3527,0.4213,0.9097,0.8944
288,0.9193,0.7111,0.4553,0.1586,0.4024
289,0.9955,0.8204,0.2412,0.3712,0.5139
290,0.7377,0.9799,0.6403,0.2634,0.6011
291,0.4745,0.3566,0.5518,0.5551,0.7207
292,0.13,0.2436,0.4558,0.0682,0.5415
293,0.9704,0.8556,0.6835,0.2184,0.6367
294,0.3195,0.72,0.3039,0.2792,0.688
295,0.9705,0.8744,0.4717,0.6722,0.4656
296,0.0318,0.7645,0.1623,0.1848,0.1232
297,0.85,0.8151,0.8769,0.8221,0.6024
298,0.0813,0.022,0.4522,0.5545,0.7529
299,0.9385,0.6724,0.6547,0.4195,0.7137
300,0.462,0.2183,0.5903,0.6276,0.2255
301,0.6755,0.6498,0.4018,0.5438,0.3763
302,0.4255,0.7736,0.291,0.6754,0.7338
303,0.7211,0.8725,0.3541,0.6209,0.4136
304,0.8888,0.7365,0.5215,0.3455,0.3745
305,0.2398,0.8146,0.7261,0.5321,0.6335
306,0.9539,0.6298,0.3026,0.571,0.6465
307,0.3773,0.8406,0.2708,0.4478,0.4491
308,0.0091,0.9644,0.2531,0.1448,0.416
309,0.2525,0.5809,0.7293,0.7698,0.2876
310,0.0836,0.1579,0.8285,0.7712,0.3293
311,0.0333,0.993,0.6478,0.8606,0.5347
312,0.3334,0.2507,0.8449,0.8645,0.7697
313,0.4243,0.5522,0.3438,0.3025,0.4427
314,0.7846,0.9538,0.6034,0.5059,0.8008
315,0.285,0.8757,0.2792,0.4322,0.9162
316,0.6029,0.6875,0.3657,0.5151,0.7663
317,0.2064,0.8591,0.6363,0.8632,0.3864
318,0.9947,0.6503,0.5739,0.5599,0.4916
319,0.5341,0.5316,0.7352,0.6511,0.3779
320,0.9101,0.9413,0.5953,0.591,0.9268
321,0.1052,0.0737,0.7532,0.5183,0.3566
322,0.9387,0.5919,0.3102,0.1799,0.5937
323,0.8751,0.8844,0.5898,0.1554,0.6077
324,0.2984,0.9572,0.6374,0.8399,0.4553
325,0.9584,0.8723,0.7082,0.4975,0.3022
326,0.9368,0.2366,0.9422,0.99,0.8207
327,0.2783,0.1606,0.7969,0.8943,0.4985
328,0.2796,0.6516,0.7293,0.41,0.3045
329,0.4618,0.6183,0.7115,0.8217,0.3932
330,0.0139,0.8504,0.5487,0.3395,0.4166
331,0.7538,0.6225,0.6891,0.2275,0.344
332,0.0255,0.7075,0.8957,0.4572,0.1467
333,0.1017,0.2183,0.8307,0.9227,0.6216
334,0.5489,0.9664,0.4392,0.168,0.4344
335,0.2739,0.8187,0.449,0.3157,0.2476
336,0.6111,0.7311,0.6272,0.3122,0.3115
337,0.0279,0.8217,0.3828,0.6751,0.8852
338,0.277,0.7725,0.4807,0.5305,0.6801
339,0.8229,0.068,0.4393,0.1892,0.3169
340,0.6352,0.8315,0.5549,0.8093,0.2917
341,0.993,0.1842,0.7237,0.5291,0.6531
342,0.447,0.8152,0.3254,0.2351,0.1469
343,0.9958,0.2794,0.6057,0.9294,0.6758
344,0.1675,0.9146,0.6112,0.8219,0.6728
345,0.3033,0.552,0.6865,0.4568,0.2868
346,0.988,0.7638,0.408,0.1851,0.4016
347,0.819,0.9683,0.6126,0.7898,0.7124
348,0.9473,0.8421,0.8952,0.9632,0.9888
349,0.7085,0.1688,0.1769,0.0271,0.2341
350,0.0841,0.6542,0.7365,0.6472,0.8686
351,0.0487,0.8952,0.5514,0.4572,0.321
352,0.8808,0.149,0.3782,0.3814,0.3699
353,0.0289,0.2392,0.2569,0.0683,0.0162
354,0.0977,0.7075,0.6859,0.8395,0.8475
355,0.8445,0.7444,0.4543,0.5015,0.453
356,0.6652,0.0326,0.0772,0.0383,0.1301
357,0.7587,0.6098,0.6469,0.7196,0.8852
358,0.8282,0.6375,0.5326,0.6463,0.7702
359,0.9573,0.3257,0.6562,0.8822,0.9794
360,0.8655,0.7861,0.7855,0.9344,0.8082
361,0.9709,0.667,0.4827,0.7828,0.8279
362,0.063,0.8324,0.1654,0.2616,0.0923
363,0.1965,0.7541,0.7085,0.7026,0.8077
364,0.4457,0.0708,0.2936,0.0734,0.104
365,0.0333,0.2795,0.7772,0.7156,0.9051
366,0.9944,0.9775,0.4273,0.3162,0.8416
367,0.2701,0.9266,0.6645,0.711,0.5475
368,0.9705,0.8605,0.861,0.9327,0.9686
369,0.8006,0.5667,0.4246,0.523,0.1439
370,0.5356,0.5549,0.1858,0.1781,0.0439
371,0.3134,0.2181,0.6283,0.3437,0.2544
372,0.0663,0.1791,0.6741,0.633,0.163
373,0.2537,0.876,0.5455,0.873,0.4251
374,0.2686,0.4845,0.2214,0.3744,0.7189
375,0.818,0.5863,0.3521,0.4423,0.6936
376,0.7157,0.2115,0.5808,0.6923,0.7966
377,0.0447,0.6246,0.8136,0.6347,0.5933
378,0.0891,0.8288,0.5093,0.4724,0.3857
379,0.1259,0.5858,0.4821,0.1097,0.4083
380,0.5235,0.9879,0.3733,0.5574,0.3581
381,0.9954,0.6679,0.2877,0.1728,0.2713
382,0.7996,0.611,0.6763,0.8923,0.9338
383,0.4339,0.6794,0.2541,0.5387,0.1387
384,0.2386,0.5904,0.5134,0.5041,0.3759
385,0.2816,0.8472,0.4842,0.1531,0.0913
386,0.0842,0.7382,0.7141,0.2176,0.9208
387,0.0912,0.6949,0.7524,0.4659,0.4762
388,0.6067,0.3223,0.7501,0.697,0.4711
389,0.9797,0.7032,0.5158,0.1797,0.111
390,0.2312,0.1381,0.1865,0.0613,0.1959
391,0.0204,0.7568,0.4665,0.5494,0.9232
392,0.7419,0.5014,0.5397,0.8101,0.4403
393,0.1727,0.5644,0.5535,0.7343,0.3053
394,0.5009,0.834,0.5521,0.1918,0.3419
395,0.9512,0.8262,0.8321,0.9575,0.9563
396,0.7491,0.4748,0.5366,0.3607,0.2178
397,0.8399,0.7671,0.6238,0.4134,0.592
398,0.9919,0.7185,0.3464,0.1066,0.0275
399,0.1984,0.7424,0.4667,0.6809,0.5318
400,0.9794,0.8811,0.6288,0.313,0.6557
401,0.6997,0.197,0.2998,0.6657,0.0554
402,0.0604,0.8031,0.1855,0.1519,0.2235
403,0.0224,0.9594,0.7813,0.8767,0.9829
404,0.431,0.6274,0.5831,0.7481,0.5926
405,0.1809,0.6715,0.5448,0.0839,0.6198
406,0.6413,0.7102,0.5423,0.3566,0.7257
407,0.4047,0.2478,0.4982,0.2538,0.756
408,0.7301,0.9458,0.3495,0.1129,0.358
409,0.8969,0.8577,0.6761,0.4024,0.9223
410,0.1914,0.7345,0.6432,0.4689,0.6317
411,0.5486,0.3685,0.3372,0.5704,0.4951
412,0.3172,0.3251,0.7179,0.5729,0.8875
413,0.3572,0.8356,0.56,0.7343,0.391
414,0.6805,0.9306,0.4335,0.683,0.4326
415,0.1562,0.8893,0.4219,0.4492,0.4617
416,0.8362,0.9125,0.4867,0.167,0.6109
417,0.3894,0.815,0.5609,0.6541,0.6264
418,0.7685,0.3638,0.4203,0.4455,0.2985
419,0.203,0.6756,0.5742,0.6171,0.6265
420,0.4865,0.7108,0.3881,0.3086,0.4752
421,0.277,0.7667,0.6454,0.5214,0.5887
422,0.8797,0.7579,0.4649,0.4499,0.5592
423,0.9394,0.9341,0.3761,0.6805,0.6538
424,0.4154,0.3999,0.473,0.6505,0.6107
425,0.1213,0.9696,0.6152,0.7709,0.5692
426,0.954,0.7074,0.6977,0.7892,0.9204
427,0.015,0.6218,0.5094,0.5844,0.4797
428,0.6878,0.6197,0.3499,0.3972,0.517
429,0.5305,0.7186,0.8702,0.9048,0.9602
430,0.0182,0.3637,0.3685,0.1716,0.1118
431,0.0796,0.5912,0.6104,0.7662,0.5296
432,0.9223,0.7356,0.6158,0.4278,0.4619
433,0.8376,0.3617,0.2893,0.3988,0.2143
434,0.0998,0.5367,0.4058,0.8636,0.4934
435,0.9665,0.8019,0.0764,0.0714,0.0376
436,0.8918,0.4246,0.4433,0.8944,0.7367
437,0.143,0.7688,0.7374,0.9096,0.7664
438,0.0046,0.3043,0.4281,0.0611,0.238
439,0.9921,0.7514,0.3788,0.6431,0.1964
440,0.998,0.5132,0.8713,0.9432,0.9932
441,0.0976,0.6299,0.462,0.2677,0.5537
442,0.8198,0.4262,0.6252,0.6618,0.5079
443,0.8666,0.7789,0.4694,0.6687,0.4309
444,0.0027,0.5619,0.4178,0.1528,0.556
445,0.271,0.2439,0.3099,0.22,0.349
446,0.9444,0.6272,0.3778,0.3756,0.1094
447,0.9396,0.9556,0.5611,0.8105,0.6536
448,0.5329,0.6737,0.6735,0.3261,0.862
449,0.8169,0.5948,0.4541,0.3328,0.6147
450,0.8254,0.6275,0.6845,0.6005,0.5783
451,0.5757,0.916,0.4226,0.397,0.6459
452,0.2625,0.8725,0.6507,0.3506,0.6242
453,0.9058,0.7307,0.5154,0.8071,0.5123
454,0.0261,0.9255,0.538,0.2882,0.4661
455,0.9339,0.2777,0.7023,0.9076,0.4842
456,0.6399,0.8262,0.3693,0.2159,0.3686
457,0.2894,0.682,0.4936,0.7672,0.4267
458,0.9045,0.7976,0.5618,0.9572,0.2774
459,0.6537,0.7872,0.3453,0.1354,0.4174
460,0.239,0.7211,0.6312,0.909,0.7222
461,0.0859,0.7247,0.7596,0.8492,0.8193
462,0.1179,0.3317,0.5164,0.8487,0.525
463,0.2811,0.1371,0.656,0.9775,0.2272
464,0.3814,0.2746,0.6366,0.1424,0.6411
465,0.8316,0.3442,0.4739,0.938,0.642
466,0.7384,0.6923,0.4226,0.5572,0.68
467,0.1462,0.8179,0.5959,0.8589,0.8386
468,0.4134,0.5237,0.2528,0.4666,0.447
469,0.3059,0.979,0.4484,0.124,0.4099
470,0.7122,0.8938,0.3095,0.3155,0.6123
471,0.2029,0.83,0.6371,0.9119,0.8368
472,0.3966,0.5862,0.424,0.3459,0.3986
473,0.1997,0.3179,0.454,0.8418,0.8268
474,0.4899,0.8937,0.3309,0.2446,0.7334
475,0.7568,0.2162,0.6479,0.3555,0.1481
476,0.9223,0.4452,0.3614,0.1611,0.2327
477,0.1065,0.0976,0.5315,0.7846,0.6216
478,0.6595,0.8915,0.9563,0.7988,0.7053
479,0.9652,0.734,0.5199,0.7653,0.519
480,0.247,0.0688,0.5636,0.4183,0.3882
481,0.1503,0.1825,0.9292,0.9843,0.8563
482,0.5978,0.9737,0.6374,0.4294,0.3143
483,0.3422,0.4257,0.5247,0.9298,0.9105
484,0.001,0.8066,0.5521,0.3744,0.8481
485,0.3582,0.2746,0.4574,0.3007,0.3251
486,0.2526,0.81,0.404,0.8537,0.7623
487,0.0896,0.9509,0.4841,0.5101,0.4095
488,0.0899,0.1329,0.3144,0.5719,0.3351
489,0.2954,0.259,0.3532,0.1251,0.4441
490,0.059,0.3291,0.4533,0.7663,0.454
491,0.3007,0.989,0.707,0.8906,0.7403
492,0.5843,0.9262,0.8012,0.9244,0.8202
493,0.1922,0.3637,0.5357,0.2318,0.2851
494,0.9017,0.7994,0.5475,0.8799,0.5642
495,0.767,0.889,0.7879,0.9566,0.8991
496,0.7374,0.659,0.7402,0.8181,0.7905
497,0.2888,0.6167,0.5063,0.2169,0.6109
498,0.4565,0.7957,0.3836,0.7584,0.6886
499,0.5796,0.8135,0.6347,0.508,0.7289
500,0.9883,0.4194,0.1758,0.4539,0.5457
501,0.0939,0.393,0.6123,0.9899,0.6705
502,0.6306,0.9238,0.2948,0.4925,0.5171
503,0.8356,0.5262,0.6399,0.9411,0.6124
504,0.0505,0.6471,0.5056,0.473,0.4485
505,0.8818,0.6471,0.2467,0.2429,0.5215
506,0.1794,0.3807,0.3591,0.5445,0.6826
507,0.0902,0.9778,0.6363,0.9564,0.8741
508,0.9254,0.9015,0.2401,0.848,0.7117
509,0.7327,0.4263,0.4278,0.5446,0.7266
510,0.1493,0.9319,0.532,0.4797,0.8849
511,0.9926,0.8297,0.7941,0.6106,0.435
512,0.5281,0.9481,0.634,0.6399,0.9293
513,0.9559,0.7581,0.7155,0.9435,0.4897
514,0.433,0.518,0.3964,0.3423,0.4603
515,0.8433,0.76,0.4294,0.4953,0.1312
516,0.2294,0.878,0.5434,0.81,0.6187
517,0.1401,0.1839,0.225,0.4696,0.4188
518,0.1814,0.2568,0.329,0.6523,0.7925
519,0.9113,0.9657,0.6296,0.3348,0.4391
520,0.4289,0.7607,0.485,0.2389,0.2041
521,0.5621,0.1153,0.4295,0.4696,0.7532
522,0.0578,0.7406,0.4912,0.3724,0.6802
523,0.7321,0.6473,0.567,0.7038,0.8013
524,0.0378,0.2479,0.3845,0.2154,0.2474
525,0.6254,0.8865,0.3747,0.3956,0.3299
526,0.5179,0.951,0.5786,0.9023,0.9307
527,0.9146,0.9604,0.377,0.3331,0.2634
528,0.8774,0.724,0.4374,0.3816,0.4818
529,0.9133,0.8937,0.4867,0.2691,0.6205
530,0.1035,0.2771,0.1566,0.2061,0.2087
531,0.7788,0.9765,0.5174,0.6051,0.7211
532,0.6686,0.5868,0.4776,0.3158,0.4461
533,0.8159,0.3203,0.7024,0.6531,0.3987
534,0.9509,0.0507,0.273,0.3,0.0516
535,0.1466,0.4571,0.5971,0.3061,0.4351
536,0.8311,0.9628,0.6082,0.4909,0.2135
537,0.3827,0.9838,0.594,0.4444,0.5129
538,0.3515,0.2187,0.4936,0.4507,0.5695
539,0.9889,0.8679,0.4956,0.7369,0.6514
540,0.6811,0.2726,0.5183,0.3684,0.4948
541,0.9914,0.6518,0.8488,0.921,0.9278
542,0.8962,0.7131,0.3979,0.7025,0.3682
543,0.6697,0.9553,0.3418,0.2718,0.4045
544,0.9303,0.9765,0.5861,0.6279,0.8148
545,0.1866,0.7982,0.2665,0.2701,0.4108
546,0.6641,0.344,0.4723,0.7571,0.5682
547,0.4996,0.406,0.2396,0.0587,0.3766
548,0.9329,0.7293,0.8235,0.8784,0.835
549,0.2049,0.9571,0.127,0.1069,0.352
550,0.1046,0.0963,0.2928,0.2321,0.2269
551,0.667,0.8129,0.6767,0.8726,0.4275
552,0.983,0.2972,0.6751,0.268,0.4835
553,0.8537,0.93,0.8395,0.926,0.8453
554,0.0582,0.7487,0.5259,0.8069,0.4505
555,0.6735,0.2687,0.6645,0.263,0.9045
556,0.4175,0.0843,0.3222,0.4228,0.3989
557,0.4844,0.5464,0.2812,0.0483,0.3757
558,0.9637,0.3116,0.9097,0.9308,0.7207
559,0.2328,0.772,0.7269,0.8395,0.4409
560,0.7841,0.6644,0.7869,0.9434,0.9292
561,0.2119,0.507,0.6439,0.5304,0.7742
562,0.3481,0.4535,0.5265,0.559,0.3722
563,0.0877,0.6837,0.541,0.1701,0.525
564,0.4656,0.9375,0.7093,0.7338,0.2244
565,0.99,0.8557,0.7054,0.8693,0.5413
566,0.0181,0.9295,0.4801,0.2488,0.8847
567,0.2806,0.8973,0.5672,0.2377,0.5189
568,0.2834,0.7447,0.619,0.7307,0.6266
569,0.1088,0.3793,0.27,0.1265,0.3955
570,0.2314,0.2022,0.3313,0.4456,0.4181
571,0.7502,0.6044,0.5781,0.5936,0.1253
572,0.0428,0.6212,0.6799,0.8641,0.3914
573,0.3916,0.6613,0.5703,0.7752,0.5862
574,0.8336,0.969,0.4241,0.3648,0.583
575,0.887,0.3882,0.7689,0.6753,0.697
576,0.927,0.8045,0.9142,0.9968,0.6661
577,0.941,0.2403,0.9825,0.9999,0.3256
578,0.2183,0.9531,0.0881,0.0905,0.1905
579,0.9945,0.9822,0.5378,0.9285,0.2053
580,0.2832,0.9938,0.902,0.9538,0.812
581,0.3652,0.8537,0.9836,0.8383,0.446
582,0.6419,0.988,0.9976,0.9996,0.276
583,0.9992,0.9754,0.9894,0.9998,0.5223
584,0.9999,0.9539,1.0,0.9984,0.0398
585,0.9925,0.5266,0.9999,1.0,0.2525
586,0.9834,0.5627,0.9966,0.9998,0.3157
587,0.9941,0.9869,0.9987,1.0,0.6478
588,0.9903,0.9088,0.9997,0.9999,0.5379
589,0.9969,0.8287,0.9725,0.9984,0.7887
590,0.9832,0.5599,0.9513,0.9491,0.8301
591,0.9987,0.8849,0.9999,1.0,0.6069
592,0.9805,0.9601,1.0,1.0,0.773
593,0.9887,0.8456,0.9999,1.0,0.7627
594,0.4151,0.6556,1.0,1.0,0.8035
595,0.0944,0.4493,0.9881,0.7813,0.0838
596,0.5823,0.7293,0.585,0.9547,0.4876
597,0.9992,0.8622,1.0,1.0,0.8821
598,0.9991,0.9735,0.9865,0.6985,0.267
599,0.9981,0.9675,1.0,1.0,0.1305
600,0.9674,0.8572,0.9852,0.7894,0.1624
601,0.8747,0.1969,0.9989,0.9726,0.4926
602,0.8991,0.968,0.9846,0.9993,0.4276
603,0.9981,0.4915,0.9994,0.9981,0.7148
604,0.9993,0.4797,0.9999,1.0,0.3281
605,0.7294,0.9369,0.9999,0.9999,0.4506
606,0.9026,0.6104,0.9982,1.0,0.6139
607,0.9984,0.4276,0.9999,1.0,0.7162
608,0.9853,0.5984,0.9856,0.9948,0.2731
609,0.0871,0.9083,0.9312,0.9598,0.791
610,0.4362,0.8235,0.1179,0.1204,0.454
611,0.9907,0.188,0.8499,0.95,0.2447
612,0.3532,0.8003,0.8598,0.3175,0.1309
613,0.3651,0.1997,0.8184,0.9523,0.0808
614,0.9589,0.9699,0.9966,1.0,0.4939
615,0.9313,0.1334,0.9982,1.0,0.5729
616,0.9524,0.9406,0.9972,0.9999,0.3492
617,0.594,0.9271,0.8923,0.9995,0.8243
618,0.9994,0.9979,0.9985,0.9999,0.4292
619,0.9836,0.6477,0.983,0.9987,0.8025
620,0.9697,0.9118,0.9999,1.0,0.4608
621,0.9947,0.7333,1.0,1.0,0.7179
622,0.9332,0.6751,0.998,0.9947,0.0399
623,0.0706,0.7258,0.9903,1.0,0.4084
624,0.994,0.8513,0.9958,0.9525,0.7934
625,0.9461,0.9292,1.0,0.9701,0.9871
626,0.999,0.8233,0.9997,1.0,0.1264
627,0.9984,0.9883,1.0,1.0,0.462
628,0.9866,0.1125,0.9842,0.9999,0.4934
629,0.9976,0.9569,0.9996,0.9997,0.741
630,0.9963,0.3753,1.0,1.0,0.5307
631,0.9984,0.1837,1.0,1.0,0.4862
632,0.9951,0.9843,0.9953,0.9991,0.2592
633,0.721,0.9876,0.9995,0.9997,0.5422
634,0.9894,0.9565,0.9261,0.9731,0.5268
635,0.9985,0.8612,0.999,0.9975,0.4756
636,1.0,0.5917,1.0,1.0,0.5698
637,1.0,0.9508,0.9998,1.0,0.6165
638,1.0,0.9307,0.9947,0.999,0.6904
639,0.0063,0.9816,0.9831,0.9945,0.7145
640,0.1687,0.3944,0.999,1.0,0.2339
641,0.9992,0.9197,0.9987,1.0,0.2237
642,0.9993,0.6292,0.9998,1.0,0.4278
643,0.1354,0.9565,0.5332,0.898,0.5654
644,0.9045,0.9619,0.9883,0.9995,0.5597
645,0.9999,0.5754,0.9997,1.0,0.302
646,0.2473,0.2162,0.9862,0.996,0.4426
647,0.9698,0.3931,0.9992,1.0,0.4683
648,0.9598,0.9377,0.9976,0.9931,0.5753
649,0.9998,0.7144,0.9932,0.997,0.1929
650,0.9958,0.9176,0.9957,0.9979,0.7922
651,0.8621,0.8384,0.9546,0.9791,0.7928
652,0.999,0.5506,1.0,1.0,0.6442
653,0.9997,0.2044,0.99,0.9996,0.4275
654,0.8865,0.906,0.9994,1.0,0.6441
655,0.1337,0.7392,0.9995,0.9995,0.6748
656,0.0313,0.8723,0.978,0.9942,0.2875
657,0.876,0.9804,0.9728,0.9984,0.847
658,0.9969,0.8461,0.9918,1.0,0.8809
659,0.9637,0.986,0.9995,0.9999,0.8512
660,0.0031,0.9404,0.9158,0.94,0.9237
661,0.9321,0.8938,0.9893,0.9993,0.7396
662,0.2967,0.8417,0.8826,0.999,0.4994
663,0.5879,0.8016,0.9647,0.9957,0.3433
664,0.9219,0.3535,0.9616,0.999,0.4511
665,0.992,0.4954,0.9803,0.9983,0.4968
666,0.9988,0.8839,0.9949,0.9836,0.4309
667,0.9996,0.946,0.9932,0.9997,0.5726
668,0.9928,0.8157,0.9141,0.6685,0.0782
669,0.9975,0.7311,0.7082,0.9727,0.7109
670,0.9961,0.76,0.9995,1.0,0.2739
671,0.9448,0.9749,0.9713,0.9995,0.6507
672,0.6403,0.9932,0.9979,0.9999,0.8568
673,0.9999,0.6924,0.9999,0.9999,0.3826
674,0.8382,0.5457,0.986,0.9626,0.6827
675,0.948,0.7638,0.8831,0.898,0.7045
676,0.9996,0.1128,0.978,0.9954,0.6894
677,0.9965,0.4878,0.9365,0.9886,0.2254
678,0.9986,0.4995,0.9983,1.0,0.4382
679,0.9964,0.1474,0.9552,0.9959,0.5249
680,0.9923,0.87,0.9968,1.0,0.2089
681,0.9162,0.7862,0.9073,0.9764,0.5457
682,0.9986,0.5019,0.9895,0.9833,0.8374
683,0.0722,0.8177,0.9431,0.8868,0.3338
684,0.9978,0.5732,0.9183,0.983,0.3541
685,0.9736,0.3029,0.9786,0.9997,0.3742
686,0.9054,0.5483,0.9743,0.9928,0.3683
687,0.995,0.9313,1.0,1.0,0.2801
688,0.876,0.8598,0.9786,0.9811,0.4393
689,0.9996,0.9831,0.9994,0.9999,0.8675
690,0.9874,0.1594,0.999,0.9999,0.4724
691,0.9852,0.96,0.9998,1.0,0.3641
692,0.9984,0.5707,0.9695,0.9999,0.5543
693,0.9977,0.4301,1.0,1.0,0.0294
694,0.9693,0.9592,0.9997,0.9999,0.3002
695,0.2946,0.5093,0.9959,0.9963,0.1617
696,0.9937,0.7457,1.0,1.0,0.121
697,0.9999,0.4406,1.0,1.0,0.3291
698,0.4877,0.6627,0.8135,0.0412,0.1734
699,1.0,0.9669,1.0,1.0,0.6875
700,0.3189,0.933,0.3387,0.4356,0.4684
701,1.0,0.4792,1.0,1.0,0.7649
702,0.9992,0.9008,1.0,1.0,0.7732
703,0.9967,0.9521,0.9998,1.0,0.9335
704,0.9732,0.7307,0.9994,0.9932,0.3341
705,0.7284,0.5049,0.9809,0.8687,0.5822
706,0.9685,0.1174,0.999,1.0,0.5479
707,0.9983,0.604,1.0,1.0,0.3431
708,0.9414,0.9438,0.9961,0.9989,0.5738
709,0.8816,0.6865,0.9996,1.0,0.7514
710,0.9712,0.9323,1.0,1.0,0.6622
711,0.9916,0.3362,0.9998,0.9995,0.5273
712,0.9833,0.8841,0.9742,0.8829,0.338
713,0.9989,0.2317,0.9921,0.9857,0.3915
714,0.9863,0.9927,0.9995,1.0,0.8317
715,0.9972,0.8686,1.0,1.0,0.8467
716,0.9976,0.8286,0.999,1.0,0.4861
717,0.4485,0.5807,0.994,0.9791,0.8976
718,0.8082,0.8909,0.9991,1.0,0.5944
719,0.9216,0.1489,0.3077,0.1742,0.5592
720,0.9835,0.9244,0.9997,1.0,0.6874
721,0.9727,0.7966,0.992,0.9984,0.6377
722,0.0031,0.7596,0.7093,0.9978,0.2544
723,0.8329,0.3432,0.8008,0.0534,0.0805
724,0.9699,0.0234,0.9689,0.8825,0.5444
725,0.9502,0.3761,0.9671,0.9859,0.455
726,0.6147,0.5816,0.9997,0.9999,0.1713
727,0.4821,0.8921,0.9834,0.9989,0.7229
728,0.8931,0.717,0.9967,1.0,0.7067
729,0.3299,0.9546,0.9832,0.9934,0.5851
730,0.7568,0.7774,0.9996,1.0,0.1922
731,0.9932,0.5183,0.9994,0.9999,0.5516
732,0.9994,0.6068,0.9986,0.9998,0.4381
733,0.992,0.6503,0.9983,0.9997,0.1397
734,0.8147,0.9537,0.9995,1.0,0.6141
735,0.9985,0.3393,1.0,1.0,0.3861
736,0.9643,0.885,0.9975,0.996,0.1831
737,0.9875,0.9594,0.9988,1.0,0.4252
738,0.1816,0.9299,0.6681,0.991,0.8796
739,0.6427,0.7622,0.9824,0.9998,0.4701
740,0.86,0.8358,0.9945,0.9913,0.8696
741,0.8854,0.9793,0.9989,0.9997,0.6627
742,0.9999,0.5742,0.9997,1.0,0.7233
743,0.9882,0.7472,0.9782,0.986,0.6233
744,0.9989,0.7981,0.9998,0.9996,0.485
745,0.9975,0.9379,0.9886,0.9999,0.2089
746,0.9944,0.4811,0.9999,1.0,0.4669
747,0.996,0.9861,1.0,1.0,0.9476
748,0.894,0.6468,0.9968,1.0,0.1819
749,0.497,0.6675,0.0394,0.3947,0.6237
750,0.9639,0.9877,0.9998,0.9999,0.4524
751,0.9999,0.3328,1.0,1.0,0.9294
752,0.9999,0.7878,0.9995,0.9999,0.3197
753,0.9695,0.8077,1.0,0.9999,0.479
754,0.4293,0.9527,0.9981,0.9933,0.3279
755,0.0855,0.9823,0.7591,0.9224,0.8503
756,0.9793,0.6564,0.9997,0.9936,0.676
757,0.9989,0.9318,1.0,0.9989,0.7893
758,0.9877,0.9316,1.0,1.0,0.7686
759,0.8429,0.752,0.9997,0.9999,0.6935
760,0.9987,0.9365,0.9806,0.9818,0.4248
761,0.0277,0.8854,0.9447,0.998,0.7935
762,0.9894,0.6908,0.9997,0.9996,0.6922
763,0.9977,0.8839,0.9999,1.0,0.6795
764,0.9872,0.9655,1.0,1.0,0.5647
765,0.9974,0.3183,0.9403,0.9253,0.8652
766,0.1008,0.1504,0.275,0.1679,0.211
767,0.3807,0.202,0.9917,0.9347,0.2132
768,0.9814,0.9748,0.982,0.9108,0.8508
769,0.9987,0.4875,1.0,1.0,0.3363
770,0.9996,0.8126,1.0,1.0,0.463
771,0.1548,0.8668,0.7422,0.7579,0.6996
772,0.9965,0.8697,1.0,0.9999,0.4884
773,0.9793,0.7491,0.9909,0.9624,0.7672
774,0.7262,0.7453,0.6127,0.766,0.7426
775,0.9807,0.8315,0.9999,0.9996,0.2321
776,0.999,0.7902,0.9858,0.9507,0.7365
777,0.9985,0.2303,0.9994,0.9904,0.6604
778,0.9811,0.1357,0.9998,1.0,0.1781
779,0.6897,0.9581,0.9999,0.9998,0.3035
780,0.8309,0.2294,1.0,1.0,0.3182
781,0.9918,0.7279,1.0,1.0,0.5349
782,0.9879,0.2941,0.9893,0.9855,0.5986
783,0.765,0.9396,0.9997,0.9999,0.4957
784,0.9895,0.4876,0.9998,0.9993,0.5509
785,0.993,0.845,0.995,0.9965,0.9015
786,0.999,0.502,1.0,1.0,0.3866
787,0.4905,0.9913,0.9944,0.9992,0.662
788,0.6396,0.7689,0.9688,0.9744,0.8407
789,0.9971,0.596,0.9999,0.9998,0.6793
790,0.9008,0.8356,0.999,0.9961,0.5362
791,0.98,0.2216,0.9989,0.999,0.2662
792,0.0652,0.5274,0.6121,0.6811,0.4951
793,0.9514,0.2239,0.9997,0.9999,0.3012
794,0.9737,0.9833,0.9952,0.9871,0.5965
795,0.6821,0.7443,0.9965,0.9925,0.2547
796,0.9997,0.9526,1.0,1.0,0.5424
797,0.9984,0.5878,0.9999,0.9998,0.2247
798,0.9992,0.8933,0.9999,0.9998,0.6287
799,0.2585,0.398,0.0393,0.241,0.735
800,0.5063,0.7367,0.2661,0.5927,0.3773
801,0.546,0.9693,0.9995,0.9985,0.8795
802,0.9965,0.802,0.9996,0.9991,0.2888
803,0.9979,0.9418,1.0,1.0,0.7207
804,0.6644,0.9677,0.9996,0.9978,0.5365
805,0.9973,0.9584,0.9965,0.9985,0.7265
806,0.9993,0.815,0.9991,0.9833,0.6946
807,0.7974,0.9227,0.6557,0.762,0.4242
808,0.881,0.87,0.9964,0.97,0.8072
809,0.8274,0.5782,0.9976,0.9955,0.6415
810,0.9004,0.9259,0.997,0.9999,0.7289
811,0.9999,0.7042,1.0,1.0,0.3454
812,0.9923,0.9704,0.9998,1.0,0.554
813,0.996,0.2587,1.0,1.0,0.6573
814,0.9357,0.6696,1.0,1.0,0.5594
815,0.0163,0.4464,0.9889,0.9987,0.9205
816,0.9992,0.8595,0.9996,0.9997,0.2637
817,0.9994,0.9537,0.9978,0.9982,0.8044
818,0.494,0.0779,0.9926,0.9872,0.2465
819,0.424,0.6149,0.9999,0.9999,0.171
820,0.1567,0.9831,0.9582,0.9918,0.7732
821,0.9977,0.2593,0.9999,1.0,0.2815
822,0.992,0.284,0.9189,0.9425,0.2765
823,0.9222,0.4604,0.9999,1.0,0.6059
824,0.4414,0.9147,0.9781,0.994,0.4571
825,0.0871,0.9664,0.9927,0.9976,0.2529
826,0.9936,0.7341,0.9885,0.9712,0.5104
827,0.5651,0.2283,0.9976,0.9945,0.7732
828,0.9998,0.9689,0.9999,1.0,0.6845
829,0.7642,0.9006,0.99,0.9903,0.8273
830,0.1524,0.9936,0.9684,0.9457,0.8129
831,0.989,0.1806,0.605,0.6244,0.4188
832,0.9965,0.4391,0.9948,0.9979,0.3862
833,0.2611,0.6687,0.9952,0.9966,0.7915
834,0.9106,0.2746,0.9507,0.6773,0.4717
835,0.2916,0.504,0.9368,0.9555,0.2794
836,0.9323,0.8728,0.8448,0.484,0.5311
837,0.9986,0.6957,1.0,1.0,0.6045
838,0.9997,0.3589,1.0,1.0,0.5582
839,0.8025,0.6754,0.9934,0.999,0.6182
840,0.8628,0.9843,0.9996,0.9996,0.6033
841,0.5921,0.9259,0.9995,0.9992,0.6169
842,0.9702,0.9319,1.0,1.0,0.4386
843,0.9367,0.2197,0.9983,0.9997,0.7562
844,0.998,0.9614,1.0,1.0,0.7031
845,0.6568,0.6361,0.9281,0.876,0.2572
846,0.8649,0.8152,1.0,1.0,0.2304
847,0.2467,0.8915,0.9999,1.0,0.6502
848,0.9995,0.9098,1.0,0.9999,0.2987
849,0.9947,0.1561,0.9997,0.9999,0.4707
850,0.9983,0.9556,1.0,1.0,0.7617
851,0.9979,0.9844,0.9625,0.713,0.4384
852,0.9972,0.0978,0.9997,0.9999,0.4799
853,0.9976,0.7141,1.0,1.0,0.5857
854,0.9596,0.9296,0.4487,0.4274,0.9527
855,0.9209,0.296,0.9798,0.9938,0.295
856,0.7261,0.8174,0.9999,0.9996,0.6387
857,0.984,0.8525,0.9967,0.8644,0.5526
858,0.7622,0.8747,0.9833,0.9922,0.3852
859,0.9995,0.9258,1.0,0.9998,0.3272
860,0.9986,0.5475,1.0,0.9999,0.4627
861,0.3414,0.8225,0.9056,0.9542,0.8456
862,0.9936,0.8438,0.9992,0.9998,0.7117
863,0.8641,0.862,0.9824,0.9135,0.7527
864,0.1833,0.91,0.5171,0.3763,0.5326
865,0.9949,0.6998,0.8293,0.5632,0.6607
866,0.1491,0.8168,0.8783,0.9832,0.5967
867,0.8327,0.4951,0.3254,0.6871,0.1801
868,0.8971,0.8822,0.838,0.9969,0.932
869,0.8217,0.7874,0.6128,0.5674,0.2189
870,0.9463,0.9418,0.7252,0.997,0.8601
871,0.9909,0.9309,0.2458,0.4138,0.6994
872,0.3986,0.979,0.5813,0.3956,0.6473
873,0.9768,0.9177,0.4677,0.8347,0.7928
874,0.8736,0.9001,0.2974,0.9649,0.8214
875,0.2893,0.9665,0.3559,0.0284,0.3507
876,0.628,0.9243,0.9244,0.9834,0.7008
877,0.3148,0.6031,0.8165,0.993,0.9239
878,0.0459,0.9559,0.846,0.7546,0.6281
879,0.1808,0.1379,0.733,0.5606,0.8248
880,0.4322,0.7155,0.8663,0.7498,0.4136
881,0.2284,0.7658,0.3755,0.9632,0.9828
882,0.0992,0.9731,0.388,0.5821,0.659
883,0.6188,0.8697,0.2972,0.5592,0.9137
884,0.5941,0.8166,0.9574,0.8058,0.2015
885,0.9995,0.8513,0.5938,0.8142,0.6062
886,0.7628,0.4071,0.2001,0.602,0.1904
887,0.8592,0.3067,0.6452,0.9266,0.6725
888,0.2285,0.6041,0.6546,0.9481,0.9823
889,0.9979,0.4003,0.5795,0.8548,0.6999
890,0.9907,0.8852,0.4686,0.4847,0.5204
891,0.0922,0.7754,0.3554,0.4883,0.2674
892,0.9067,0.6361,0.4449,0.3622,0.3253
893,0.7107,0.8506,0.6872,0.9737,0.9358
894,0.7904,0.504,0.3361,0.6467,0.4465
895,0.0091,0.5204,0.8365,0.6382,0.4726
896,0.9912,0.948,0.7522,0.9961,0.9011
897,0.7559,0.7067,0.7419,0.9701,0.867
898,0.0122,0.721,0.1754,0.1135,0.7667
899,0.9999,0.4615,0.5485,0.9782,0.4318
900,0.05,0.2756,0.1911,0.0508,0.6308
901,0.0852,0.7239,0.4575,0.4647,0.0746
902,0.0053,0.8375,0.2122,0.7274,0.6979
903,0.9809,0.8691,0.1631,0.7454,0.6939
904,0.9981,0.3826,0.6855,0.9767,0.7042
905,0.8992,0.8055,0.5806,0.9332,0.3533
906,0.3611,0.654,0.5144,0.5146,0.553
907,0.0958,0.947,0.6476,0.9654,0.7784
908,0.9629,0.7226,0.3563,0.8604,0.5302
909,0.003,0.9001,0.9469,0.1659,0.8446
910,0.0271,0.7197,0.7106,0.975,0.8514
911,0.9822,0.8674,0.6249,0.7206,0.7528
912,0.6169,0.3974,0.8802,0.9432,0.7317
913,0.1891,0.7086,0.7895,0.8175,0.2784
914,0.9419,0.9413,0.657,0.5571,0.3885
915,0.7045,0.5445,0.2722,0.4934,0.7351
916,0.7928,0.6592,0.4308,0.9844,0.7952
917,0.6988,0.3586,0.1876,0.6951,0.4127
918,0.5324,0.7407,0.4746,0.9499,0.7653
919,0.0719,0.4696,0.598,0.9453,0.392
920,0.8996,0.6978,0.8853,0.777,0.7131
921,0.1315,0.902,0.8771,0.9818,0.7708
922,0.999,0.6297,0.6627,0.98,0.2793
923,0.4437,0.187,0.844,0.9325,0.6937
924,0.8364,0.3653,0.4342,0.1164,0.7995
925,0.0133,0.7778,0.3485,0.2498,0.3787
926,0.9817,0.7813,0.6613,0.8958,0.5235
927,0.9799,0.9419,0.6446,0.0565,0.2658
928,0.0822,0.868,0.4568,0.3335,0.33
929,0.623,0.921,0.2587,0.5596,0.8899
930,0.4361,0.9288,0.7558,0.6729,0.2923
931,0.9588,0.156,0.5256,0.9844,0.757
932,0.1255,0.3832,0.3974,0.0285,0.5182
933,0.3734,0.9916,0.7274,0.9965,0.9502
934,0.8804,0.9189,0.4752,0.7723,0.8888
935,0.6001,0.9612,0.9391,0.7148,0.6651
936,0.6262,0.7279,0.3107,0.7229,0.8069
937,0.7698,0.7343,0.2474,0.7148,0.7258
938,0.6243,0.6421,0.4261,0.5967,0.6699
939,0.9141,0.2124,0.6278,0.7768,0.5198
940,0.6732,0.9821,0.2837,0.3879,0.3798
941,0.3216,0.8799,0.5179,0.0298,0.2564
942,0.9852,0.7759,0.4717,0.3011,0.3065
943,0.9858,0.9853,0.449,0.3048,0.5421
944,0.7826,0.9614,0.4706,0.584,0.2616
945,0.6541,0.2049,0.634,0.9568,0.8811
946,0.9835,0.754,0.6679,0.7026,0.4452
947,0.1481,0.7855,0.4584,0.7025,0.8667
948,0.5344,0.3026,0.8161,0.9375,0.8366
949,0.206,0.9395,0.5953,0.3191,0.1797
950,0.3915,0.8605,0.093,0.0032,0.18
951,0.7629,0.6446,0.5934,0.0092,0.0495
952,0.6022,0.8717,0.6308,0.6899,0.7657
953,0.9974,0.6412,0.1953,0.3191,0.6323
954,0.9979,0.5353,0.5672,0.8266,0.2893
955,0.4975,0.5058,0.8079,0.9852,0.9026
956,0.2534,0.4948,0.668,0.1833,0.2767
957,0.0361,0.6292,0.5314,0.5051,0.3943
958,0.9455,0.5154,0.4113,0.0506,0.3382
959,0.7769,0.7846,0.3254,0.7379,0.58
960,0.9762,0.4054,0.9013,0.8781,0.2483
961,0.9989,0.9782,0.6767,0.9562,0.7754
962,0.4304,0.7646,0.4744,0.5853,0.1853
963,0.9849,0.9842,0.3391,0.4513,0.9253
964,0.9244,0.9066,0.5283,0.678,0.3062
965,0.9971,0.8375,0.8368,0.825,0.664
966,0.8566,0.5314,0.1254,0.2167,0.1937
967,0.9838,0.4647,0.1133,0.7355,0.39
968,0.9827,0.6809,0.2617,0.2462,0.2772
969,0.983,0.3523,0.3684,0.6169,0.2982
970,0.8705,0.8413,0.645,0.5758,0.7053
971,0.368,0.4788,0.4462,0.9226,0.6495
972,0.2097,0.3738,0.218,0.5911,0.7537
973,0.9898,0.4659,0.2392,0.0581,0.0755
974,0.9889,0.3736,0.4912,0.8727,0.611
975,0.0703,0.7445,0.7684,0.7727,0.7815
976,0.1884,0.942,0.4725,0.8768,0.755
977,0.2033,0.6541,0.5406,0.3564,0.5563
978,0.1424,0.2641,0.6906,0.276,0.6992
979,0.9982,0.7723,0.3964,0.8555,0.6743
980,0.0954,0.922,0.9567,0.9238,0.6064
981,0.9743,0.6481,0.7846,0.9495,0.4064
982,0.9995,0.6373,0.9744,0.6269,0.3171
983,0.8925,0.9251,0.9808,0.8625,0.9397
984,0.9993,0.5663,0.8637,0.2457,0.7341
985,0.9993,0.3261,0.8682,0.8907,0.434
986,0.4951,0.4706,0.5383,0.3567,0.6255
987,0.8655,0.9041,0.9846,0.4892,0.4545
988,0.033,0.9011,0.4555,0.1078,0.7356
989,0.095,0.679,0.3898,0.1038,0.035
990,0.0049,0.9635,0.6161,0.2565,0.6089
991,0.9363,0.6177,0.8387,0.9876,0.9867
992,0.0233,0.8158,0.6065,0.9757,0.9293
993,0.8057,0.9648,0.3896,0.6816,0.7552
994,0.6601,0.6704,0.9862,0.9988,0.7589
995,0.9235,0.81,0.9131,0.9214,0.636
996,0.5505,0.377,0.9622,0.941,0.6812
997,0.0134,0.8228,0.0493,0.324,0.3612
998,0.0065,0.9034,0.529,0.1861,0.7731
999,0.0024,0.9309,0.2667,0.3181,0.6868
1000,0.3269,0.4372,0.2194,0.1633,0.5697
1001,0.8505,0.7732,0.4981,0.9236,0.3852
1002,0.9981,0.8993,0.1916,0.0871,0.8018
1003,0.2498,0.8336,0.7776,0.9506,0.9451
1004,0.8511,0.765,0.3156,0.7071,0.3688
1005,0.0976,0.7787,0.9133,0.9428,0.5829
1006,0.9998,0.8311,0.9809,0.9645,0.6474
1007,0.979,0.317,0.0864,0.5543,0.3158
1008,0.1064,0.1671,0.8949,0.0875,0.6001
1009,0.9785,0.0944,0.3419,0.3131,0.8837
1010,0.9977,0.6872,0.6217,0.1909,0.269
1011,0.0088,0.8087,0.0884,0.735,0.9159
1012,0.2277,0.6609,0.2324,0.0168,0.0878
1013,0.1147,0.8854,0.7426,0.8354,0.8481
1014,0.7183,0.2885,0.5834,0.5338,0.0287
1015,0.9938,0.6582,0.8678,0.4058,0.6175
1016,0.9949,0.9595,0.5627,0.733,0.3529
1017,0.9825,0.6492,0.8068,0.0115,0.0022
1018,0.7161,0.7572,0.5666,0.9694,0.716
1019,0.0191,0.4709,0.8328,0.9582,0.9829
1020,0.582,0.7243,0.9612,0.9919,0.8922
1021,0.6883,0.831,0.1066,0.1608,0.8683
1022,0.856,0.4955,0.8966,0.7845,0.1328
1023,0.9855,0.9206,0.9826,0.9806,0.723
1024,0.9365,0.7022,0.491,0.371,0.0884
1025,0.6879,0.8872,0.7411,0.9116,0.6481
1026,0.9357,0.97,0.4296,0.4223,0.5771
1027,0.0088,0.6512,0.6308,0.1448,0.148
1028,0.994,0.456,0.9277,0.1292,0.5747
1029,0.4684,0.6212,0.5172,0.2356,0.1835
1030,0.8258,0.5914,0.2197,0.1023,0.7155
1031,0.9847,0.7026,0.8313,0.0093,0.0143
1032,0.9611,0.9021,0.6445,0.0003,0.497
1033,0.9707,0.478,0.9108,0.8688,0.7691
1034,0.9425,0.474,0.9438,0.9978,0.9895
1035,0.5696,0.8829,0.9351,0.8934,0.5382
1036,0.2825,0.9762,0.8576,0.9515,0.9926
1037,0.0003,0.9073,0.3211,0.2913,0.9085
1038,0.872,0.0482,0.7548,0.4789,0.4339
1039,0.9188,0.843,0.6371,0.9697,0.9835
1040,0.0063,0.8612,0.4834,0.7136,0.9623
1041,0.8359,0.8921,0.4979,0.6487,0.9234
1042,0.0458,0.6274,0.5632,0.4,0.3248
1043,0.1029,0.8408,0.7246,0.9005,0.694
1044,0.9995,0.925,0.4474,0.7008,0.2412
1045,0.9918,0.1943,0.7877,0.8468,0.7011
1046,0.9977,0.7116,0.7829,0.9953,0.9695
1047,0.0266,0.8527,0.4839,0.1803,0.355
1048,0.2064,0.8454,0.4771,0.816,0.4149
1049,0.0088,0.9462,0.8961,0.7319,0.8574
1050,0.9562,0.9372,0.7559,0.0343,0.0833
1051,0.729,0.8181,0.2023,0.0653,0.1419
1052,0.9743,0.24,0.6215,0.8928,0.9415
1053,0.3873,0.7778,0.5542,0.6901,0.4684
1054,0.989,0.4846,0.359,0.4628,0.2484
1055,0.0067,0.382,0.2708,0.282,0.6661
1056,0.9974,0.455,0.669,0.5168,0.2678
1057,0.9787,0.6524,0.5737,0.877,0.1326
1058,0.9784,0.2511,0.4561,0.9774,0.9608
1059,0.741,0.893,0.5313,0.9419,0.9706
1060,0.3368,0.3074,0.267,0.0316,0.0423
1061,0.6078,0.9006,0.3674,0.2243,0.2416
1062,0.9997,0.8256,0.5535,0.9098,0.9862
1063,0.064,0.6038,0.6199,0.9593,0.8821
1064,0.6125,0.8178,0.6031,0.8493,0.6082
1065,0.8447,0.6387,0.4861,0.8536,0.722
1066,0.9608,0.9198,0.6116,0.7616,0.7849
1067,0.3692,0.9846,0.4353,0.6975,0.3623
1068,0.8588,0.5651,0.5013,0.2004,0.4064
1069,0.0961,0.9018,0.6406,0.6469,0.6884
1070,0.9764,0.1834,0.4993,0.7884,0.3731
1071,0.8928,0.0564,0.7173,0.9548,0.9749
1072,0.9596,0.8514,0.3007,0.3694,0.3079
1073,0.9974,0.7449,0.7555,0.7673,0.9455
1074,0.0265,0.9797,0.6158,0.9742,0.8257
1075,0.9485,0.9397,0.5622,0.9127,0.8872
1076,0.9969,0.3821,0.6837,0.767,0.6711
1077,0.5071,0.3054,0.6398,0.821,0.9885
1078,0.9917,0.9094,0.8244,0.9875,0.7259
1079,1.0,0.7678,0.4813,0.5007,0.4211
1080,0.2869,0.8797,0.3921,0.8503,0.9391
1081,0.5408,0.983,0.4428,0.584,0.6077
1082,0.9613,0.8848,0.785,0.1452,0.4832
1083,0.4215,0.9078,0.5593,0.8918,0.9543
1084,0.0938,0.948,0.7874,0.9983,0.9666
1085,0.7832,0.8088,0.3442,0.7052,0.2949
1086,0.4368,0.5989,0.1546,0.6292,0.2409
1087,0.2299,0.7756,0.7933,0.9736,0.9897
1088,0.8009,0.8196,0.6408,0.3812,0.6268
1089,0.6764,0.2966,0.8665,0.9806,0.5287
1090,0.9188,0.8496,0.6018,0.2914,0.0434
1091,0.6719,0.4774,0.8148,0.9607,0.7897
1092,0.8016,0.3921,0.7512,0.9738,0.8863
1093,0.0846,0.6912,0.3735,0.2067,0.2265
1094,0.3623,0.9671,0.5978,0.6297,0.9524
1095,0.5751,0.2102,0.4145,0.1567,0.4754
1096,0.794,0.3432,0.5327,0.0733,0.5692
1097,0.9958,0.1983,0.5181,0.4664,0.2656
1098,0.6273,0.6795,0.2986,0.377,0.8938
1099,0.0835,0.3664,0.8817,0.963,0.8241
1100,0.7775,0.9538,0.8775,0.8804,0.7444
1101,0.9518,0.1826,0.9177,0.991,0.5566
1102,0.5894,0.8488,0.8061,0.93,0.7992
1103,0.4925,0.361,0.2834,0.3123,0.353
1104,0.9851,0.4857,0.7382,0.8013,0.3896
1105,0.9676,0.9527,0.39,0.6446,0.5562
1106,0.2814,0.3306,0.1753,0.7317,0.5973
1107,0.9206,0.3223,0.1715,0.3991,0.5823
1108,0.1566,0.6818,0.6816,0.8643,0.7371
1109,0.0932,0.9534,0.7756,0.1859,0.5973
1110,0.991,0.3857,0.179,0.4627,0.4092
1111,0.69,0.7464,0.1452,0.6967,0.3981
1112,0.3037,0.9663,0.3938,0.7723,0.7002
1113,0.1608,0.4947,0.4837,0.288,0.4924
1114,0.9914,0.7337,0.7473,0.3445,0.7264
1115,0.0066,0.6042,0.6937,0.8015,0.3682
1116,0.9502,0.8997,0.7266,0.4389,0.7808
1117,0.9833,0.4667,0.8054,0.9215,0.3
1118,0.9696,0.5783,0.5937,0.9819,0.4018
1119,0.4419,0.6051,0.8975,0.9384,0.7526
1120,0.9879,0.8528,0.7153,0.9278,0.7482
1121,0.956,0.6418,0.5164,0.9014,0.5827
1122,0.327,0.8954,0.2679,0.1414,0.4091
1123,0.5093,0.4782,0.7508,0.9126,0.8444
1124,0.9911,0.8596,0.4163,0.4776,0.7597
1125,0.9834,0.9733,0.4822,0.8488,0.832
1126,0.9927,0.8963,0.5406,0.8229,0.7676
1127,0.9171,0.9096,0.7398,0.7716,0.6087
1128,0.9749,0.3894,0.4947,0.7967,0.8699
1129,0.021,0.8132,0.5466,0.9009,0.6612
1130,0.9681,0.9922,0.5078,0.7808,0.5905
1131,0.0462,0.9381,0.7506,0.7876,0.3014
1132,0.0582,0.8042,0.4553,0.9909,0.4037
1133,0.9501,0.5944,0.6761,0.8621,0.5946
1134,0.9983,0.9149,0.4864,0.1185,0.1317
1135,0.971,0.7186,0.6499,0.8366,0.9407
1136,0.917,0.8969,0.5355,0.3586,0.3867
1137,0.9941,0.0752,0.917,0.4997,0.9072
1138,0.4798,0.855,0.433,0.7869,0.757
1139,0.9489,0.6734,0.3894,0.3197,0.8227
1140,0.92,0.9775,0.3126,0.4146,0.6903
1141,0.0028,0.4424,0.7268,0.6549,0.5439
1142,0.9851,0.9923,0.4369,0.9046,0.5907
1143,0.1216,0.9354,0.2013,0.7363,0.536
1144,0.4916,0.3162,0.8613,0.8146,0.7847
1145,0.9622,0.9816,0.1218,0.3318,0.3631
1146,0.9952,0.612,0.5931,0.8616,0.5269
1147,0.488,0.8233,0.6754,0.7222,0.3793
1148,0.0477,0.8208,0.5212,0.6382,0.8731
1149,0.8094,0.5902,0.5358,0.6422,0.4491
1150,0.6705,0.6408,0.7447,0.7324,0.5344
1151,0.4165,0.8971,0.9289,0.9474,0.9325
1152,0.8906,0.7249,0.5977,0.9997,0.9504
1153,0.8845,0.9984,0.4208,0.6454,0.3917
1154,0.6665,0.2216,0.4407,0.9352,0.9496
1155,0.9922,0.9824,0.5298,0.9155,0.8858
1156,0.516,0.5573,0.403,0.831,0.4775
1157,0.167,0.9974,0.5135,0.1797,0.281
1158,0.9983,0.9956,0.4599,0.8418,0.6019
1159,0.9965,0.9859,0.453,0.8217,0.2538
1160,0.7522,0.2268,0.7369,0.9839,0.7274
1161,0.8932,0.9995,0.6873,0.545,0.7051
1162,0.0603,0.9733,0.3675,0.5852,0.4119
1163,0.17,0.9929,0.5608,0.1476,0.2658
1164,0.9921,0.4233,0.4565,0.9604,0.2583
1165,0.8368,0.9983,0.4589,0.2341,0.7819
1166,0.5467,0.9993,0.5149,0.9773,0.0609
1167,0.9966,0.9914,0.2941,0.9662,0.6309
1168,0.2537,0.8707,0.6381,0.9123,0.5177
1169,0.5961,0.9892,0.4363,0.9634,0.4241
1170,0.9995,0.9638,0.7719,0.7358,0.4202
1171,0.9969,0.9914,0.567,0.8038,0.1885
1172,0.0819,0.9999,0.4367,0.7573,0.1611
1173,0.9997,0.9922,0.8494,0.9941,0.8963
1174,0.4728,0.7331,0.4452,0.9987,0.8006
1175,0.0253,0.9776,0.5852,0.0995,0.5769
1176,0.9784,0.9981,0.5092,0.9891,0.6986
1177,0.9996,0.9905,0.407,0.954,0.8534
1178,0.9994,0.9895,0.4422,0.9493,0.1205
1179,0.7248,0.9026,0.5882,0.7245,0.2383
1180,0.415,0.937,0.4415,0.2475,0.4435
1181,0.9904,0.3421,0.3819,0.1458,0.2492
1182,0.9557,0.6929,0.5317,0.1466,0.2915
1183,0.3422,0.8325,0.6937,0.8159,0.5224
1184,0.9963,0.995,0.3918,0.9843,0.8537
1185,0.9044,0.729,0.4121,0.9448,0.7033
1186,0.0061,0.7067,0.3943,0.1774,0.8924
1187,0.5632,0.7625,0.4432,0.9407,0.7948
1188,0.5904,0.9181,0.9142,0.5198,0.5478
1189,0.857,0.9992,0.6059,0.2856,0.5055
1190,0.5513,0.9814,0.5982,0.7614,0.4298
1191,0.9824,0.9361,0.3912,0.8067,0.5135
1192,0.9972,0.9456,0.6515,0.0385,0.5993
1193,0.9988,0.9789,0.4245,0.0966,0.3751
1194,0.6116,0.6457,0.3373,0.9227,0.2897
1195,0.9966,0.9685,0.6305,0.3566,0.3232
1196,0.9995,0.055,0.5599,0.5743,0.3892
1197,0.6359,0.9957,0.4655,0.7181,0.457
1198,0.0253,0.9922,0.4449,0.9566,0.9302
1199,0.8472,0.999,0.3421,0.0145,0.8988
1200,0.9533,0.999,0.5759,0.9358,0.7177
1201,0.8732,0.9893,0.6908,0.8339,0.4389
1202,0.6818,0.9993,0.6511,0.9898,0.6821
1203,0.9987,0.9964,0.3088,0.5312,0.2899
1204,0.6321,0.9868,0.5552,0.2757,0.5995
1205,0.246,0.9976,0.404,0.2023,0.4342
1206,0.9979,0.9782,0.6223,0.3609,0.5305
1207,0.9761,0.8613,0.5506,0.0262,0.3728
1208,0.9757,0.9713,0.5262,0.715,0.4908
1209,0.0481,0.9983,0.6262,0.9741,0.597
1210,0.9999,0.9859,0.5622,0.6312,0.6879
1211,0.9999,0.9929,0.6574,0.9515,0.8064
1212,0.0833,0.5419,0.3385,0.3714,0.7071
1213,0.8675,0.9981,0.7085,0.864,0.6594
1214,0.9992,0.9932,0.6834,0.9727,0.6842
1215,0.9994,0.9662,0.5395,0.1201,0.5527
1216,0.9992,0.8719,0.2412,0.1285,0.3704
1217,0.1874,0.8837,0.54,0.768,0.4799
1218,0.9663,0.99,0.5028,0.7999,0.4144
1219,0.9971,0.9087,0.5995,0.8872,0.744
1220,0.7066,0.308,0.4413,0.7857,0.812
1221,0.9996,0.6823,0.5604,0.8507,0.6965
1222,0.997,0.9549,0.5206,0.6861,0.3038
1223,0.0036,0.9913,0.6083,0.9379,0.5849
1224,1.0,0.9982,0.666,0.9732,0.6918
1225,0.9998,0.9892,0.8071,0.8191,0.4274
1226,0.9987,0.9159,0.6466,0.512,0.5415
1227,0.8391,0.9261,0.5535,0.701,0.7581
1228,0.9889,0.9882,0.6419,0.9434,0.5518
1229,1.0,0.9768,0.51,0.0573,0.2761
1230,0.7022,0.6091,0.2459,0.1981,0.2249
1231,0.6572,0.6989,0.5582,0.8933,0.808
1232,0.9996,0.9729,0.2529,0.2675,0.208
1233,0.0766,0.9815,0.5464,0.3988,0.4483
1234,0.9843,0.3871,0.6668,0.9165,0.6228
1235,0.9995,0.9824,0.4585,0.1297,0.3619
1236,0.911,0.9767,0.4155,0.6152,0.278
1237,0.1707,0.8814,0.5825,0.1958,0.6423
1238,0.0623,0.8324,0.6179,0.7818,0.3879
1239,0.0054,0.1484,0.4722,0.124,0.2691
1240,0.2465,0.9782,0.5763,0.8185,0.4795
1241,0.9175,0.9853,0.4338,0.875,0.7805
1242,0.9987,0.9832,0.4706,0.8767,0.9096
1243,0.4711,0.9973,0.4579,0.9629,0.5176
1244,0.8864,0.2828,0.4115,0.7929,0.4904
1245,0.9995,0.9567,0.7325,0.482,0.4546
1246,0.9955,0.9861,0.4931,0.9047,0.8363
1247,0.5563,0.999,0.5843,0.3902,0.1183
1248,0.6513,0.8986,0.7712,0.9291,0.8074
1249,0.9998,0.9876,0.4136,0.5368,0.7548
1250,0.8386,0.957,0.4753,0.2842,0.1753
1251,0.999,0.9908,0.4514,0.4396,0.3954
1252,0.9936,0.8809,0.2329,0.3328,0.1329
1253,0.9981,0.9545,0.4768,0.147,0.2697
1254,0.4592,0.9046,0.6489,0.402,0.4759
1255,0.6964,0.996,0.4514,0.4553,0.1278
1256,0.0229,0.829,0.3904,0.7748,0.6364
1257,0.9389,0.7332,0.422,0.888,0.3364
1258,1.0,0.8718,0.3276,0.6635,0.5682
1259,0.6805,0.9829,0.6901,0.9471,0.6526
1260,0.9906,0.7737,0.5354,0.408,0.599
1261,0.9876,0.9724,0.3988,0.6026,0.7449
1262,0.9951,0.9909,0.4311,0.5844,0.7524
1263,0.8724,0.9961,0.6816,0.8156,0.8698
1264,1.0,0.9987,0.7538,0.6974,0.592
1265,0.9799,0.9645,0.5221,0.4356,0.3602
1266,0.278,0.9765,0.5964,0.2569,0.3101
1267,0.5404,0.9951,0.5032,0.6095,0.3838
1268,0.9814,0.9163,0.1479,0.0169,0.4938
1269,0.9918,0.6011,0.7599,0.7663,0.817
1270,0.3671,0.9997,0.6341,0.3571,0.6851
1271,0.752,0.9893,0.476,0.9677,0.2009
1272,0.8829,0.9891,0.5288,0.9822,0.4573
1273,0.9828,0.1081,0.2031,0.287,0.2392
1274,0.0016,0.8871,0.746,0.6593,0.665
1275,1.0,0.9862,0.8747,0.998,0.6921
1276,0.9998,0.9001,0.4919,0.2108,0.5366
1277,0.8877,0.7531,0.7173,0.9729,0.742
1278,0.9994,0.9901,0.2881,0.0016,0.3828
1279,0.9963,0.942,0.3044,0.5343,0.3781
1280,1.0,0.937,0.1403,0.6793,0.1644
1281,0.5876,0.9959,0.6627,0.8134,0.6966
1282,0.9995,0.983,0.2448,0.3341,0.3561
1283,0.999,0.7756,0.7683,0.87,0.6889
1284,0.0193,0.9503,0.5175,0.3195,0.4487
1285,0.9807,0.9819,0.6583,0.4709,0.5707
1286,0.995,0.9779,0.7543,0.7269,0.6796
1287,0.9998,0.9576,0.7678,0.9762,0.7648
1288,0.9999,0.9732,0.4983,0.9136,0.4949
1289,0.9931,0.9951,0.6625,0.9995,0.7567
1290,0.9115,0.9701,0.7068,0.9989,0.7514
1291,0.9356,0.6457,0.4141,0.7551,0.5981
1292,0.9871,0.9624,0.5465,0.8985,0.6354
1293,1.0,0.9061,0.3741,0.7089,0.5155
1294,0.5508,0.9328,0.6036,0.8299,0.6832
1295,0.9999,0.9762,0.6903,0.7695,0.569
1296,1.0,0.929,0.3997,0.9156,0.4384
1297,0.9986,0.9787,0.1861,0.0701,0.2193
1298,0.9926,0.9907,0.696,0.7703,0.7285
1299,0.3366,0.9354,0.3907,0.5999,0.3817
1300,0.9998,0.9626,0.6369,0.9932,0.4816
1301,0.7359,0.8267,0.5231,0.0317,0.1569
1302,0.9528,0.997,0.4607,0.2871,0.4213
1303,0.9637,0.5584,0.548,0.7231,0.5732
1304,0.999,0.9961,0.5416,0.5945,0.6522
1305,0.9205,0.9882,0.3694,0.642,0.3694
1306,0.9983,0.9995,0.507,0.1272,0.2066
1307,0.9995,0.5921,0.6566,0.6053,0.7429
1308,0.027,0.9872,0.6325,0.3824,0.5955
1309,0.0714,0.98,0.7272,0.1503,0.5508
1310,0.0022,0.9991,0.5686,0.8207,0.4319
1311,0.2854,0.7334,0.5456,0.6452,0.2919
1312,0.9997,0.9981,0.6322,0.7564,0.4267
1313,0.9902,0.8941,0.4753,0.4353,0.7076
1314,0.9399,0.9868,0.4003,0.7294,0.795
1315,0.9327,0.936,0.6832,0.4023,0.568
1316,0.9887,0.7348,0.395,0.7984,0.4855
1317,0.593,0.899,0.6885,0.8613,0.4945
1318,0.8237,0.9731,0.7178,0.6945,0.6675
1319,0.9904,0.9929,0.6191,0.9589,0.565
1320,0.8395,0.7439,0.4057,0.6934,0.6104
1321,0.9974,0.9132,0.6389,0.7531,0.8107
1322,0.0509,0.9972,0.4099,0.822,0.5064
1323,1.0,0.8005,0.4138,0.1065,0.6946
1324,0.9909,0.944,0.5647,0.5867,0.4927
1325,0.9362,0.9546,0.3541,0.7505,0.2748
1326,0.9978,0.9925,0.6434,0.9034,0.5854
1327,0.0474,0.8908,0.3445,0.8353,0.7136
1328,0.909,0.9994,0.6313,0.5904,0.6823
1329,0.516,0.9953,0.3198,0.9036,0.6223
1330,0.2188,0.8936,0.8833,0.8029,0.506
1331,0.757,0.9995,0.6074,0.7576,0.3565
1332,0.9736,0.9989,0.2986,0.3314,0.2857
1333,0.2555,0.9511,0.3617,0.4803,0.1851
1334,0.9968,0.2786,0.5133,0.0852,0.3176
1335,0.8884,0.9887,0.5121,0.4258,0.2873
1336,1.0,0.9986,0.4662,0.8183,0.3782
1337,0.9509,0.9988,0.5805,0.7865,0.5626
1338,0.9996,0.8904,0.2836,0.3872,0.325
1339,1.0,0.5598,0.641,0.4632,0.4985
1340,0.9999,0.9934,0.3713,0.0687,0.2053
1341,0.9999,0.9949,0.4576,0.8382,0.6407
1342,0.9911,0.8866,0.3254,0.3565,0.2474
1343,0.9485,0.9422,0.559,0.7339,0.8078
1344,0.0753,0.9962,0.2386,0.2107,0.2701
1345,0.891,0.9939,0.4681,0.6214,0.7655
1346,0.4987,0.944,0.571,0.0232,0.2776
1347,0.9998,0.9988,0.5213,0.7523,0.4512
1348,0.8477,0.5932,0.7013,0.7696,0.895
1349,0.9732,0.9334,0.3376,0.1851,0.3684
1350,0.8513,0.8824,0.4322,0.1513,0.4146
1351,1.0,0.8908,0.6608,0.8701,0.901
1352,0.9534,0.8388,0.3808,0.6768,0.5235
1353,1.0,0.9937,0.5951,0.4238,0.5668
1354,0.9982,0.9893,0.5829,0.7333,0.6992
1355,0.9922,0.7803,0.1661,0.1215,0.3708
1356,0.0041,0.9977,0.6545,0.6283,0.5481
1357,0.9878,0.9503,0.5292,0.3883,0.7358
1358,0.9996,0.8936,0.7092,0.5301,0.5174
1359,0.935,0.944,0.4321,0.5965,0.722
1360,0.8924,0.9987,0.499,0.9429,0.6199
1361,0.9999,0.9999,0.1312,0.8728,0.8651
1362,0.1193,0.8547,0.6961,0.4,0.5837
1363,0.9985,0.9916,0.5061,0.5847,0.4939
1364,0.0288,0.9959,0.5566,0.9443,0.7215
1365,0.922,0.9469,0.7169,0.4495,0.4628
1366,0.143,0.9731,0.7758,0.9352,0.8387
1367,0.5281,0.9554,0.6005,0.7686,0.3502
1368,0.9997,0.9253,0.2481,0.2184,0.2938
1369,0.987,0.9933,0.5527,0.7011,0.7845
1370,0.9999,0.9892,0.6561,0.867,0.8208
1371,0.9998,0.9894,0.3876,0.6182,0.3382
1372,0.969,0.9835,0.6877,0.6583,0.4086
1373,0.7846,0.9823,0.5428,0.617,0.4997
1374,0.9671,0.9242,0.4046,0.7794,0.7532
1375,0.9998,0.9405,0.7527,0.8665,0.7926
1376,0.9674,0.9283,0.6564,0.2244,0.7443
1377,0.5888,0.9807,0.8109,0.962,0.8511
1378,0.9994,0.1819,0.4458,0.693,0.6023
1379,0.9388,0.9061,0.5244,0.5439,0.228
1380,0.9972,0.912,0.459,0.2018,0.3287
1381,0.9998,0.9816,0.5892,0.5917,0.6243
1382,0.9996,0.984,0.5445,0.8695,0.4172
1383,0.8581,0.9989,0.5433,0.5628,0.5096
1384,0.8254,0.0177,0.3915,0.7096,0.7606
1385,0.9995,0.0023,0.9497,0.8552,0.7693
1386,0.3197,0.9655,0.2598,0.4919,0.5248
1387,0.9947,0.9977,0.0634,0.126,0.0338
1388,0.9999,0.9939,0.4746,0.1015,0.5203
1389,0.9686,0.9802,0.3633,0.6103,0.4532
1390,0.9996,0.9849,0.2141,0.8597,0.6414
1391,0.9938,0.9995,0.584,0.3306,0.3689
1392,0.9624,0.8928,0.6856,0.4334,0.5734
1393,0.9989,0.9746,0.2873,0.7565,0.5545
1394,1.0,0.9959,0.3035,0.459,0.2844
1395,1.0,0.9979,0.9329,0.892,0.3693
1396,0.9999,0.996,0.2542,0.7731,0.4839
1397,0.9999,0.7934,0.6401,0.5622,0.6619
1398,0.9993,0.9928,0.3087,0.3444,0.2261
1399,0.9993,0.9951,0.3691,0.7503,0.7198
1400,0.9479,0.9788,0.304,0.5772,0.4231
1401,0.9623,0.8522,0.4809,0.7996,0.3756
1402,0.9999,0.9981,0.6598,0.9354,0.682
1403,0.8846,0.9995,0.6435,0.47,0.7302
1404,0.9925,0.9677,0.4676,0.5938,0.2974
1405,0.9988,0.9785,0.6435,0.322,0.2211
1406,0.7373,0.9947,0.6296,0.2024,0.754
1407,0.0546,0.9995,0.4101,0.5189,0.6791
1408,0.9998,0.9964,0.5755,0.7654,0.7944
1409,0.865,0.9994,0.3655,0.3416,0.4221
1410,0.9998,0.9971,0.4964,0.7246,0.6299
1411,0.7433,0.966,0.9918,0.969,0.9515
1412,0.9998,0.9989,0.4259,0.7093,0.7932
1413,0.1067,0.6789,0.6867,0.1402,0.5484
1414,0.372,0.4282,0.4926,0.8726,0.5675
1415,1.0,0.9913,0.3571,0.6368,0.449
1416,0.3136,0.762,0.4187,0.1828,0.4619
1417,0.8967,0.9981,0.8185,0.5533,0.3877
1418,0.6443,0.9205,0.6434,0.5716,0.3911
1419,0.9813,0.9886,0.6607,0.1485,0.5205
1420,0.9885,0.9528,0.6789,0.3382,0.4327
1421,0.3172,0.5566,0.4765,0.1614,0.3519
1422,0.9783,0.9506,0.3991,0.5138,0.6281
1423,0.9998,0.953,0.3527,0.3442,0.4814
1424,0.9134,0.976,0.3935,0.5903,0.3595
1425,0.9999,0.9992,0.6967,0.3525,0.4035
1426,0.9193,0.992,0.6166,0.763,0.395
1427,0.5712,0.1751,0.9592,0.6053,0.7436
1428,0.9986,0.9982,0.688,0.8322,0.7684
1429,0.1803,0.9663,0.5898,0.3165,0.3972
1430,0.4727,0.0111,0.272,0.0148,0.1119
1431,0.3416,0.9989,0.8788,0.3372,0.5432
1432,0.8941,0.974,0.4395,0.4863,0.4411
1433,0.08,0.7295,0.3673,0.605,0.3279
1434,0.056,0.9995,0.7399,0.3056,0.6698
1435,1.0,0.4991,0.8668,0.4827,0.8273
1436,0.9977,0.8951,0.5909,0.3529,0.5053
1437,0.6519,0.9651,0.4188,0.0887,0.2639
1438,0.4214,0.9981,0.4464,0.4704,0.5579
1439,0.9967,0.9394,0.7346,0.8378,0.4545
1440,0.9146,0.2585,0.4265,0.4665,0.3908
1441,0.006,0.3556,0.7447,0.586,0.7574
1442,0.1058,0.6308,0.4875,0.4587,0.1807
1443,0.9485,0.853,0.6884,0.5924,0.6004
1444,0.967,0.841,0.597,0.7389,0.6039
1445,0.6909,0.621,0.7668,0.5144,0.3147
1446,0.06,0.5863,0.533,0.6283,0.5288
1447,0.9235,0.9367,0.3879,0.6422,0.6518
1448,0.6801,0.7012,0.4286,0.5261,0.2632
1449,0.998,0.749,0.7392,0.5969,0.451
1450,0.8078,0.4955,0.5917,0.6267,0.7235
1451,0.092,0.8608,0.3917,0.4742,0.546
1452,0.2022,0.9432,0.6198,0.6166,0.5582
1453,0.9995,0.9352,0.7199,0.6969,0.6043
1454,0.5872,0.6599,0.56,0.6719,0.6625
1455,0.2444,0.1904,0.6969,0.5381,0.806
1456,0.7381,0.4405,0.5533,0.5755,0.5203
1457,0.6489,0.8692,0.3831,0.3141,0.4897
1458,0.7708,0.8519,0.3327,0.3727,0.9137
1459,0.7869,0.6741,0.6666,0.6953,0.268
1460,0.999,0.9246,0.7188,0.7552,0.6217
1461,0.5907,0.6949,0.5967,0.4937,0.7264
1462,0.5369,0.3708,0.3317,0.2415,0.3604
1463,0.6491,0.4415,0.4597,0.4564,0.7667
1464,0.9271,0.8284,0.6803,0.6703,0.6504
1465,0.9422,0.9147,0.3255,0.2215,0.5456
1466,0.9654,0.0559,0.736,0.7805,0.5136
1467,0.7945,0.8069,0.7836,0.6762,0.8069
1468,0.9639,0.6978,0.231,0.1963,0.5865
1469,0.1873,0.3481,0.5759,0.6651,0.6126
1470,0.9935,0.2688,0.4225,0.5887,0.6365
1471,0.8122,0.3854,0.2921,0.2715,0.6358
1472,0.7343,0.1409,0.3561,0.367,0.1745
1473,0.0178,0.2025,0.1365,0.1134,0.4347
1474,0.9046,0.8879,0.7277,0.5505,0.7178
1475,0.4888,0.9265,0.8049,0.9041,0.9619
1476,0.9166,0.9701,0.6183,0.8939,0.8886
1477,0.9363,0.1494,0.47,0.4144,0.632
1478,0.9381,0.7775,0.7045,0.792,0.8491
1479,0.2167,0.4324,0.1773,0.2208,0.3045
1480,0.1111,0.9035,0.5054,0.3648,0.1489
1481,0.1902,0.3814,0.6625,0.6381,0.7289
1482,0.6878,0.8447,0.3877,0.5226,0.5921
1483,0.9936,0.9039,0.3536,0.2102,0.1037
1484,0.8217,0.9052,0.8105,0.8217,0.8628
1485,0.0201,0.8893,0.4942,0.6355,0.7772
1486,0.9999,0.9694,0.6766,0.63,0.7952
1487,0.3122,0.8502,0.2396,0.2488,0.1126
1488,0.1701,0.8705,0.5322,0.5359,0.5417
1489,0.0023,0.3851,0.4163,0.4582,0.3836
1490,0.0761,0.2108,0.2825,0.3683,0.1704
1491,0.9376,0.1822,0.6642,0.7435,0.4618
1492,0.9437,0.3935,0.646,0.5961,0.2348
1493,0.2497,0.2886,0.5702,0.3824,0.831
1494,0.0494,0.577,0.5427,0.7681,0.6563
1495,0.9371,0.1252,0.5738,0.6192,0.6373
1496,0.2825,0.7662,0.4056,0.4266,0.3997
1497,0.9325,0.2624,0.6597,0.6461,0.5951
1498,0.967,0.7758,0.5903,0.5819,0.8208
1499,0.4592,0.9298,0.6744,0.6139,0.4669
1500,0.1611,0.9022,0.6608,0.8383,0.5646
1501,0.8524,0.0808,0.271,0.0468,0.2933
1502,0.7608,0.9603,0.7017,0.1319,0.5124
1503,0.9786,0.3977,0.3815,0.1878,0.6641
1504,0.0016,0.5316,0.4236,0.4628,0.4408
1505,0.4497,0.8478,0.369,0.7936,0.9075
1506,0.9722,0.9533,0.4202,0.6418,0.7173
1507,0.8891,0.935,0.633,0.9798,0.8286
1508,0.0298,0.2259,0.7087,0.377,0.5543
1509,0.7593,0.3286,0.6708,0.7253,0.5722
1510,0.1716,0.9874,0.3751,0.4307,0.2946
1511,0.9362,0.8086,0.5056,0.5303,0.5234
1512,0.3356,0.8018,0.5676,0.389,0.5095
1513,0.897,0.9907,0.57,0.9028,0.7322
1514,0.1379,0.9676,0.5613,0.7948,0.5001
1515,0.7612,0.6827,0.7662,0.31,0.5914
1516,0.9226,0.9612,0.5894,0.851,0.7458
1517,0.5107,0.7497,0.6684,0.1904,0.1621
1518,0.2708,0.9579,0.5783,0.6515,0.751
1519,0.298,0.2581,0.6901,0.4593,0.355
1520,0.3078,0.9182,0.4677,0.9443,0.7807
1521,0.6466,0.6639,0.3306,0.2107,0.3291
1522,0.7834,0.1368,0.4255,0.8081,0.5818
1523,0.1686,0.6598,0.3928,0.5763,0.5349
1524,0.9764,0.8229,0.7624,0.5096,0.4629
1525,0.7378,0.9834,0.4417,0.8773,0.9084
1526,0.8475,0.7939,0.3865,0.5667,0.6534
1527,0.5515,0.2024,0.6722,0.3331,0.1946
1528,0.7906,0.0327,0.4931,0.3438,0.2793
1529,0.6097,0.9384,0.3455,0.5184,0.4943
1530,0.0199,0.8873,0.375,0.1461,0.2349
1531,0.639,0.4074,0.4742,0.3727,0.3347
1532,0.9962,0.6235,0.7444,0.3461,0.7429
1533,0.9896,0.2339,0.7283,0.403,0.519
1534,0.4337,0.6628,0.5387,0.5753,0.644
1535,0.892,0.8948,0.445,0.8565,0.6821
1536,0.2941,0.6203,0.5162,0.9053,0.7076
1537,0.2778,0.9538,0.5906,0.3658,0.2694
1538,0.0084,0.9929,0.867,0.9103,0.7787
1539,0.9771,0.9585,0.3562,0.3673,0.5035
1540,0.7248,0.965,0.4818,0.7298,0.6556
1541,0.5314,0.045,0.5885,0.8072,0.623
1542,0.3417,0.5835,0.7254,0.5128,0.5683
1543,0.6447,0.7798,0.6327,0.8826,0.7995
1544,0.3239,0.1276,0.4194,0.3574,0.6674
1545,0.6249,0.0622,0.6706,0.5726,0.8001
1546,0.9892,0.8602,0.2859,0.5864,0.4686
1547,0.0787,0.9889,0.6708,0.7008,0.7909
1548,0.9967,0.8228,0.4929,0.6445,0.5754
1549,0.3563,0.1561,0.8725,0.9376,0.8241
1550,0.6459,0.5391,0.3647,0.1697,0.1734
1551,0.7313,0.5593,0.4089,0.454,0.6682
1552,0.7402,0.6704,0.3209,0.7886,0.6482
1553,0.0514,0.3904,0.6711,0.8376,0.3805
1554,0.6248,0.9128,0.336,0.6776,0.3669
1555,0.8586,0.6845,0.5914,0.6322,0.561
1556,0.3837,0.0128,0.4953,0.9458,0.9222
1557,0.7415,0.9575,0.7131,0.7265,0.6897
1558,0.7416,0.9822,0.5114,0.605,0.7447
1559,0.971,0.8839,0.4902,0.4891,0.1032
1560,0.9835,0.9199,0.4551,0.086,0.5261
1561,0.3997,0.1561,0.7199,0.0895,0.179
1562,0.0299,0.8637,0.6889,0.4957,0.6628
1563,0.8779,0.9056,0.5706,0.6101,0.5168
1564,0.4524,0.6547,0.6895,0.6317,0.8128
1565,0.9319,0.5994,0.8646,0.7427,0.4453
1566,0.9457,0.5987,0.439,0.5411,0.6709
1567,0.9991,0.4788,0.4262,0.6948,0.717
1568,0.937,0.7846,0.5744,0.6012,0.3049
1569,0.2839,0.9621,0.4555,0.3495,0.1482
1570,0.0277,0.9328,0.4167,0.7969,0.6545
1571,0.1403,0.363,0.3518,0.1632,0.295
1572,0.0096,0.6062,0.4957,0.4278,0.444
1573,0.9915,0.3334,0.4279,0.8078,0.5862
1574,0.4378,0.9152,0.6437,0.322,0.345
1575,0.9969,0.9666,0.571,0.7825,0.3254
1576,0.1054,0.5485,0.6015,0.1717,0.256
1577,0.2904,0.971,0.426,0.715,0.5273
1578,0.2147,0.1903,0.2132,0.4198,0.5104
1579,0.6202,0.5966,0.7655,0.6801,0.5289
1580,0.9578,0.3988,0.6708,0.7408,0.548
1581,0.788,0.9083,0.6584,0.8778,0.4785
1582,0.9786,0.887,0.475,0.0652,0.3305
1583,0.3756,0.432,0.7519,0.7395,0.5587
1584,0.9893,0.8377,0.5056,0.5514,0.6118
1585,0.981,0.9718,0.7951,0.4833,0.3083
1586,0.0355,0.9087,0.4466,0.7343,0.4815
1587,0.496,0.5152,0.7803,0.5417,0.5429
1588,0.1316,0.8094,0.6951,0.7566,0.4572
1589,0.007,0.9414,0.7637,0.5324,0.9172
1590,0.7301,0.482,0.6046,0.3878,0.2448
1591,0.8346,0.0734,0.6912,0.7567,0.7296
1592,0.9949,0.9707,0.3928,0.636,0.3726
1593,0.7029,0.6307,0.6137,0.4074,0.3466
1594,0.5848,0.9144,0.5327,0.5673,0.5702
1595,0.0704,0.0847,0.6188,0.7542,0.6051
1596,0.0339,0.1251,0.339,0.3033,0.352
1597,0.3652,0.8648,0.6953,0.5346,0.3771
1598,0.7651,0.9707,0.4204,0.4975,0.7403
1599,0.065,0.1943,0.6637,0.6502,0.3408
1600,0.1318,0.3765,0.5541,0.2237,0.2756
1601,0.998,0.7308,0.7843,0.8235,0.7221
1602,0.9999,0.9541,0.4198,0.9362,0.3839
1603,0.7718,0.3013,0.4282,0.5721,0.3407
1604,0.9933,0.9581,0.4622,0.8163,0.6378
1605,0.7276,0.6969,0.5436,0.2292,0.3695
1606,0.002,0.8404,0.5928,0.8439,0.5924
1607,0.0672,0.9833,0.4318,0.2762,0.5617
1608,0.552,0.4413,0.5516,0.9744,0.821
1609,0.1253,0.9741,0.5382,0.6525,0.3885
1610,0.5595,0.8599,0.5769,0.2598,0.3021
1611,0.9084,0.9356,0.2698,0.6114,0.555
1612,0.1081,0.058,0.7084,0.7635,0.4985
1613,0.6137,0.951,0.4,0.4751,0.5105
1614,0.6523,0.0936,0.8725,0.4031,0.7251
1615,0.9945,0.9867,0.5942,0.9422,0.3204
1616,0.926,0.939,0.3462,0.6829,0.2932
1617,1.0,0.6196,0.8341,0.4849,0.7693
1618,0.9909,0.6844,0.911,0.5033,0.5292
1619,0.1978,0.9626,0.8729,0.7683,0.7178
1620,0.9715,0.9701,0.9567,0.8387,0.7086
1621,0.5887,0.3407,0.4184,0.4367,0.3859
1622,0.051,0.9848,0.8866,0.3291,0.5715
1623,0.9238,0.9298,0.9069,0.8136,0.4751
1624,0.0287,0.9712,0.5542,0.8918,0.5392
1625,0.0393,0.6914,0.024,0.1413,0.5734
1626,0.2165,0.9592,0.763,0.2662,0.3778
1627,0.9659,0.2479,0.7323,0.7688,0.5848
1628,0.9803,0.81,0.5982,0.657,0.7421
1629,0.9488,0.9755,0.8522,0.8485,0.6045
1630,0.9898,0.9284,0.9973,0.7263,0.4329
1631,0.977,0.7451,0.7636,0.4622,0.7125
1632,0.4751,0.4209,0.1999,0.3605,0.4609
1633,0.0939,0.9501,0.1139,0.7839,0.3404
1634,0.2572,0.977,0.3482,0.5215,0.4555
1635,0.1548,0.6272,0.4214,0.7279,0.8371
1636,0.9987,0.81,0.7743,0.3792,0.5922
1637,0.9508,0.9077,0.7368,0.903,0.5584
1638,0.9641,0.7766,0.6032,0.3606,0.3968
1639,0.1272,0.5735,0.7125,0.1809,0.557
1640,0.2418,0.697,0.9846,0.4815,0.4869
1641,0.9799,0.4637,0.358,0.4785,0.4791
1642,0.9448,0.6567,0.7468,0.575,0.5132
1643,0.4498,0.954,0.655,0.6185,0.67
1644,0.5059,0.069,0.2789,0.43,0.4007
1645,0.3077,0.8935,0.1276,0.1007,0.5413
1646,0.6363,0.9582,0.3016,0.4057,0.4237
1647,0.9635,0.9232,0.4743,0.2767,0.7187
1648,0.9999,0.8949,0.8953,0.537,0.3725
1649,0.9886,0.9234,0.8837,0.9724,0.6409
1650,0.1085,0.5299,0.8931,0.7431,0.8798
1651,0.5735,0.9665,0.5791,0.8084,0.8413
1652,0.8852,0.6076,0.5254,0.7242,0.6146
1653,0.4655,0.7362,0.8254,0.7642,0.6216
1654,0.1394,0.8062,0.7919,0.7758,0.7825
1655,0.5131,0.079,0.7444,0.8221,0.4172
1656,0.74,0.9357,0.1878,0.7569,0.6211
1657,0.7528,0.9305,0.5722,0.5869,0.631
1658,0.1022,0.3346,0.7964,0.3802,0.32
1659,0.63,0.3328,0.6603,0.4924,0.6718
1660,0.0826,0.7911,0.1513,0.445,0.6181
1661,0.336,0.5285,0.615,0.5674,0.5876
1662,0.9996,0.9872,0.3441,0.7473,0.3124
1663,0.4577,0.4624,0.221,0.4605,0.3376
1664,0.055,0.1742,0.012,0.3822,0.525
1665,0.6597,0.9445,0.8303,0.7293,0.3458
1666,0.9821,0.9196,0.647,0.4847,0.5591
1667,0.745,0.8882,0.9792,0.8746,0.5825
1668,0.1609,0.9077,0.5977,0.5005,0.4649
1669,0.1192,0.0931,0.1285,0.2423,0.3955
1670,0.8385,0.3231,0.881,0.623,0.5916
1671,0.6348,0.6379,0.3477,0.2018,0.2808
1672,0.9559,0.776,0.9317,0.9093,0.7276
1673,0.1792,0.3477,0.906,0.9837,0.8392
1674,0.3404,0.9621,0.414,0.2817,0.1196
1675,0.9476,0.9409,0.8088,0.9915,0.8964
1676,0.107,0.9599,0.7079,0.8512,0.7546
1677,0.9664,0.0937,0.4208,0.4512,0.5985
1678,0.7972,0.5746,0.4594,0.6463,0.7439
1679,0.8668,0.8502,0.8975,0.9934,0.7267
1680,0.2281,0.4812,0.5144,0.9298,0.9156
1681,0.0984,0.5309,0.1562,0.1698,0.4901
1682,0.3347,0.8541,0.7338,0.7673,0.4263
1683,0.3261,0.9792,0.6703,0.754,0.255
1684,0.82,0.5609,0.8636,0.9763,0.6286
1685,0.0489,0.8095,0.8427,0.8877,0.6293
1686,0.9444,0.9037,0.7103,0.9869,0.8675
1687,0.8115,0.2957,0.6447,0.4042,0.1648
1688,0.032,0.7509,0.4272,0.6565,0.422
1689,0.8093,0.8793,0.6658,0.7357,0.3471
1690,0.7398,0.7643,0.8657,0.4592,0.235
1691,0.5577,0.9786,0.2747,0.2598,0.4539
1692,0.9665,0.7299,0.8088,0.701,0.5151
1693,0.5193,0.9401,0.46,0.8765,0.748
1694,0.5132,0.2168,0.1617,0.0452,0.2811
1695,0.0196,0.6265,0.159,0.1047,0.7055
1696,0.1737,0.9513,0.8239,0.8744,0.711
1697,0.2103,0.8866,0.8123,0.7403,0.7353
1698,0.7981,0.7112,0.4718,0.6328,0.4502
1699,0.6941,0.1911,0.9468,0.9815,0.7596
1700,0.2617,0.8672,0.8728,0.911,0.5672
1701,0.2443,0.9034,0.3423,0.8183,0.8313
1702,0.0366,0.8108,0.5301,0.6191,0.3237
1703,0.1377,0.7187,0.7402,0.8651,0.7675
1704,0.94,0.8121,0.633,0.7054,0.2226
1705,0.95,0.7684,0.9157,0.9085,0.8584
1706,0.0367,0.1958,0.0829,0.1311,0.4556
1707,0.8605,0.0698,0.5726,0.9249,0.6954
1708,0.6007,0.21,0.7262,0.776,0.6823
1709,0.9219,0.0,0.0421,0.0001,0.0831
1710,0.5264,0.7314,0.9604,0.7934,0.6413
1711,0.9609,0.9539,0.9663,0.9939,0.8215
1712,0.9828,0.9465,0.6267,0.8716,0.5628
1713,0.8751,0.6559,0.5503,0.1566,0.4602
1714,0.9204,0.9594,0.4057,0.7343,0.4338
1715,0.0381,0.8336,0.4314,0.1637,0.2846
1716,0.9863,0.8995,0.6116,0.8082,0.6406
1717,0.0892,0.9289,0.3218,0.1776,0.3194
1718,0.0692,0.1044,0.1137,0.1126,0.2883
1719,0.55,0.69,0.8632,0.9051,0.4975
1720,0.4923,0.5495,0.9446,0.9242,0.4001
1721,0.0584,0.3354,0.5981,0.8695,0.5496
1722,0.9929,0.8124,0.8437,0.9231,0.1995
1723,0.0546,0.151,0.3358,0.73,0.3641
1724,0.0268,0.8186,0.5807,0.9164,0.4432
1725,0.6985,0.9867,0.4945,0.8268,0.5695
1726,0.8303,0.2776,0.7094,0.7879,0.614
1727,0.3574,0.2567,0.2701,0.4028,0.4528
1728,0.9999,1.0,0.802,0.8935,0.2538
1729,0.9992,0.9869,0.6345,0.2073,0.7341
1730,0.6084,0.5178,0.8832,0.5721,0.1086
1731,0.9997,0.9618,0.6562,0.9259,0.4464
1732,0.9996,0.8045,0.3886,0.76,0.307
1733,0.2908,0.9882,0.4995,0.9564,0.9707
1734,0.6501,1.0,0.3864,0.9693,0.502
1735,0.9779,0.9614,0.206,0.0643,0.1556
1736,0.5261,0.8293,0.8242,0.8564,0.8234
1737,0.1443,0.9911,0.9707,0.992,0.3199
1738,0.9858,0.9998,0.9798,0.9982,0.7045
1739,0.0042,0.3246,0.3289,0.1888,0.9197
1740,1.0,0.8692,0.8481,0.8653,0.7347
1741,0.178,0.991,0.2279,0.9984,0.9301
1742,0.9999,0.991,0.7136,0.8308,0.6835
1743,0.9997,0.8179,0.9087,0.9898,0.4865
1744,0.9551,0.8677,0.4807,0.9979,0.9175
1745,0.0263,0.8757,0.6267,0.257,0.5871
1746,0.9996,0.6908,0.321,0.758,0.413
1747,0.9564,0.9743,0.5839,0.9634,0.983
1748,0.9538,0.9796,0.321,0.9494,0.8564
1749,0.9985,0.2081,0.8461,0.3654,0.157
1750,0.9996,0.4184,0.82,0.8178,0.8669
1751,1.0,0.9393,0.1401,0.94,0.8726
1752,0.9746,0.9658,0.525,0.484,0.5292
1753,0.0009,0.9613,0.5887,0.0259,0.1766
1754,0.9926,0.9183,0.5892,0.9991,0.9748
1755,0.9828,0.7526,0.575,0.9524,0.9548
1756,0.9258,0.9999,0.9217,0.9963,0.9494
1757,0.9999,0.9822,0.7783,0.9957,0.5655
1758,0.0462,0.9943,0.7068,0.9991,0.9923
1759,0.2528,0.9684,0.5226,0.9988,0.9726
1760,1.0,0.9988,0.385,0.9953,0.9523
1761,0.7301,0.5844,0.3008,0.6589,0.1434
1762,0.9737,0.4419,0.9174,0.9987,0.6121
1763,0.9929,0.9801,0.4494,0.0597,0.1821
1764,0.2328,0.9982,0.8902,0.9854,0.2301
1765,0.9988,0.9584,0.9557,0.2504,0.4925
1766,0.9997,0.6239,0.3981,0.121,0.1883
1767,0.9355,0.986,0.5938,0.9115,0.9593
1768,0.9978,0.9933,0.8299,0.2278,0.3548
1769,0.9994,0.9995,0.2557,0.9915,0.9074
1770,0.9936,0.9934,0.6782,0.9873,0.6541
1771,1.0,0.7959,0.4504,0.9403,0.5129
1772,0.9851,0.9317,0.321,0.751,0.7357
1773,0.0061,0.6844,0.637,0.3458,0.1038
1774,0.9419,0.9937,0.75,0.9776,0.9116
1775,1.0,0.9891,0.9834,0.9718,0.8133
1776,0.9776,0.987,0.7267,0.9647,0.9116
1777,1.0,0.8094,0.216,0.0105,0.0832
1778,1.0,0.9979,0.8324,0.9987,0.9952
1779,0.9966,0.9773,0.2758,0.9945,0.9191
1780,0.5651,0.997,0.836,0.9872,0.5301
1781,0.1205,0.9926,0.7764,0.2478,0.4918
1782,0.9984,0.9911,0.7626,0.8387,0.9458
1783,0.9984,0.53,0.4543,0.9831,0.8031
1784,0.9999,0.2942,0.4949,0.7147,0.1967
1785,0.9776,1.0,0.7792,0.9173,0.6255
1786,0.6126,0.0875,0.8419,0.046,0.1113
1787,0.0692,0.9865,0.8836,0.9246,0.8901
1788,0.6298,0.9891,0.3529,0.9715,0.6161
1789,0.9969,0.5045,0.7531,0.1242,0.9681
1790,0.9514,0.8633,0.462,0.8639,0.2722
1791,0.5839,0.4811,0.9436,0.7966,0.138
1792,0.9997,0.6892,0.2437,0.988,0.9769
1793,0.9696,0.9849,0.897,0.6469,0.5421
1794,0.9985,0.9993,0.6485,0.9995,0.9794
1795,0.8995,0.22,0.96,0.9999,0.7381
1796,0.0253,1.0,0.9855,0.9997,0.4512
1797,0.0514,0.4283,0.2909,0.2221,0.8393
1798,1.0,0.2558,0.7132,0.9724,0.363
1799,0.9941,0.9819,0.8877,0.9999,0.9761
1800,0.9997,0.9989,0.8855,0.6381,0.6869
1801,0.0153,0.9991,0.5463,0.7663,0.9246
1802,0.9986,0.9963,0.7952,0.9981,0.9398
1803,0.9991,0.9946,0.892,0.9842,0.7664
1804,0.9828,0.9696,0.9118,0.951,0.9999
1805,0.9999,0.9617,0.8516,0.9688,0.8081
1806,0.9945,0.2809,0.5398,0.919,0.4166
1807,1.0,0.9143,0.9687,1.0,0.5116
1808,0.9817,0.9936,0.7266,0.9549,0.9268
1809,0.7293,0.9314,0.9838,0.998,0.8795
1810,0.6142,0.999,0.5816,0.9898,0.4331
1811,1.0,0.7887,0.9755,0.95,0.3361
1812,1.0,0.9936,0.886,0.8821,0.8932
1813,0.9721,0.9982,0.9134,0.9784,0.5457
1814,0.9999,0.9838,0.7178,0.9959,0.9694
1815,0.9997,0.9672,0.4797,0.077,0.934
1816,0.994,0.8918,0.9602,0.9998,0.9322
1817,0.9761,0.9988,0.9355,0.9979,0.8496
1818,0.9998,0.4504,0.8358,0.9814,0.5177
1819,0.4406,0.4336,0.9238,0.9983,0.807
1820,0.9594,0.9977,0.9373,0.6553,0.8806
1821,0.8638,0.9049,0.4805,0.9998,0.8837
1822,0.9994,0.8668,0.9959,0.981,0.7595
1823,0.9996,0.9914,0.9368,0.9605,0.9697
1824,0.9998,0.9405,0.4799,0.1291,0.0833
1825,0.9362,0.9902,0.5916,0.9587,0.4615
1826,0.999,0.9936,0.0503,0.766,0.9712
1827,0.9956,0.9408,0.351,0.3248,0.8356
1828,0.9648,0.9988,0.9857,0.8237,0.5899
1829,0.9702,0.5036,0.7086,0.1596,0.4418
1830,0.2753,0.9788,0.7817,0.9994,0.7151
1831,0.6917,0.9935,0.8507,0.1639,0.772
1832,0.9999,0.9898,0.8822,0.7124,0.9095
1833,0.8817,0.4982,0.8676,0.9739,0.7465
1834,0.9997,0.9711,0.6729,0.9972,0.848
1835,0.9993,0.8852,0.8909,0.9658,0.7232
1836,0.9999,0.7751,0.9273,0.9998,0.9498
1837,1.0,0.9198,0.6151,0.9909,0.908
1838,1.0,0.7775,0.1176,0.8783,0.8786
1839,1.0,0.9994,0.6854,0.9952,0.8834
1840,0.9989,0.9968,0.8835,0.7594,0.8499
1841,0.0069,0.9873,0.8426,0.9902,0.8536
1842,0.9999,0.9255,0.0587,0.004,0.8204
1843,1.0,0.9741,0.3704,0.4751,0.7659
1844,0.9984,0.999,0.7805,0.9429,0.9816
1845,0.9998,0.7653,0.503,0.8731,0.9882
1846,0.956,0.9988,0.8385,0.9983,0.9684
1847,0.9919,0.9989,0.879,0.9869,0.9191
1848,0.9395,0.9496,0.5072,0.9974,0.8814
1849,0.9556,0.9563,0.402,0.4338,0.0759
1850,0.9998,0.9959,0.3028,0.9472,0.9901
1851,0.901,0.9775,0.8712,0.9792,0.8973
1852,0.0219,0.9957,0.3433,0.9995,0.8763
1853,0.9815,0.9997,0.8427,0.9898,0.8512
1854,0.9995,0.8523,0.4991,0.9965,0.7244
1855,0.9783,0.9723,0.4085,0.9551,0.8457
1856,0.9998,0.9972,0.9236,0.9999,0.855
1857,0.9989,0.9685,0.9385,0.6598,0.9811
1858,0.0094,0.9982,0.8916,0.9865,0.8826
1859,0.9962,0.9965,0.2399,0.2567,0.9657
1860,0.8823,0.9928,0.1446,0.9436,0.9196
1861,0.9872,0.989,0.5396,0.9957,0.9571
1862,0.9829,0.9179,0.0884,0.9329,0.8097
1863,0.998,0.4563,0.9257,0.8579,0.3804
1864,0.9613,0.9982,0.6886,0.978,0.494
1865,0.1675,0.9616,0.5371,0.9977,0.875
1866,0.2476,0.3069,0.2205,0.907,0.1653
1867,0.9999,0.9954,0.4021,0.9946,0.9816
1868,0.9961,0.9958,0.6977,0.9328,0.2914
1869,0.9996,0.9938,0.23,0.9972,0.8646
1870,0.9648,0.9987,0.9191,0.623,0.9267
1871,0.9984,0.9976,0.6117,0.9619,0.9038
1872,0.9824,0.9987,0.5805,0.9803,0.9901
1873,0.7725,0.9789,0.2884,0.3728,0.3074
1874,0.4976,0.9999,0.7239,0.9573,0.865
1875,0.9626,0.7094,0.7766,0.9844,0.9461
1876,0.9998,0.9942,0.4572,0.8798,0.8909
1877,0.2329,0.9965,0.8826,0.9996,0.9731
1878,0.9997,0.8028,0.6356,0.9591,0.9867
1879,0.9593,0.9736,0.9937,0.9949,0.5608
1880,0.9996,0.7511,0.6546,0.995,0.9837
1881,0.6246,0.9485,0.2187,0.3293,0.2704
1882,0.9996,0.3606,0.9577,0.9999,0.9865
1883,1.0,0.9548,0.8787,1.0,0.9995
1884,0.963,0.3459,0.2727,0.9247,0.0936
1885,0.7168,0.713,0.5473,0.7313,0.1064
1886,0.9939,0.9959,0.883,0.9961,0.8533
1887,0.8937,0.9899,0.5996,0.9927,0.9724
1888,0.9983,0.9993,0.9281,0.9998,0.98
1889,0.9451,0.9789,0.4408,0.9899,0.7435
1890,0.9997,0.8707,0.618,0.5627,0.342
1891,0.2064,0.9428,0.9963,0.9573,0.1679
1892,0.2614,0.9873,0.9067,0.9756,0.998
1893,0.9149,0.9981,0.89,0.8644,0.1961
1894,0.9911,0.6301,0.6514,0.4566,0.067
1895,0.3334,0.993,0.7409,0.9998,0.7335
1896,0.9929,0.9387,0.5476,0.1488,0.2134
1897,0.9996,0.9995,0.8581,0.9812,0.952
1898,0.9918,0.9089,0.4892,0.0073,0.0066
1899,0.9676,0.9995,0.1949,0.9761,0.4191
1900,0.9882,0.6973,0.9462,0.9843,0.9161
1901,0.9903,0.9533,0.7687,0.9717,0.9004
1902,0.7165,0.991,0.6495,0.5944,0.4452
1903,1.0,0.5247,0.7278,0.9679,0.9308
1904,0.9804,0.9985,0.5422,0.999,0.9983
1905,0.9112,0.8393,0.5421,0.8385,0.3083
1906,0.0331,0.7803,0.6163,0.0137,0.0033
1907,0.9618,0.8427,0.1838,0.6247,0.8715
1908,0.9999,0.9997,0.8805,0.9805,0.9474
1909,0.9999,0.2052,0.9205,0.8895,0.8953
1910,0.8736,0.9975,0.5044,0.9149,0.855
1911,0.9304,0.9907,0.3601,0.9826,0.9874
1912,0.6764,0.9936,0.2774,0.0376,0.1521
1913,0.9993,0.9352,0.672,0.9785,0.9639
1914,0.983,0.1364,0.7001,0.9029,0.8421
1915,0.3168,0.9977,0.4296,0.4151,0.478
1916,0.236,0.5062,0.7165,0.7969,0.9269
1917,0.9973,0.925,0.7221,0.7402,0.6828
1918,0.9742,0.9872,0.8353,0.9622,0.904
1919,0.4685,0.9919,0.7112,0.9884,0.964
1920,0.1022,0.9327,0.6294,0.6673,0.7801
1921,0.9998,0.9622,0.8095,0.9569,0.8314
1922,0.5022,0.9998,0.8051,0.8559,0.9823
1923,0.085,0.9601,0.8,0.9505,0.8397
1924,0.9395,0.9867,0.5983,0.9143,0.9805
1925,0.9996,0.807,0.5935,0.8941,0.1228
1926,0.9989,0.9032,0.8781,0.7692,0.2892
1927,0.9994,0.9915,0.7931,0.9926,0.5584
1928,0.0002,0.7633,0.1119,0.0244,0.0149
1929,1.0,0.9989,0.9458,0.9642,0.9561
1930,0.9769,0.9415,0.4515,0.9711,0.9551
1931,0.9996,0.9277,0.4384,0.9326,0.4551
1932,0.9991,0.9976,0.8387,0.3344,0.6053
1933,0.994,0.8147,0.7508,0.7701,0.8325
1934,1.0,0.9996,0.9355,0.9961,0.9704
1935,0.9998,0.8973,0.7074,0.9128,0.9341
1936,0.9358,0.997,0.7855,0.9005,0.2148
1937,0.964,0.9924,0.364,0.9946,0.97
1938,0.9944,0.8417,0.7886,0.8039,0.888
1939,0.9999,0.1911,0.5833,0.6283,0.9335
1940,0.9873,0.9639,0.4629,0.9838,0.9614
1941,0.1657,0.8296,0.2802,0.8449,0.982
1942,1.0,0.4511,0.8394,0.9783,0.9872
1943,1.0,0.9993,0.969,0.9982,0.9913
1944,0.9982,0.9924,0.4975,0.975,0.9695
1945,0.9651,0.8074,0.8194,0.7904,0.6551
1946,0.9756,0.7569,0.7351,0.0569,0.1578
1947,0.79,0.9959,0.4681,0.1224,0.2381
1948,0.9998,0.9934,0.8519,0.996,0.9651
1949,0.3605,0.9991,0.8603,0.9651,0.4915
1950,0.9171,0.9498,0.3587,0.7887,0.8909
1951,0.9372,0.9805,0.606,0.945,0.8374
1952,0.9641,0.9983,0.6356,0.9453,0.8316
1953,0.9916,0.9803,0.8711,0.9062,0.9172
1954,1.0,0.9882,0.9325,0.976,0.7606
1955,0.986,0.9992,0.8013,0.9939,0.9655
1956,0.9653,0.9676,0.4356,0.9872,0.9814
1957,0.9999,0.5913,0.4633,0.7025,0.559
1958,0.7109,0.9986,0.8691,0.9688,0.9056
1959,0.9927,0.9918,0.8923,0.9632,0.7774
1960,0.5378,0.9864,0.7683,0.9185,0.714
1961,0.9997,0.4712,0.832,0.9171,0.5299
1962,0.6861,0.3463,0.3763,0.9961,0.921
1963,0.7802,0.9937,0.5865,0.9977,0.9257
1964,0.9876,0.9999,0.6834,0.974,0.9613
1965,0.7062,0.9969,0.4941,0.0436,0.1501
1966,0.9999,0.9896,0.7455,0.8761,0.078
1967,0.9994,0.996,0.8017,0.9808,0.314
1968,0.9038,0.8624,0.2305,0.2809,0.7736
1969,0.9871,0.914,0.4306,0.9593,0.9503
1970,0.9452,0.9819,0.2774,0.9993,0.8782
1971,0.112,0.9999,0.6749,0.8596,0.9822
1972,0.8922,0.1443,0.5847,0.277,0.1951
1973,0.8941,0.9559,0.6092,0.633,0.9546
1974,0.7267,0.6608,0.3709,0.9033,0.7057
1975,1.0,0.5761,0.3507,0.9981,0.9926
1976,0.9976,0.9916,0.7026,0.962,0.9065
1977,0.996,0.5813,0.4758,0.9968,0.1382
1978,0.8755,0.9713,0.747,0.9268,0.9572
1979,0.8105,0.9594,0.4257,0.4715,0.8412
1980,0.4321,0.9988,0.924,0.9835,0.7808
1981,0.1004,0.9594,0.8743,0.9913,0.2008
1982,0.1665,0.9989,0.5048,0.6898,0.4396
1983,0.9429,0.9122,0.6384,0.1878,0.7771
1984,0.9631,0.9949,0.3777,0.977,0.426
1985,0.5101,0.9886,0.558,0.7855,0.6308
1986,0.9967,0.8659,0.4834,0.9978,0.8323
1987,0.9977,0.7075,0.7954,0.9595,0.9801
1988,0.9978,0.998,0.1703,0.9903,0.9855
1989,0.9999,0.8941,0.911,0.8572,0.5482
1990,0.9292,0.9716,0.93,0.9896,0.9687
1991,0.81,0.9787,0.3161,0.9694,0.7023
1992,1.0,0.9991,0.4787,0.9842,0.9601
1993,0.7114,0.9879,0.1098,0.7062,0.9063
1994,0.9966,0.9604,0.896,0.9949,0.9414
1995,0.8739,0.9967,0.6339,0.8471,0.237
1996,0.9967,0.7044,0.8395,0.3412,0.3565
1997,0.047,0.6813,0.2258,0.9741,0.6399
1998,0.9999,0.9612,0.3174,0.9621,0.9549
1999,1.0,0.5077,0.9346,0.9995,0.9859
2000,0.9983,0.5273,0.8639,0.962,0.8431
2001,0.9716,0.9989,0.4295,0.5906,0.9253
2002,0.9991,0.4541,0.931,0.9991,0.3612
2003,1.0,0.306,0.8498,0.9917,0.7197
2004,0.9966,0.99,0.7995,0.7937,0.1181
2005,0.9994,0.9762,0.4146,0.9914,0.8736
2006,0.9971,0.998,0.6945,0.9987,0.9918
2007,0.9999,0.9834,0.2246,0.9917,0.8224
2008,0.9999,0.9814,0.8305,0.9978,0.9377
2009,0.0467,0.991,0.0706,0.076,0.7638
2010,0.9441,0.5057,0.6532,0.3381,0.1442
2011,0.9945,0.6091,0.9091,0.1374,0.4855
2012,0.9813,0.643,0.3842,0.9456,0.9195
2013,0.9994,0.9096,0.9051,0.9904,0.9535
2014,0.9864,0.9311,0.5496,0.9478,0.9844
2015,0.5129,0.9539,0.3625,0.9057,0.121
2016,0.8955,0.8689,0.9993,0.998,0.7685
2017,0.9999,0.3291,1.0,1.0,0.8841
2018,0.9504,0.9036,0.9998,0.9999,0.6768
2019,0.9981,0.881,0.9994,0.9993,0.918
2020,0.9277,0.1484,1.0,0.9998,0.1791
2021,1.0,0.7932,0.9999,0.9999,0.8621
2022,0.9999,0.9876,1.0,1.0,0.9565
2023,1.0,0.9324,1.0,1.0,0.8858
2024,0.9966,0.5363,0.9997,1.0,0.2502
2025,0.9972,0.0397,1.0,1.0,0.6145
2026,0.9999,0.7146,0.9987,0.9997,0.6447
2027,0.9999,0.7575,0.9997,0.9984,0.5201
2028,0.965,0.3933,0.6905,0.9214,0.6534
2029,0.9205,0.7847,0.9986,0.9994,0.8289
2030,0.9347,0.9648,0.9872,0.9795,0.9322
2031,0.986,0.5521,0.496,0.5436,0.6227
2032,0.9694,0.9883,0.7596,0.8309,0.9694
2033,1.0,0.8987,1.0,1.0,0.6159
2034,0.976,0.7424,0.9997,0.9997,0.7225
2035,1.0,0.9729,1.0,1.0,0.7585
2036,0.9994,0.9264,0.9901,0.9827,0.9708
2037,0.9592,0.9376,0.9909,0.9271,0.5825
2038,1.0,0.8432,1.0,1.0,0.9289
2039,0.9964,0.7014,0.9997,0.9997,0.5631
2040,0.9439,0.0696,0.9998,1.0,0.4657
2041,0.6414,0.4447,0.9062,0.8125,0.4981
2042,0.8104,0.998,0.9966,0.9862,0.8915
2043,0.7669,0.878,0.8059,0.9183,0.9113
2044,0.9999,0.9127,0.9906,0.9948,0.4639
2045,0.9293,0.89,0.9284,0.9683,0.689
2046,0.9949,0.9892,0.9987,0.9998,0.4341
2047,0.9873,0.9324,1.0,1.0,0.9561
2048,0.9953,0.433,0.9981,0.9953,0.5269
2049,1.0,0.8892,0.9999,1.0,0.4949
2050,0.9994,0.3875,0.9999,0.9999,0.7659
2051,1.0,0.9868,0.9999,1.0,0.6541
2052,1.0,0.9501,1.0,0.9998,0.7845
2053,1.0,0.9989,0.9999,0.9998,0.7106
2054,0.9995,0.6447,0.9984,0.9875,0.648
2055,0.4639,0.8715,0.3764,0.7551,0.789
2056,0.9998,0.8449,1.0,1.0,0.3119
2057,1.0,0.9489,1.0,1.0,0.2953
2058,1.0,0.5855,0.9999,1.0,0.5966
2059,0.9181,0.9404,0.2046,0.4901,0.811
2060,0.9998,0.7728,1.0,1.0,0.1611
2061,1.0,0.9448,1.0,1.0,0.6343
2062,0.9999,0.4197,1.0,1.0,0.6899
2063,1.0,0.9964,1.0,1.0,0.4094
2064,1.0,0.9899,1.0,1.0,0.8011
2065,0.2867,0.7997,0.9826,0.992,0.9186
2066,0.9898,0.9533,1.0,1.0,0.512
2067,0.0088,0.9238,0.9679,0.9327,0.7718
2068,0.9993,0.9196,0.9807,0.92,0.9684
2069,0.9999,0.9464,1.0,1.0,0.7806
2070,0.9958,0.933,0.9965,0.9974,0.4832
2071,0.8201,0.9097,0.8781,0.8674,0.5618
2072,0.9984,0.1936,0.991,0.9816,0.9578
2073,0.9999,0.9904,0.9997,0.9994,0.9291
2074,0.9988,0.8017,0.9999,0.9998,0.7799
2075,1.0,0.748,1.0,1.0,0.6687
2076,0.9999,0.6822,0.9995,0.9998,0.9799
2077,0.9916,0.9179,0.9999,0.9997,0.8203
2078,0.9997,0.5663,0.9999,1.0,0.6709
2079,1.0,0.8021,0.9999,1.0,0.6212
2080,1.0,0.8215,1.0,1.0,0.6769
2081,1.0,0.598,0.9998,1.0,0.442
2082,0.9997,0.3502,0.999,0.9972,0.9481
2083,0.9997,0.2142,1.0,1.0,0.3229
2084,0.999,0.8167,1.0,1.0,0.3821
2085,1.0,0.9941,0.9998,1.0,0.9042
2086,1.0,0.976,1.0,1.0,0.8079
2087,0.9545,0.9608,0.9999,0.9989,0.9763
2088,0.984,0.9516,0.9102,0.8469,0.8762
2089,0.9999,0.9053,0.9999,1.0,0.7747
2090,0.0975,0.8279,0.9923,0.998,0.9628
2091,1.0,0.449,0.9997,0.9988,0.8107
2092,0.9499,0.6434,0.8872,0.987,0.8792
2093,0.966,0.9307,0.9906,0.9863,0.8448
2094,0.4874,0.9967,0.4654,0.951,0.4551
2095,0.9998,0.5609,0.9933,0.9996,0.3861
2096,0.9089,0.976,0.9283,0.8692,0.9277
2097,0.9991,0.9468,0.9867,0.9849,0.1751
2098,0.9879,0.9818,0.999,0.9995,0.818
2099,0.9929,0.6614,0.9983,0.9998,0.8133
2100,0.9999,0.9252,0.9999,1.0,0.8285
2101,0.9997,0.9623,0.9998,0.9994,0.7569
2102,0.9996,0.9077,0.9499,0.9803,0.1774
2103,0.9624,0.9412,0.999,1.0,0.7693
2104,0.9989,0.5308,1.0,1.0,0.8636
2105,1.0,0.9295,1.0,0.9999,0.8123
2106,0.0533,0.9577,0.6538,0.5735,0.9743
2107,1.0,0.8928,1.0,0.9977,0.1613
2108,0.9988,0.6528,0.9998,1.0,0.5239
2109,1.0,0.2684,1.0,1.0,0.3255
2110,0.9928,0.3184,0.9992,0.9997,0.3657
2111,0.1381,0.1034,0.9949,0.999,0.4046
2112,0.1604,0.1026,0.9841,0.9919,0.284
2113,0.9998,0.9485,0.9988,1.0,0.5748
2114,1.0,0.8092,0.9995,0.9991,0.5458
2115,0.9997,0.9274,1.0,0.9999,0.8112
2116,1.0,0.8218,1.0,1.0,0.9208
2117,1.0,0.8891,0.987,0.9489,0.2942
2118,0.9197,0.5513,0.9975,0.998,0.7817
2119,0.9358,0.3128,0.9971,0.9999,0.9414
2120,0.9536,0.5879,0.997,0.9886,0.2721
2121,0.9975,0.8864,0.9999,1.0,0.4997
2122,1.0,0.9148,0.9999,0.9999,0.7206
2123,1.0,0.9127,0.9999,1.0,0.6325
2124,0.0988,0.3359,0.7376,0.1391,0.2137
2125,0.9996,0.9377,1.0,1.0,0.952
2126,0.9931,0.8709,0.998,0.9945,0.7304
2127,0.0875,0.9801,0.7834,0.8616,0.7201
2128,0.7089,0.8226,0.4614,0.7708,0.9028
2129,0.9955,0.9785,0.9834,0.9957,0.365
2130,1.0,0.851,0.9999,0.9998,0.5257
2131,0.9998,0.4863,0.9999,1.0,0.2661
2132,0.9994,0.8923,0.9985,0.9981,0.2079
2133,0.9967,0.9996,0.9884,0.9978,0.9456
2134,0.1132,0.8915,0.8872,0.9627,0.9901
2135,1.0,0.981,1.0,1.0,0.9156
2136,0.9997,0.1528,0.9957,0.9932,0.0755
2137,0.9978,0.9651,1.0,1.0,0.5109
2138,0.9648,0.9661,0.9982,0.9903,0.422
2139,0.9739,0.894,0.9991,0.9998,0.9866
2140,0.9989,0.843,1.0,1.0,0.4895
2141,0.9867,0.9452,0.9973,0.9988,0.8635
2142,0.8169,0.2638,0.5532,0.3898,0.9198
2143,1.0,0.987,1.0,1.0,0.8877
2144,1.0,0.9693,0.9999,1.0,0.7988
2145,0.9914,0.8256,0.9959,0.9888,0.9923
2146,0.9991,0.964,1.0,1.0,0.2463
2147,0.975,0.9436,0.9999,1.0,0.9173
2148,0.7091,0.2345,0.9167,0.9462,0.6826
2149,1.0,0.5808,0.9993,0.9981,0.5888
2150,0.9791,0.7011,0.9999,1.0,0.6576
2151,0.9999,0.9973,0.9982,0.9975,0.1405
2152,0.9992,0.9427,1.0,1.0,0.9556
2153,0.8534,0.9636,0.9328,0.4988,0.3362
2154,1.0,0.7277,1.0,1.0,0.1487
2155,0.9717,0.5677,1.0,1.0,0.549
2156,0.8081,0.9793,0.9999,1.0,0.9682
2157,0.9934,0.7344,0.9998,0.9984,0.4592
2158,0.9977,0.9166,1.0,1.0,0.9954
2159,0.9925,0.9746,0.9997,0.9998,0.8307
2160,0.8293,0.988,0.9924,0.9846,0.5949
2161,0.8738,0.9839,0.9842,0.9872,0.4027
2162,0.7102,0.5184,0.1369,0.0586,0.6159
2163,0.9986,0.5072,1.0,1.0,0.3641
2164,0.999,0.9726,1.0,1.0,0.8349
2165,0.9929,0.7127,0.9104,0.9625,0.7507
2166,0.9995,0.8419,1.0,1.0,0.4967
2167,0.9764,0.1388,0.7522,0.8252,0.3948
2168,0.9995,0.767,0.9994,0.9994,0.3829
2169,0.8842,0.9177,0.9972,0.9986,0.7305
2170,0.9912,0.3811,0.9889,0.8617,0.6353
2171,0.999,0.9447,0.995,0.9955,0.7325
2172,0.9994,0.6334,0.9997,0.9999,0.692
2173,0.198,0.7893,0.999,0.9781,0.2453
2174,0.3074,0.5972,0.9888,0.9021,0.6123
2175,0.9992,0.9045,0.9994,0.9992,0.8654
2176,0.9876,0.9016,0.9996,0.9997,0.8118
2177,0.0328,0.9554,0.9833,0.9958,0.8757
2178,0.9997,0.8315,1.0,1.0,0.2106
2179,0.998,0.9792,0.9991,0.9988,0.8206
2180,0.5307,0.9192,0.6555,0.7507,0.9581
2181,0.9258,0.7638,0.9995,0.9996,0.8748
2182,0.9997,0.8812,0.9991,0.998,0.0468
2183,0.9999,0.4994,1.0,1.0,0.8659
2184,1.0,0.9338,1.0,1.0,0.4082
2185,1.0,0.9986,1.0,1.0,0.9888
2186,0.9825,0.3459,0.9994,0.9981,0.0112
2187,0.9152,0.8427,0.9982,0.9995,0.9493
2188,1.0,0.9996,1.0,1.0,0.9158
2189,1.0,0.8806,1.0,1.0,0.2093
2190,1.0,0.8774,1.0,1.0,0.3928
2191,0.9965,0.9582,1.0,1.0,0.6157
2192,0.9999,0.7174,1.0,1.0,0.5234
2193,1.0,0.4915,1.0,1.0,0.683
2194,0.9998,0.9183,0.9982,1.0,0.8282
2195,0.9995,0.9053,0.9993,0.9998,0.9909
2196,0.9992,0.9901,0.9993,0.9998,0.51
2197,0.9999,0.9778,1.0,1.0,0.9824
2198,0.159,0.7645,0.9829,0.9973,0.1672
2199,0.9831,0.0412,0.9973,0.9795,0.1686
2200,1.0,0.5758,0.9999,0.9999,0.5393
2201,0.9997,0.9105,0.9994,0.9998,0.9721
2202,1.0,0.9666,1.0,1.0,0.9404
2203,0.998,0.6783,1.0,1.0,0.6325
2204,0.9992,0.9838,0.9286,0.9934,0.6618
2205,0.921,0.9791,0.9866,0.9167,0.2994
2206,0.9829,0.8315,0.9203,0.5125,0.3597
2207,1.0,0.9041,1.0,1.0,0.0851
2208,0.9532,0.9897,0.9936,0.9975,0.0669
2209,0.2395,0.6138,0.9999,0.9998,0.9612
2210,0.5711,0.9209,0.6614,0.1954,0.9837
2211,0.9802,0.7221,0.945,0.9969,0.7068
2212,0.4281,0.4418,0.9963,0.9989,0.6326
2213,0.9998,0.9501,0.995,0.9997,0.7695
2214,0.0465,0.8992,0.4999,0.83,0.8792
2215,0.9998,0.9824,1.0,1.0,0.8765
2216,0.9999,0.9696,0.9999,1.0,0.9115
2217,0.9999,0.9427,0.9997,0.9997,0.8674
2218,0.9382,0.4485,0.9992,0.9986,0.8887
2219,1.0,0.5759,0.9998,0.9989,0.1812
2220,0.9992,0.8196,0.9896,0.9936,0.8869
2221,0.9955,0.8974,0.9998,0.9989,0.5039
2222,0.9318,0.9758,0.9953,0.9991,0.6969
2223,0.2628,0.9806,0.844,0.7574,0.9605
2224,0.3338,0.8113,0.9435,0.9338,0.6046
2225,0.9999,0.9121,1.0,1.0,0.3821
2226,1.0,0.7525,1.0,0.9994,0.8253
2227,0.9993,0.922,0.9985,0.9995,0.77
2228,0.0044,0.8901,0.6836,0.6459,0.3885
2229,0.9865,0.8111,0.9999,0.9999,0.3735
2230,0.1763,0.613,0.9658,0.9944,0.708
2231,1.0,0.9277,1.0,1.0,0.5581
2232,0.9991,0.6282,0.9346,0.8972,0.5641
2233,0.9997,0.885,0.9989,0.9997,0.9751
2234,1.0,0.6358,0.9993,0.9952,0.4095
2235,0.9985,0.9388,0.991,0.9831,0.5321
2236,0.8999,0.6711,0.9758,0.9986,0.9591
2237,1.0,0.9254,0.9999,1.0,0.9777
2238,1.0,0.778,1.0,1.0,0.9469
2239,0.861,0.6207,0.9774,0.9446,0.4609
2240,1.0,0.7499,0.9993,1.0,0.9322
2241,0.2442,0.9477,0.9764,0.9955,0.7772
2242,0.9997,0.9628,0.986,0.9922,0.5865
2243,0.2349,0.9598,0.9395,0.9881,0.3557
2244,0.9995,0.735,0.9929,0.999,0.9778
2245,0.9971,0.7127,0.9705,0.975,0.5035
2246,1.0,0.7065,1.0,1.0,0.6935
2247,1.0,0.6469,1.0,1.0,0.8127
2248,0.9999,0.6939,0.9999,0.9999,0.816
2249,1.0,0.9456,1.0,1.0,0.9138
2250,1.0,0.9814,1.0,1.0,0.9993
2251,0.6935,0.346,0.9996,0.9993,0.8172
2252,1.0,0.0721,1.0,1.0,0.088
2253,0.9999,0.2262,1.0,1.0,0.503
2254,1.0,0.5277,0.9998,0.9998,0.6053
2255,1.0,0.7484,1.0,1.0,0.7128
2256,0.519,0.8712,0.0613,0.8446,0.3158
2257,1.0,0.9888,1.0,1.0,0.9372
2258,0.9997,0.9828,1.0,1.0,0.5251
2259,0.9454,0.8739,0.998,0.9991,0.9947
2260,1.0,0.8094,1.0,1.0,0.159
2261,0.9737,0.7658,0.9986,0.9995,0.951
2262,0.4319,0.4009,0.8095,0.9753,0.9979
2263,0.9986,0.878,0.9888,0.9759,0.9456
2264,1.0,0.9075,1.0,1.0,0.9875
2265,0.9933,0.9962,0.9918,0.9967,0.9985
2266,0.9999,0.9957,1.0,1.0,0.9714
2267,0.9789,0.9526,0.9878,0.9877,0.4244
2268,1.0,0.9783,0.9607,0.9903,0.6604
2269,0.9975,0.8844,0.9951,0.9282,0.9392
2270,0.9992,0.7263,0.9996,1.0,0.8577
2271,0.885,0.678,0.9947,0.9392,0.5051
2272,0.9955,0.0975,0.986,0.9987,0.885
2273,0.0929,0.9997,0.544,0.4939,0.2413
2274,0.9999,0.6571,0.9995,0.9996,0.5684
2275,1.0,0.9868,1.0,1.0,0.398
2276,0.9812,0.9306,0.9999,0.9998,0.9129
2277,1.0,0.9374,0.9992,0.9999,0.4822
2278,0.0,0.6323,0.0063,0.044,0.3406
2279,1.0,0.9397,0.9971,0.9987,0.5167
2280,0.2514,0.9958,0.9937,0.9998,0.9131
2281,0.9996,0.1679,1.0,1.0,0.7613
2282,0.9685,0.8707,0.9965,1.0,0.2092
2283,0.8779,0.3383,0.9995,0.9998,0.994
2284,0.999,0.5989,1.0,1.0,0.9569
2285,0.9332,0.9212,0.5249,0.1015,0.8842
2286,1.0,0.9595,0.9939,0.9973,0.9356
2287,0.8137,0.0095,0.9997,1.0,0.0952
2288,0.1092,0.7655,0.9489,0.9686,0.5178
2289,1.0,0.6748,0.9999,1.0,0.5798
2290,0.9992,0.9794,1.0,1.0,0.8258
2291,0.9997,0.6366,1.0,1.0,0.2758
2292,1.0,0.4405,1.0,1.0,0.7957
2293,0.9998,0.9449,1.0,1.0,0.6832
2294,0.3674,0.5374,0.8978,0.9976,0.8466
2295,0.9828,0.9762,0.9987,0.9952,0.3851
2296,0.9742,0.583,0.9937,0.9989,0.4958
2297,0.9983,0.8009,0.9999,0.9999,0.7812
2298,0.9997,0.989,1.0,1.0,0.1042
2299,0.8114,0.391,0.7366,0.9733,0.97
2300,0.984,0.7208,0.9958,0.9981,0.205
2301,0.9998,0.9999,0.9999,1.0,0.998
2302,1.0,0.3438,1.0,1.0,0.9738
2303,0.9948,0.9158,1.0,1.0,0.8813
2304,0.323,0.9792,0.0018,0.0059,0.0165
2305,0.9979,0.9889,0.9706,0.9595,0.8352
2306,1.0,0.7389,1.0,0.9999,0.7592
2307,0.9643,0.9846,0.9679,0.9992,0.2111
2308,0.9841,0.6901,0.9342,0.9994,0.8098
2309,1.0,0.9984,0.9992,1.0,0.9895
2310,0.9992,0.9258,1.0,1.0,0.9184
2311,0.9999,0.0995,0.9987,0.9996,0.9503
2312,0.8833,0.9874,0.969,0.9998,0.7565
2313,0.9996,0.9927,1.0,1.0,0.9539
2314,0.9349,0.9975,0.8468,0.9964,0.9924
2315,0.9969,0.9435,0.9963,0.9999,0.9315
2316,0.9999,0.9774,0.9987,1.0,0.2769
2317,1.0,0.9618,0.9999,1.0,1.0
2318,0.948,0.9903,0.8331,0.9497,0.9598
2319,1.0,0.9904,0.9994,0.9995,0.8786
2320,0.9993,0.9898,1.0,1.0,0.9924
2321,1.0,0.9891,1.0,1.0,0.9931
2322,0.8893,0.9931,0.9589,0.9993,0.9877
2323,1.0,0.9153,0.9664,0.9239,0.632
2324,0.9999,0.9799,1.0,1.0,0.9818
2325,0.9992,0.5886,0.9998,1.0,0.9666
2326,0.9991,0.998,0.9996,1.0,0.999
2327,0.9997,0.374,0.9998,1.0,0.5049
2328,1.0,0.6023,0.9999,1.0,0.9843
2329,0.9847,0.9778,0.946,0.9918,0.1968
2330,1.0,0.9991,0.9996,1.0,0.0467
2331,1.0,0.9984,1.0,1.0,0.9886
2332,0.9963,0.9912,0.9998,1.0,0.6445
2333,0.9992,0.8824,0.9993,1.0,0.8681
2334,1.0,0.9951,1.0,1.0,0.9904
2335,0.9999,0.9963,0.9997,0.9996,0.9465
2336,1.0,0.9681,0.9999,1.0,0.975
2337,1.0,0.9804,1.0,1.0,0.8992
2338,0.965,0.8956,0.996,0.9886,0.4604
2339,1.0,0.9078,1.0,1.0,0.9932
2340,0.75,0.1823,0.9995,1.0,0.8477
2341,1.0,0.9743,1.0,1.0,0.6994
2342,1.0,0.9547,0.995,0.9998,0.5077
2343,0.9999,0.4444,0.9998,0.9999,0.9959
2344,1.0,0.9532,1.0,1.0,0.9894
2345,0.9825,0.8783,0.9169,0.9951,0.0009
2346,0.9997,0.9031,0.9991,0.9992,0.1366
2347,1.0,0.98,1.0,1.0,0.984
2348,1.0,0.9753,0.9999,1.0,0.9942
2349,1.0,0.9152,1.0,1.0,0.8875
2350,0.9999,0.9866,0.9999,1.0,0.9956
2351,1.0,0.9974,1.0,1.0,1.0
2352,0.9577,0.9984,0.9991,1.0,0.9919
2353,0.9996,0.9867,1.0,1.0,0.9994
2354,0.9997,0.546,0.9989,1.0,0.5896
2355,1.0,0.9671,1.0,1.0,0.9993
2356,0.994,0.9973,0.9979,1.0,0.7983
2357,0.0005,0.9843,0.0004,0.0002,0.7228
2358,1.0,0.9964,1.0,1.0,0.994
2359,1.0,0.9144,1.0,1.0,0.9904
2360,1.0,0.9325,1.0,1.0,0.8896
2361,0.0181,0.9334,0.0199,0.0017,0.62
2362,1.0,0.9744,0.9999,1.0,0.3914
2363,0.9999,0.9745,0.9975,0.9978,0.465
2364,1.0,0.987,0.9999,1.0,0.5992
2365,1.0,0.4866,1.0,1.0,0.9082
2366,0.2909,0.9865,0.8863,0.8467,0.6891
2367,0.9963,0.9773,0.9959,0.9997,0.0298
2368,0.9993,0.9685,0.9982,0.9999,0.9714
2369,0.9993,0.8439,0.9845,0.9942,0.7051
2370,0.9942,0.8106,0.4638,0.6031,0.0207
2371,0.1199,0.9489,0.4981,0.9941,0.7384
2372,0.9999,0.8433,0.9998,1.0,0.9771
2373,1.0,0.9928,0.9999,1.0,0.9463
2374,0.9999,0.9787,0.9977,1.0,0.9973
2375,0.9995,0.0022,1.0,1.0,0.8596
2376,0.9987,0.9363,0.9967,0.9923,0.923
2377,0.9998,0.9898,0.995,0.9999,0.9948
2378,0.998,0.3615,1.0,1.0,0.9903
2379,0.1472,0.7974,0.3098,0.0738,0.9492
2380,0.8216,0.8349,0.0697,0.6692,0.851
2381,0.029,0.9993,0.9746,0.9962,0.9986
2382,1.0,0.9967,0.9995,1.0,0.9995
2383,0.988,0.8299,0.9998,0.9999,0.5691
2384,0.9987,0.9868,0.9985,0.9999,0.9694
2385,0.8861,0.3185,0.6539,0.9761,0.5229
2386,0.9999,0.9953,0.9773,0.9979,0.2014
2387,1.0,0.8941,1.0,1.0,1.0
2388,0.995,0.8546,0.9601,0.9944,0.8783
2389,0.9996,0.9529,1.0,0.9999,0.9821
2390,0.9999,0.9854,0.9916,0.999,0.9857
2391,1.0,0.9952,0.9997,1.0,0.9917
2392,1.0,0.9142,0.9999,1.0,0.975
2393,0.2428,0.0745,0.0428,0.0005,0.1199
2394,0.9997,0.9767,0.9997,1.0,0.9977
2395,0.9948,0.8939,0.9997,0.9984,0.9928
2396,0.9998,0.9836,0.9979,1.0,0.8766
2397,0.9872,0.906,0.9999,1.0,0.9415
2398,1.0,0.8597,1.0,1.0,0.9816
2399,0.7292,0.9736,0.578,0.9867,0.9685
2400,0.9999,0.9022,0.9998,0.9992,0.1029
2401,1.0,0.6279,1.0,1.0,0.9406
2402,0.9987,0.961,0.9998,1.0,0.9629
2403,1.0,0.9618,0.9999,1.0,0.8625
2404,0.9993,0.9518,0.9096,0.8938,0.356
2405,0.9443,0.9627,0.9968,1.0,0.972
2406,0.9761,0.9974,0.8536,0.7679,0.9842
2407,1.0,0.9473,0.9992,0.9998,0.5643
2408,0.9995,0.881,0.9993,0.9998,0.9999
2409,1.0,0.9892,0.9998,0.9998,0.966
2410,1.0,0.4544,0.9997,1.0,0.9998
2411,0.9996,0.6717,0.9999,1.0,0.9935
2412,0.9999,0.3864,0.9999,1.0,0.2689
2413,0.9946,0.9889,0.9998,0.9997,0.9994
2414,0.9998,0.9952,0.9897,0.9993,0.6556
2415,0.9996,0.8694,0.9989,0.9998,0.9989
2416,0.9997,0.9801,0.997,0.9997,0.9318
2417,0.9984,0.7648,0.9997,0.9998,0.6917
2418,0.9993,0.9992,0.9422,0.9982,0.9976
2419,0.9976,0.941,0.9997,0.9999,0.9426
2420,0.2907,0.9438,0.2551,0.4053,0.619
2421,0.9996,0.9521,0.9995,0.9994,0.9336
2422,1.0,0.9973,1.0,1.0,0.9439
2423,0.9977,0.9984,0.9965,0.9991,0.9918
2424,0.9989,0.5879,0.9931,0.8889,0.9342
2425,0.9998,0.4583,0.9997,0.9993,0.9861
2426,0.9668,0.9774,0.9967,1.0,0.404
2427,1.0,0.5563,0.9994,0.9992,0.996
2428,0.9164,0.9562,0.9916,0.9995,0.9161
2429,0.9972,0.6939,0.9975,0.9945,0.9885
2430,0.9237,0.9939,0.9657,0.9991,0.9924
2431,0.9997,0.9004,0.9986,1.0,0.8917
2432,1.0,0.9909,0.9997,1.0,0.4683
2433,1.0,0.9507,0.9995,1.0,0.7012
2434,0.9994,0.9915,0.9998,0.9999,0.9496
2435,1.0,0.9129,0.9996,0.9997,0.9952
2436,0.9975,0.5658,0.9917,0.9716,0.997
2437,0.9999,0.9296,0.9988,1.0,0.6448
2438,1.0,0.9443,0.9998,0.9996,0.9646
2439,0.9974,0.5336,0.986,0.9952,0.9306
2440,0.9779,0.9542,0.8998,0.995,0.0384
2441,1.0,0.819,0.9998,1.0,0.9404
2442,0.9997,0.9802,0.9989,0.9999,0.8435
2443,1.0,0.4971,0.9997,1.0,0.8889
2444,0.9999,0.9946,0.9985,0.9996,0.9233
2445,1.0,0.8271,0.9981,1.0,0.317
2446,0.9944,0.7067,0.973,0.999,0.8229
2447,0.999,0.9005,0.9964,0.9996,0.7628
2448,0.9963,0.9141,0.9939,0.9999,0.9561
2449,0.9997,0.9523,0.978,0.999,0.6816
2450,0.9994,0.9884,0.9997,0.9999,0.8911
2451,0.9999,0.138,0.9999,0.9997,0.862
2452,0.9993,0.8086,0.9987,0.9996,0.8608
2453,0.9994,0.9931,0.9994,0.9995,0.6469
2454,0.9985,0.854,0.9998,1.0,0.9685
2455,1.0,0.9401,0.9999,0.9999,0.9908
2456,0.9977,0.8794,0.9856,0.9997,0.0096
2457,1.0,0.9779,0.9928,0.9979,0.8294
2458,1.0,0.5265,1.0,1.0,0.834
2459,1.0,0.7649,0.9992,0.9999,0.96
2460,0.9989,0.6971,0.9988,0.9999,0.2215
2461,0.9998,0.9829,0.9994,1.0,0.8665
2462,1.0,0.9935,0.9962,0.9998,0.862
2463,0.9994,0.9792,0.9618,0.9351,0.0388
2464,1.0,0.2412,1.0,1.0,0.9867
2465,0.9986,0.4569,0.9973,0.9998,0.9899
2466,0.8783,0.3748,0.1354,0.5348,0.0119
2467,0.9972,0.9616,0.9964,0.9963,0.911
2468,0.9945,0.9632,0.9937,0.997,0.4827
2469,0.9988,0.9514,0.9904,0.9999,0.9807
2470,0.9794,1.0,0.8096,0.6467,0.9962
2471,1.0,0.7951,0.9992,1.0,0.9778
2472,0.989,0.8351,0.9877,0.9948,0.5333
2473,0.9998,0.9804,0.9971,0.9981,0.9776
2474,0.9108,0.0156,0.9978,0.9923,0.9525
2475,1.0,0.9167,1.0,1.0,0.9923
2476,0.9747,0.9408,0.7807,0.9468,0.9221
2477,0.9977,0.8842,0.9476,0.9996,0.8133
2478,0.9999,0.9972,0.9918,0.9976,0.9247
2479,0.9999,0.1548,0.9986,1.0,0.1477
2480,0.9999,0.6059,0.9998,0.9999,0.9944
2481,0.9997,0.964,0.9894,1.0,0.6175
2482,0.9998,0.9226,0.9982,0.9993,0.2479
2483,1.0,0.993,0.9996,0.9999,0.8177
2484,1.0,0.9614,0.9994,1.0,0.7016
2485,1.0,0.9994,0.9978,1.0,0.9474
2486,0.7751,0.9862,0.9697,0.9911,0.1829
2487,1.0,0.9912,0.9999,1.0,0.9097
2488,1.0,0.9682,0.9999,1.0,0.878
2489,1.0,0.5824,0.9998,1.0,0.9956
2490,1.0,0.6031,0.9999,1.0,0.9921
2491,0.7637,0.9491,0.9165,0.9998,0.9841
2492,0.9999,0.6288,0.9997,0.9998,0.9991
2493,0.9881,0.9655,0.9995,1.0,0.4767
2494,1.0,0.9631,1.0,1.0,0.9341
2495,0.9842,0.7197,0.987,0.9953,0.793
2496,0.9966,0.9692,0.8997,0.9999,0.8731
2497,0.9999,0.9858,0.9992,0.9999,0.7507
2498,1.0,0.9517,0.9998,0.9998,0.0556
2499,1.0,0.6899,0.9999,1.0,0.9935
2500,1.0,0.9919,0.9998,1.0,0.99
2501,0.9999,0.9574,0.996,1.0,0.8245
2502,1.0,0.9923,1.0,1.0,0.997
2503,0.9999,0.9965,0.9993,1.0,0.4023
2504,0.9994,0.7938,0.9987,1.0,0.9936
2505,1.0,0.9831,0.9997,1.0,0.9618
2506,1.0,0.9496,1.0,1.0,0.9742
2507,1.0,0.9655,0.9998,0.9999,0.8941
2508,1.0,0.3532,0.9999,1.0,0.2193
2509,0.9992,0.9869,0.8728,0.9838,0.9827
2510,0.9996,0.7641,0.9991,0.9992,0.3107
2511,0.9999,0.9484,0.8815,1.0,0.8381
2512,0.9995,0.2821,0.9974,0.9999,0.7342
2513,1.0,0.9969,1.0,1.0,0.9994
2514,1.0,0.8884,0.9994,1.0,0.6434
2515,1.0,0.9026,0.9997,1.0,0.9995
2516,0.976,0.9702,0.997,1.0,0.0389
2517,0.9987,0.9872,0.9996,0.9879,0.9219
2518,0.182,0.5785,0.028,0.0133,0.7882
2519,1.0,0.797,0.9999,1.0,0.8966
2520,0.9961,0.893,0.9993,0.999,0.6452
2521,0.0147,0.5018,0.0473,0.111,0.9193
2522,0.9947,0.993,0.9998,0.9998,0.9905
2523,0.9998,0.9178,0.9989,0.9997,0.9797
2524,0.9987,0.7787,0.9968,1.0,0.3939
2525,0.9999,0.842,1.0,1.0,1.0
2526,1.0,0.9712,0.9999,1.0,0.9288
2527,0.5168,0.743,0.5733,0.0875,0.074
2528,0.9995,0.7034,0.9974,1.0,0.8909
2529,1.0,0.8673,0.9999,0.9999,0.9822
2530,0.0487,0.9513,0.9698,0.8664,0.4661
2531,1.0,0.9557,1.0,1.0,0.9782
2532,1.0,0.9533,0.9915,0.9971,0.9096
2533,0.0001,0.0682,0.01,0.0236,0.5969
2534,1.0,0.9867,0.9994,0.9996,0.9993
2535,0.0266,0.9905,0.0664,0.7999,0.83
2536,1.0,0.9561,1.0,1.0,0.946
2537,1.0,0.8785,1.0,1.0,0.9157
2538,0.9969,0.9995,0.9996,0.9935,0.9955
2539,0.9835,0.9967,0.97,0.9997,0.9595
2540,0.9936,0.5581,0.9851,0.9998,0.7235
2541,1.0,0.8195,0.999,1.0,0.8238
2542,1.0,0.0324,1.0,1.0,0.9963
2543,1.0,0.9869,1.0,1.0,0.9682
2544,1.0,0.9807,0.9999,1.0,0.9965
2545,0.9997,0.9637,1.0,1.0,0.8849
2546,1.0,0.9926,1.0,1.0,0.794
2547,1.0,0.9026,1.0,1.0,0.9574
2548,0.8944,0.8439,0.9936,0.9797,0.7414
2549,1.0,0.9221,1.0,1.0,0.9757
2550,0.9997,0.9677,0.9948,1.0,0.9897
2551,0.9987,0.6111,0.9999,1.0,0.9984
2552,0.6702,0.5204,0.7205,0.9911,0.0941
2553,0.9992,0.9754,0.9999,1.0,0.9949
2554,0.9661,0.9978,0.9998,0.9999,0.9974
2555,0.9988,0.8493,0.9998,1.0,0.9907
2556,0.1263,0.955,0.1204,0.867,0.7073
2557,0.9996,0.9873,1.0,1.0,0.9824
2558,0.9982,0.9726,0.6623,0.7542,0.9993
2559,1.0,0.1327,0.9993,1.0,0.8456
2560,1.0,0.9712,0.9997,1.0,0.9483
2561,0.9999,0.7859,0.9982,1.0,0.9836
2562,1.0,0.7082,1.0,1.0,0.4856
2563,0.9998,0.9236,0.9999,1.0,0.797
2564,1.0,0.6787,0.9999,1.0,0.5294
2565,1.0,0.8267,1.0,1.0,0.9138
2566,0.9999,0.1646,0.9875,1.0,0.9471
2567,0.9999,0.9621,0.9848,0.9999,0.9768
2568,0.9999,0.9571,1.0,1.0,0.9524
2569,1.0,0.9804,1.0,1.0,0.8267
2570,0.9999,0.6643,1.0,1.0,0.9927
2571,0.9994,0.8601,0.9994,1.0,0.9982
2572,1.0,0.0722,0.9999,1.0,0.2643
2573,0.0,0.9382,0.0005,0.0004,0.9254
2574,0.9983,0.9486,0.9997,1.0,0.7454
2575,1.0,0.5421,0.9999,1.0,0.9988
2576,1.0,0.9834,1.0,1.0,0.9795
2577,0.9997,0.8552,0.9936,0.998,0.5007
2578,0.999,0.952,0.9926,0.9995,0.2345
2579,0.9995,0.8026,0.9999,1.0,0.4796
2580,1.0,0.9743,1.0,1.0,0.9969
2581,0.9996,0.9819,0.9999,1.0,0.9999
2582,1.0,0.0034,1.0,1.0,0.9971
2583,0.001,0.8087,0.0002,0.0,0.7292
2584,1.0,0.6665,1.0,1.0,0.9986
2585,0.9947,0.5073,0.9994,0.9952,0.9891
2586,1.0,0.9701,0.9998,1.0,0.9996
2587,0.9996,0.8986,0.9999,1.0,0.9882
2588,1.0,0.5474,1.0,1.0,0.9619
2589,0.9907,0.9278,0.992,0.9925,0.9853
2590,0.9973,0.9734,0.9985,0.9749,0.7711
2591,0.1451,0.3934,0.0027,0.0029,0.1781
2592,0.7913,0.2947,0.7919,0.9693,0.4867
2593,0.7037,0.6492,0.4444,0.2847,0.5449
2594,0.3589,0.758,0.7726,0.5172,0.4881
2595,0.3169,0.6062,0.7498,0.7841,0.4884
2596,0.5446,0.4677,0.6296,0.821,0.489
2597,0.7476,0.6144,0.427,0.4322,0.4835
2598,0.7225,0.7026,0.3885,0.3973,0.4929
2599,0.2852,0.5207,0.2235,0.0971,0.4887
2600,0.3407,0.2705,0.2514,0.2521,0.4827
2601,0.5878,0.3956,0.7873,0.7346,0.4784
2602,0.4476,0.3732,0.9205,0.9859,0.4942
2603,0.69,0.7679,0.9385,0.9682,0.5213
2604,0.7149,0.5375,0.6983,0.9334,0.5212
2605,0.4723,0.4627,0.868,0.8816,0.4991
2606,0.5254,0.421,0.5013,0.4664,0.4838
2607,0.3314,0.3047,0.6473,0.4625,0.5298
2608,0.5423,0.8785,0.5641,0.8299,0.4816
2609,0.6605,0.3633,0.5029,0.4191,0.5048
2610,0.4074,0.6525,0.8655,0.9672,0.4555
2611,0.7217,0.4273,0.5888,0.7871,0.5234
2612,0.2388,0.8441,0.7768,0.7696,0.5072
2613,0.4977,0.8254,0.8321,0.771,0.5335
2614,0.334,0.6669,0.7705,0.5391,0.4844
2615,0.6059,0.3699,0.5068,0.8799,0.4912
2616,0.745,0.5914,0.967,0.9463,0.5068
2617,0.6378,0.6073,0.8013,0.9576,0.5129
2618,0.6925,0.7778,0.8538,0.9285,0.487
2619,0.7787,0.5287,0.5525,0.8649,0.4911
2620,0.5356,0.6285,0.3676,0.7316,0.4917
2621,0.7778,0.8379,0.9147,0.9472,0.5048
2622,0.759,0.2933,0.7303,0.7189,0.5022
2623,0.6509,0.8613,0.6317,0.6624,0.5053
2624,0.7365,0.4594,0.7332,0.8147,0.5276
2625,0.5522,0.3275,0.4154,0.4386,0.5267
2626,0.5536,0.6134,0.4194,0.59,0.5126
2627,0.8274,0.507,0.9371,0.9549,0.5118
2628,0.4831,0.4485,0.2194,0.1202,0.4917
2629,0.4479,0.5723,0.6644,0.7104,0.4893
2630,0.6873,0.5015,0.3548,0.499,0.5197
2631,0.4637,0.4773,0.6949,0.6206,0.5031
2632,0.5071,0.4835,0.6716,0.6621,0.499
2633,0.8456,0.4697,0.5934,0.8004,0.5182
2634,0.2243,0.728,0.3734,0.4674,0.516
2635,0.8544,0.5454,0.7555,0.7322,0.4875
2636,0.5005,0.6221,0.6609,0.3051,0.4957
2637,0.9499,0.5046,0.7868,0.6527,0.4835
2638,0.3105,0.0811,0.163,0.3012,0.4807
2639,0.3818,0.5688,0.3591,0.6196,0.489
2640,0.8951,0.3645,0.3672,0.4629,0.5174
2641,0.7201,0.52,0.3778,0.4813,0.5003
2642,0.8277,0.8857,0.6615,0.8129,0.5103
2643,0.5716,0.6811,0.7839,0.7573,0.5144
2644,0.5231,0.535,0.2345,0.4562,0.4976
2645,0.6919,0.5016,0.3415,0.6008,0.4994
2646,0.2325,0.3729,0.8591,0.9627,0.5036
2647,0.5342,0.6572,0.8107,0.689,0.5084
2648,0.5532,0.7395,0.5858,0.6269,0.5016
2649,0.6445,0.5714,0.3027,0.57,0.512
2650,0.5842,0.6556,0.4572,0.3554,0.4793
2651,0.5886,0.5696,0.5452,0.3412,0.5063
2652,0.833,0.6087,0.83,0.8645,0.5145
2653,0.7904,0.7404,0.8254,0.8232,0.4905
2654,0.6044,0.4047,0.3546,0.2654,0.5109
2655,0.7233,0.7372,0.643,0.8487,0.5216
2656,0.2457,0.5532,0.2582,0.3839,0.4966
2657,0.6331,0.6341,0.5313,0.3468,0.4996
2658,0.5673,0.4959,0.4212,0.6108,0.5262
2659,0.8165,0.7727,0.8822,0.904,0.4636
2660,0.7065,0.724,0.868,0.9247,0.4969
2661,0.6328,0.643,0.7844,0.963,0.5053
2662,0.7737,0.8324,0.8697,0.9155,0.4984
2663,0.8654,0.5869,0.775,0.9125,0.5253
2664,0.7588,0.7762,0.3401,0.5786,0.5175
2665,0.6187,0.8275,0.7873,0.5762,0.4777
2666,0.3765,0.6047,0.5046,0.4233,0.4814
2667,0.7388,0.8349,0.8937,0.9506,0.4655
2668,0.8423,0.7909,0.6431,0.6226,0.4971
2669,0.2991,0.725,0.4048,0.4025,0.5061
2670,0.8718,0.8018,0.9256,0.9666,0.4879
2671,0.3086,0.898,0.4656,0.261,0.5008
2672,0.6478,0.4687,0.7208,0.8434,0.4826
2673,0.4612,0.568,0.752,0.7844,0.5048
2674,0.6603,0.7077,0.8204,0.833,0.4885
2675,0.3218,0.5617,0.4995,0.3956,0.494
2676,0.5551,0.3322,0.5393,0.6588,0.4856
2677,0.8455,0.5061,0.4949,0.5497,0.4707
2678,0.8782,0.3251,0.7757,0.9022,0.501
2679,0.6702,0.4262,0.7816,0.7595,0.4885
2680,0.6643,0.4998,0.6616,0.7524,0.4914
2681,0.5,0.2271,0.5482,0.7323,0.4965
2682,0.5137,0.601,0.8905,0.9179,0.471
2683,0.8539,0.5862,0.9876,0.9977,0.4711
2684,0.4445,0.457,0.7547,0.5501,0.4837
2685,0.4529,0.4315,0.5882,0.6527,0.492
2686,0.573,0.6727,0.7258,0.742,0.5058
2687,0.3056,0.4373,0.5693,0.4407,0.4915
2688,0.7749,0.4469,0.7389,0.6711,0.4912
2689,0.5214,0.6835,0.7672,0.9458,0.4905
2690,0.5927,0.4474,0.6726,0.7103,0.4956
2691,0.8392,0.7567,0.7485,0.8497,0.5011
2692,0.8563,0.4894,0.7278,0.8005,0.4793
2693,0.2778,0.654,0.4656,0.6633,0.485
2694,0.6166,0.8285,0.7978,0.6915,0.4802
2695,0.4049,0.5933,0.369,0.2863,0.49
2696,0.5499,0.4812,0.4311,0.5145,0.4903
2697,0.8046,0.6009,0.6992,0.7334,0.4949
2698,0.4605,0.6876,0.7347,0.8816,0.5323
2699,0.7065,0.7318,0.6691,0.776,0.5222
2700,0.7501,0.4619,0.6347,0.7966,0.5013
2701,0.726,0.7731,0.6544,0.7318,0.5024
2702,0.3785,0.6882,0.6693,0.7615,0.5135
2703,0.5472,0.8353,0.6644,0.6917,0.5
2704,0.9555,0.4825,0.892,0.9335,0.5111
2705,0.3165,0.7231,0.5552,0.5336,0.5359
2706,0.5759,0.8147,0.8628,0.827,0.5015
2707,0.2894,0.5911,0.6507,0.248,0.4794
2708,0.5424,0.909,0.578,0.4925,0.5276
2709,0.6404,0.3877,0.4092,0.3468,0.5199
2710,0.5948,0.7602,0.5907,0.8008,0.4885
2711,0.8187,0.4562,0.7558,0.7429,0.5066
2712,0.3855,0.3992,0.5252,0.7593,0.4892
2713,0.7888,0.2226,0.8375,0.6479,0.4815
2714,0.3224,0.8099,0.4511,0.7727,0.5176
2715,0.3644,0.4808,0.7295,0.3192,0.4838
2716,0.3755,0.2573,0.8623,0.8343,0.4632
2717,0.795,0.5995,0.8078,0.3568,0.495
2718,0.6558,0.6017,0.3528,0.2684,0.5014
2719,0.7449,0.618,0.6543,0.6059,0.5036
2720,0.4955,0.7985,0.7694,0.6328,0.4983
2721,0.6646,0.7037,0.2266,0.4461,0.5146
2722,0.665,0.8201,0.7754,0.9055,0.5171
2723,0.5967,0.5268,0.3912,0.4812,0.5114
2724,0.1318,0.9002,0.421,0.3753,0.5038
2725,0.552,0.8519,0.7416,0.8326,0.4942
2726,0.8661,0.2913,0.7836,0.9513,0.4606
2727,0.2567,0.6124,0.2324,0.3669,0.4939
2728,0.6867,0.4385,0.8702,0.947,0.4773
2729,0.4014,0.5115,0.2251,0.1581,0.5164
2730,0.6357,0.9488,0.7317,0.778,0.4956
2731,0.576,0.7669,0.2754,0.4334,0.5252
2732,0.9011,0.4843,0.9219,0.835,0.4737
2733,0.5172,0.5446,0.7774,0.6972,0.5162
2734,0.5371,0.7307,0.4233,0.3808,0.513
2735,0.5919,0.3904,0.7439,0.9354,0.5134
2736,0.191,0.7689,0.444,0.6071,0.5373
2737,0.4172,0.5253,0.6288,0.7651,0.5578
2738,0.6999,0.5153,0.6977,0.8325,0.5287
2739,0.4541,0.6663,0.7736,0.384,0.5378
2740,0.6903,0.699,0.3712,0.7601,0.5362
2741,0.438,0.2892,0.8223,0.7998,0.4911
2742,0.3772,0.4164,0.3899,0.425,0.4766
2743,0.5722,0.6052,0.6381,0.2979,0.4816
2744,0.4929,0.3829,0.7922,0.9057,0.4927
2745,0.7137,0.0506,0.6296,0.6485,0.527
2746,0.3357,0.3417,0.6653,0.6085,0.4276
2747,0.6322,0.471,0.5076,0.7132,0.5267
2748,0.7882,0.7179,0.3562,0.4483,0.4992
2749,0.7232,0.572,0.5415,0.4906,0.5509
2750,0.3295,0.4954,0.5959,0.888,0.4756
2751,0.8727,0.6685,0.9441,0.942,0.5167
2752,0.5623,0.5655,0.5005,0.7303,0.5892
2753,0.2793,0.6681,0.5777,0.4126,0.5276
2754,0.593,0.5004,0.7704,0.8355,0.4931
2755,0.319,0.604,0.5057,0.5418,0.5263
2756,0.2994,0.7072,0.8339,0.9365,0.4663
2757,0.6817,0.5435,0.5702,0.8017,0.4875
2758,0.8907,0.5158,0.9714,0.9725,0.469
2759,0.5235,0.2689,0.6613,0.6028,0.5197
2760,0.6397,0.6447,0.7382,0.7816,0.4838
2761,0.7501,0.2983,0.8848,0.9418,0.4283
2762,0.5078,0.6722,0.5606,0.423,0.4803
2763,0.7097,0.7074,0.8215,0.9256,0.4975
2764,0.7712,0.5752,0.252,0.1723,0.5495
2765,0.3739,0.4747,0.4023,0.3631,0.5651
2766,0.3229,0.3346,0.2253,0.3384,0.4997
2767,0.443,0.2788,0.9771,0.9849,0.4683
2768,0.5789,0.4767,0.912,0.574,0.5651
2769,0.0468,0.3881,0.4281,0.5635,0.4664
2770,0.8516,0.6262,0.7125,0.4002,0.5104
2771,0.6686,0.212,0.6655,0.8354,0.4674
2772,0.7808,0.8075,0.5097,0.7207,0.4927
2773,0.428,0.8038,0.7379,0.6867,0.4243
2774,0.6251,0.7436,0.8045,0.7398,0.4993
2775,0.6318,0.3991,0.7652,0.7937,0.494
2776,0.6296,0.2705,0.3926,0.6542,0.5127
2777,0.3599,0.689,0.2614,0.188,0.5066
2778,0.7598,0.3172,0.4007,0.6836,0.5636
2779,0.7589,0.3268,0.3283,0.3106,0.4869
2780,0.7643,0.6489,0.9196,0.9757,0.451
2781,0.7053,0.6962,0.6332,0.5685,0.491
2782,0.5348,0.5279,0.4853,0.6233,0.4689
2783,0.8239,0.928,0.7899,0.7398,0.5521
2784,0.7189,0.3139,0.707,0.6477,0.5157
2785,0.5213,0.5307,0.7044,0.4911,0.5462
2786,0.4437,0.7392,0.3861,0.6717,0.4095
2787,0.4686,0.385,0.4365,0.7582,0.4393
2788,0.9554,0.5623,0.7547,0.6991,0.4567
2789,0.8897,0.2762,0.7495,0.9572,0.4534
2790,0.97,0.5148,0.6954,0.6737,0.4711
2791,0.5908,0.6954,0.9601,0.9558,0.5049
2792,0.6393,0.534,0.4353,0.6277,0.5145
2793,0.6214,0.575,0.5685,0.7049,0.5034
2794,0.3722,0.5422,0.498,0.5969,0.4959
2795,0.5101,0.8501,0.6929,0.5921,0.4936
2796,0.3163,0.7275,0.6242,0.5119,0.4811
2797,0.5789,0.8796,0.8729,0.5742,0.4636
2798,0.8715,0.7776,0.5204,0.4673,0.4838
2799,0.9312,0.5818,0.836,0.8538,0.4721
2800,0.5237,0.5052,0.4664,0.4228,0.5261
2801,0.5905,0.5934,0.3197,0.3376,0.4969
2802,0.6661,0.5874,0.9699,0.9586,0.5043
2803,0.664,0.8059,0.8016,0.7443,0.4969
2804,0.8942,0.7221,0.9756,0.9832,0.492
2805,0.5646,0.652,0.4104,0.7731,0.4347
2806,0.577,0.7109,0.8557,0.9554,0.5073
2807,0.8362,0.6824,0.713,0.7209,0.4438
2808,0.7546,0.4661,0.9135,0.8615,0.5089
2809,0.8596,0.8394,0.5818,0.7986,0.4265
2810,0.3275,0.7088,0.7333,0.5876,0.528
2811,0.5246,0.5275,0.6363,0.35,0.4738
2812,0.572,0.6333,0.2764,0.3554,0.4685
2813,0.5355,0.6656,0.5615,0.8372,0.5031
2814,0.4695,0.8368,0.7135,0.7248,0.4933
2815,0.7118,0.5096,0.6012,0.8262,0.4801
2816,0.5638,0.7032,0.5549,0.3997,0.5587
2817,0.7467,0.1988,0.8117,0.8891,0.5224
2818,0.3925,0.3787,0.4385,0.256,0.483
2819,0.4015,0.2775,0.6599,0.5958,0.468
2820,0.888,0.4827,0.3287,0.4707,0.5676
2821,0.2271,0.3446,0.3271,0.4042,0.5088
2822,0.865,0.4395,0.583,0.7304,0.5432
2823,0.7663,0.51,0.7658,0.7803,0.5038
2824,0.4604,0.3536,0.4282,0.6058,0.5228
2825,0.9554,0.3833,0.8247,0.762,0.4626
2826,0.8891,0.3253,0.7187,0.6738,0.4836
2827,0.6116,0.6659,0.7147,0.8326,0.4721
2828,0.8301,0.6168,0.6685,0.6133,0.5149
2829,0.4903,0.5043,0.3507,0.6589,0.5131
2830,0.7339,0.1762,0.8295,0.9057,0.4866
2831,0.6074,0.8284,0.423,0.4075,0.547
2832,0.403,0.4125,0.529,0.64,0.4593
2833,0.5223,0.389,0.5387,0.4448,0.4566
2834,0.8367,0.6429,0.6998,0.7727,0.4818
2835,0.6734,0.1811,0.7972,0.8465,0.4472
2836,0.9676,0.325,0.7792,0.8841,0.5138
2837,0.5385,0.6565,0.4435,0.3634,0.5113
2838,0.7,0.5272,0.6449,0.8217,0.4344
2839,0.7641,0.6488,0.8057,0.9592,0.3804
2840,0.791,0.5733,0.6294,0.6889,0.5319
2841,0.676,0.6342,0.8285,0.9219,0.5035
2842,0.6609,0.725,0.462,0.4728,0.4557
2843,0.6747,0.2588,0.9497,0.9868,0.5402
2844,0.6505,0.6806,0.74,0.8271,0.4729
2845,0.1166,0.7661,0.3851,0.3946,0.5269
2846,0.6952,0.5102,0.6744,0.7779,0.4585
2847,0.184,0.582,0.9381,0.9577,0.543
2848,0.3638,0.6555,0.46,0.5149,0.4447
2849,0.7294,0.423,0.8885,0.8987,0.5355
2850,0.4211,0.1673,0.3193,0.2476,0.5018
2851,0.5402,0.6285,0.6014,0.743,0.4184
2852,0.2224,0.9454,0.2987,0.2966,0.5137
2853,0.3678,0.7604,0.3524,0.4965,0.3995
2854,0.5249,0.6803,0.459,0.3913,0.5049
2855,0.3362,0.7995,0.4742,0.3342,0.4729
2856,0.4449,0.561,0.293,0.2718,0.5255
2857,0.5391,0.3145,0.347,0.4863,0.4287
2858,0.8284,0.7176,0.6205,0.5343,0.5115
2859,0.7419,0.5499,0.8381,0.9296,0.4432
2860,0.803,0.9049,0.3666,0.6471,0.4751
2861,0.07,0.3424,0.7956,0.7053,0.463
2862,0.6055,0.6764,0.5105,0.7758,0.5023
2863,0.8095,0.6041,0.8613,0.8274,0.5067
2864,0.5192,0.8372,0.2995,0.4134,0.5125
2865,0.7801,0.5065,0.8051,0.7984,0.532
2866,0.6559,0.3296,0.2613,0.3188,0.4977
2867,0.6577,0.5519,0.248,0.4691,0.516
2868,0.7287,0.8688,0.5634,0.7263,0.5023
2869,0.716,0.5167,0.3532,0.4055,0.4867
2870,0.4393,0.3502,0.2669,0.3676,0.4433
2871,0.5568,0.5219,0.8269,0.6815,0.5115
2872,0.7608,0.8391,0.8909,0.8054,0.4867
2873,0.5545,0.5199,0.7817,0.8875,0.4931
2874,0.8108,0.6808,0.8218,0.8841,0.4592
2875,0.1103,0.7235,0.0019,0.0655,0.5351
2876,0.2539,0.3596,0.3599,0.6361,0.5001
2877,0.7447,0.5073,0.8668,0.8448,0.4828
2878,0.5122,0.7858,0.3213,0.5626,0.4896
2879,0.8047,0.367,0.8539,0.7125,0.4929
2880,0.4176,0.8552,0.6711,0.6899,0.5309
2881,0.3237,0.346,0.423,0.4591,0.5013
2882,0.8294,0.695,0.9351,0.9301,0.4705
2883,0.7373,0.6173,0.7485,0.791,0.4782
2884,0.912,0.5938,0.7604,0.8612,0.4808
2885,0.633,0.8402,0.4154,0.4278,0.479
2886,0.6367,0.5597,0.5876,0.5251,0.5024
2887,0.6152,0.4821,0.9302,0.9552,0.5297
2888,0.7158,0.451,0.3909,0.6877,0.4674
2889,0.7373,0.3239,0.3825,0.466,0.485
2890,0.9498,0.6771,0.7437,0.7374,0.4813
2891,0.375,0.7137,0.3512,0.3298,0.5
2892,0.7234,0.3775,0.6204,0.6965,0.5023
2893,0.6813,0.4836,0.944,0.9366,0.3821
2894,0.8494,0.3499,0.9567,0.9593,0.4961
2895,0.4627,0.2867,0.3922,0.4007,0.5109
2896,0.2453,0.7055,0.59,0.4403,0.4581
2897,0.888,0.4665,0.6545,0.7308,0.5523
2898,0.491,0.6221,0.5692,0.2503,0.5226
2899,0.2714,0.2699,0.2933,0.2112,0.5278
2900,0.2639,0.454,0.2383,0.4202,0.4976
2901,0.4297,0.8231,0.7425,0.7489,0.5014
2902,0.3638,0.2729,0.5396,0.6047,0.5656
2903,0.3151,0.672,0.5313,0.5111,0.487
2904,0.6531,0.7103,0.7777,0.6038,0.4852
2905,0.1542,0.2224,0.3764,0.4574,0.4975
2906,0.5358,0.6946,0.4487,0.5444,0.495
2907,0.7979,0.5048,0.3784,0.5088,0.467
2908,0.7745,0.465,0.5508,0.3806,0.5389
2909,0.4968,0.3214,0.6809,0.7028,0.4889
2910,0.7855,0.6976,0.3405,0.4254,0.4856
2911,0.2635,0.2823,0.3344,0.4626,0.4937
2912,0.7715,0.2505,0.5165,0.7825,0.53
2913,0.8678,0.717,0.716,0.542,0.4763
2914,0.4225,0.6542,0.7804,0.7334,0.4919
2915,0.2844,0.7532,0.3557,0.6843,0.5123
2916,0.7363,0.4948,0.3864,0.536,0.5182
2917,0.7597,0.6933,0.5485,0.5781,0.4688
2918,0.2327,0.5497,0.7203,0.53,0.5214
2919,0.6306,0.7536,0.2557,0.2636,0.4845
2920,0.2917,0.5725,0.1963,0.3476,0.4916
2921,0.7617,0.4584,0.762,0.6222,0.5062
2922,0.9128,0.5816,0.8227,0.9198,0.4941
2923,0.865,0.5672,0.4227,0.6567,0.5081
2924,0.25,0.2667,0.6308,0.6379,0.4939
2925,0.5753,0.6234,0.6643,0.6488,0.457
2926,0.0992,0.7176,0.3581,0.6472,0.497
2927,0.8659,0.5251,0.8346,0.4314,0.5271
2928,0.409,0.3634,0.4787,0.4572,0.4747
2929,0.5655,0.6945,0.2835,0.6892,0.5206
2930,0.5417,0.7713,0.2752,0.4606,0.5273
2931,0.8383,0.9061,0.7653,0.9595,0.493
2932,0.3604,0.6095,0.5654,0.7123,0.4887
2933,0.6117,0.6172,0.6081,0.5326,0.4822
2934,0.7155,0.7588,0.6449,0.5148,0.4658
2935,0.2226,0.4473,0.2572,0.4219,0.5156
2936,0.9058,0.7409,0.891,0.8823,0.5104
2937,0.3737,0.4952,0.4107,0.2625,0.5492
2938,0.3838,0.7167,0.4667,0.4003,0.5167
2939,0.8351,0.6737,0.5217,0.4554,0.5647
2940,0.2852,0.629,0.6515,0.5976,0.4775
2941,0.7675,0.7282,0.6838,0.8312,0.5204
2942,0.8834,0.7399,0.8271,0.9121,0.4618
2943,0.5771,0.724,0.4482,0.3362,0.533
2944,0.7757,0.6493,0.5924,0.8175,0.4803
2945,0.8833,0.8552,0.8582,0.8673,0.4762
2946,0.4199,0.8152,0.5881,0.4674,0.4583
2947,0.2456,0.8433,0.4476,0.4893,0.4765
2948,0.861,0.6647,0.6626,0.6387,0.5293
2949,0.6929,0.8574,0.4969,0.5062,0.5096
2950,0.9601,0.6315,0.65,0.8898,0.5218
2951,0.449,0.7024,0.4437,0.6237,0.5022
2952,0.575,0.7566,0.7208,0.7063,0.5544
2953,0.3346,0.6608,0.6081,0.7758,0.5188
2954,0.8501,0.8895,0.8764,0.9045,0.4709
2955,0.3111,0.7055,0.1792,0.1136,0.559
2956,0.3186,0.2412,0.2837,0.1212,0.5091
2957,0.8721,0.5695,0.9137,0.9543,0.4646
2958,0.782,0.5656,0.9367,0.6842,0.4454
2959,0.7577,0.7647,0.9922,0.9958,0.4575
2960,0.4777,0.8814,0.6244,0.6005,0.5161
2961,0.8389,0.7145,0.4143,0.7575,0.4981
2962,0.2591,0.6782,0.6129,0.4413,0.5146
2963,0.4281,0.6777,0.6553,0.7013,0.5214
2964,0.9004,0.6852,0.8788,0.9625,0.4419
2965,0.6643,0.3244,0.323,0.6054,0.516
2966,0.1759,0.54,0.5702,0.3405,0.4613
2967,0.4228,0.5991,0.3293,0.4071,0.4966
2968,0.3459,0.4603,0.4356,0.629,0.4704
2969,0.9472,0.3047,0.6648,0.9089,0.5225
2970,0.9459,0.528,0.5911,0.8355,0.4161
2971,0.8091,0.6244,0.7355,0.5285,0.5185
2972,0.8667,0.508,0.7824,0.7799,0.5173
2973,0.959,0.7628,0.7491,0.852,0.5233
2974,0.596,0.281,0.4259,0.5478,0.5056
2975,0.5112,0.485,0.6736,0.6362,0.5158
2976,0.8998,0.6542,0.6429,0.7813,0.5411
2977,0.7896,0.7241,0.7864,0.9146,0.4945
2978,0.2969,0.77,0.7022,0.6044,0.5018
2979,0.3064,0.8421,0.5038,0.5064,0.4511
2980,0.9329,0.6534,0.7539,0.9378,0.5166
2981,0.9358,0.6241,0.6377,0.8289,0.4509
2982,0.8,0.3648,0.6202,0.5659,0.4902
2983,0.6361,0.5032,0.463,0.4556,0.4862
2984,0.7635,0.8056,0.2477,0.4651,0.4942
2985,0.6645,0.9157,0.7679,0.6907,0.5149
2986,0.771,0.4741,0.7238,0.282,0.5075
2987,0.4786,0.7973,0.5491,0.1819,0.5077
2988,0.5052,0.9228,0.5953,0.3358,0.4954
2989,0.8913,0.5545,0.75,0.5559,0.4337
2990,0.7103,0.2214,0.5216,0.6623,0.5208
2991,0.7756,0.6967,0.5642,0.6366,0.4798
2992,0.5982,0.4681,0.5915,0.669,0.4975
2993,0.9096,0.8703,0.7797,0.9456,0.5264
2994,0.9579,0.3423,0.7808,0.5108,0.4942
2995,0.7763,0.7882,0.7556,0.8551,0.4678
2996,0.4709,0.3653,0.5952,0.7727,0.5391
2997,0.8372,0.5774,0.6686,0.6095,0.4824
2998,0.8831,0.5502,0.7598,0.769,0.4858
2999,0.7061,0.2329,0.6229,0.4687,0.4755
3000,0.9198,0.8423,0.8629,0.5882,0.4801
3001,0.4189,0.7784,0.4915,0.745,0.5332
3002,0.8876,0.7336,0.7956,0.7416,0.46
3003,0.3369,0.6665,0.3421,0.5656,0.5245
3004,0.401,0.6366,0.5164,0.6874,0.5097
3005,0.7585,0.1943,0.7975,0.2946,0.4637
3006,0.5127,0.5093,0.3977,0.4697,0.5132
3007,0.3628,0.3647,0.587,0.7685,0.4438
3008,0.7008,0.9103,0.7931,0.9186,0.4386
3009,0.0753,0.7614,0.7341,0.407,0.4488
3010,0.5699,0.574,0.4381,0.712,0.5185
3011,0.3479,0.5393,0.7177,0.8602,0.4836
3012,0.9196,0.499,0.5875,0.8808,0.5281
3013,0.7771,0.9322,0.488,0.8575,0.508
3014,0.3857,0.2124,0.5823,0.4455,0.5306
3015,0.6724,0.3495,0.6857,0.6264,0.4308
3016,0.1786,0.7838,0.179,0.1849,0.544
3017,0.8102,0.4116,0.6727,0.7436,0.5419
3018,0.7221,0.6619,0.658,0.8258,0.5029
3019,0.2672,0.5652,0.315,0.15,0.5253
3020,0.2799,0.8104,0.4823,0.6837,0.4528
3021,0.1594,0.5614,0.4239,0.2078,0.5192
3022,0.6794,0.4448,0.7041,0.5649,0.4686
3023,0.4321,0.7458,0.5559,0.3972,0.515
3024,0.334,0.2711,0.3377,0.4161,0.5027
3025,0.6557,0.916,0.4913,0.7597,0.5035
3026,0.694,0.4939,0.7255,0.8549,0.5117
3027,0.2325,0.7654,0.5405,0.7281,0.5079
3028,0.2455,0.5633,0.3637,0.8813,0.494
3029,0.4571,0.6562,0.6184,0.8112,0.5012
3030,0.273,0.6728,0.5114,0.6134,0.4989
3031,0.4837,0.2678,0.8431,0.9645,0.5043
3032,0.6152,0.3115,0.7332,0.7907,0.5029
3033,0.6832,0.3894,0.6609,0.4061,0.4813
3034,0.8991,0.7198,0.895,0.8604,0.5078
3035,0.5979,0.5939,0.6274,0.6819,0.4899
3036,0.5118,0.761,0.3367,0.6033,0.524
3037,0.3962,0.9356,0.1784,0.2858,0.5106
3038,0.7413,0.3914,0.6676,0.8633,0.4911
3039,0.271,0.2699,0.7498,0.5074,0.5176
3040,0.415,0.2491,0.8741,0.8348,0.5084
3041,0.6411,0.5454,0.8975,0.8792,0.4905
3042,0.8864,0.4731,0.8884,0.6856,0.4911
3043,0.6199,0.6167,0.4415,0.2123,0.5059
3044,0.5789,0.2798,0.9449,0.9844,0.5016
3045,0.2225,0.7789,0.6611,0.6125,0.508
3046,0.2214,0.6137,0.4753,0.2507,0.5215
3047,0.8739,0.5387,0.8836,0.9137,0.524
3048,0.473,0.5956,0.6619,0.4635,0.5122
3049,0.7048,0.7203,0.2898,0.2748,0.4961
3050,0.665,0.7236,0.4193,0.1265,0.4976
3051,0.6669,0.6802,0.8054,0.6653,0.5142
3052,0.6335,0.9144,0.8743,0.7933,0.5172
3053,0.8522,0.6418,0.5863,0.9028,0.5009
3054,0.393,0.3334,0.6155,0.1168,0.4978
3055,0.5156,0.4002,0.2025,0.1723,0.5108
3056,0.3101,0.2282,0.3665,0.6321,0.4827
3057,0.2714,0.8894,0.8275,0.7173,0.5125
3058,0.9556,0.3955,0.8052,0.8259,0.5204
3059,0.5178,0.6111,0.9136,0.9038,0.5202
3060,0.6944,0.2715,0.497,0.5722,0.5036
3061,0.6685,0.321,0.3807,0.1192,0.4845
3062,0.3509,0.2332,0.5253,0.8325,0.4848
3063,0.8884,0.6788,0.6806,0.6331,0.5113
3064,0.2409,0.6701,0.6617,0.5052,0.5117
3065,0.3289,0.5773,0.2848,0.2607,0.4885
3066,0.6407,0.7453,0.7881,0.5819,0.5195
3067,0.1695,0.8313,0.4002,0.2299,0.5161
3068,0.5537,0.4781,0.9049,0.8261,0.4891
3069,0.3615,0.6969,0.5875,0.4448,0.4902
3070,0.2864,0.4879,0.3925,0.5077,0.5023
3071,0.7068,0.3365,0.2851,0.5322,0.511
3072,0.6909,0.3893,0.6174,0.849,0.5058
3073,0.7084,0.3693,0.5651,0.3443,0.4791
3074,0.5313,0.7475,0.7361,0.6452,0.5205
3075,0.8122,0.6988,0.4807,0.3571,0.4906
3076,0.8534,0.6701,0.7381,0.515,0.5147
3077,0.7876,0.6912,0.4567,0.3542,0.4912
3078,0.5034,0.6074,0.3269,0.2006,0.488
3079,0.6514,0.6816,0.895,0.9043,0.5118
3080,0.8316,0.4199,0.4977,0.6131,0.5227
3081,0.5242,0.3516,0.5666,0.8389,0.5099
3082,0.7597,0.6845,0.9162,0.8759,0.5187
3083,0.56,0.8481,0.2368,0.0993,0.476
3084,0.9739,0.7112,0.696,0.893,0.5052
3085,0.9256,0.8557,0.8743,0.9508,0.4849
3086,0.8046,0.5806,0.9515,0.9366,0.4897
3087,0.8122,0.4942,0.5191,0.3596,0.5002
3088,0.5837,0.7772,0.5283,0.7528,0.4819
3089,0.3322,0.6243,0.4956,0.5922,0.4998
3090,0.9132,0.7286,0.8237,0.8393,0.4923
3091,0.9101,0.822,0.8377,0.925,0.5026
3092,0.8358,0.835,0.5459,0.4368,0.4862
3093,0.7831,0.6034,0.5068,0.1573,0.506
3094,0.4329,0.7116,0.5865,0.8071,0.5001
3095,0.5292,0.8837,0.7013,0.812,0.5146
3096,0.6745,0.7164,0.2119,0.785,0.497
3097,0.3565,0.718,0.6688,0.7755,0.5094
3098,0.4578,0.7217,0.5388,0.3804,0.4968
3099,0.4615,0.7292,0.5824,0.8966,0.489
3100,0.3741,0.3902,0.2318,0.1345,0.5037
3101,0.3236,0.4099,0.5174,0.2407,0.5174
3102,0.463,0.4897,0.4219,0.4968,0.5017
3103,0.4212,0.6396,0.3911,0.3821,0.5028
3104,0.5505,0.4763,0.3317,0.3772,0.5102
3105,0.6687,0.6233,0.698,0.452,0.505
3106,0.8565,0.776,0.9427,0.9661,0.4809
3107,0.525,0.8744,0.587,0.4939,0.5112
3108,0.4129,0.4845,0.2776,0.3794,0.5207
3109,0.3281,0.7023,0.6817,0.1287,0.497
3110,0.2775,0.4828,0.3534,0.64,0.4751
3111,0.4942,0.6799,0.7574,0.6844,0.4864
3112,0.3956,0.6489,0.5288,0.3528,0.5116
3113,0.7864,0.5757,0.6281,0.3828,0.5068
3114,0.4786,0.3877,0.4073,0.2704,0.4742
3115,0.4617,0.6332,0.8823,0.9863,0.4937
3116,0.3681,0.4835,0.7158,0.6367,0.5032
3117,0.8566,0.668,0.8242,0.8374,0.5028
3118,0.7314,0.7819,0.7225,0.5939,0.4934
3119,0.8132,0.4468,0.7208,0.5117,0.5183
3120,0.1822,0.5674,0.6849,0.7192,0.4786
3121,0.6114,0.7231,0.7896,0.7657,0.5258
3122,0.7848,0.87,0.4479,0.3601,0.5098
3123,0.7173,0.5186,0.298,0.2911,0.4952
3124,0.5705,0.6954,0.5792,0.4353,0.5338
3125,0.6567,0.3544,0.3283,0.6882,0.4844
3126,0.5819,0.5738,0.8506,0.9266,0.4693
3127,0.1847,0.4144,0.5867,0.8367,0.512
3128,0.3942,0.4251,0.6841,0.9233,0.4814
3129,0.8286,0.6325,0.177,0.4458,0.4896
3130,0.7458,0.7832,0.436,0.3662,0.4934
3131,0.6059,0.846,0.7858,0.8498,0.5324
3132,0.444,0.6303,0.49,0.2861,0.4847
3133,0.5394,0.5532,0.5783,0.5609,0.521
3134,0.5524,0.6016,0.6337,0.166,0.5126
3135,0.8208,0.7391,0.815,0.9472,0.4606
3136,0.553,0.3474,0.3911,0.5147,0.4983
3137,0.7189,0.2268,0.474,0.2311,0.506
3138,0.6576,0.7271,0.7848,0.61,0.4944
3139,0.7885,0.6138,0.6719,0.6694,0.4778
3140,0.7499,0.2264,0.6803,0.7395,0.4906
3141,0.5279,0.8017,0.5921,0.5143,0.5386
3142,0.2819,0.9188,0.605,0.8619,0.4999
3143,0.5633,0.702,0.6299,0.6555,0.4937
3144,0.2916,0.527,0.5517,0.8463,0.5123
3145,0.6515,0.6287,0.6064,0.7561,0.5006
3146,0.6933,0.7065,0.5703,0.6815,0.4791
3147,0.2433,0.7776,0.7709,0.3917,0.4987
3148,0.5536,0.6634,0.5943,0.5457,0.4673
3149,0.4179,0.5243,0.2842,0.5081,0.5126
3150,0.4449,0.3765,0.4499,0.5374,0.4895
3151,0.9315,0.5293,0.6769,0.8418,0.5051
3152,0.6431,0.929,0.7497,0.7598,0.4736
3153,0.3269,0.568,0.8849,0.8451,0.4797
3154,0.5643,0.8766,0.448,0.3757,0.5043
3155,0.3621,0.7931,0.7729,0.8462,0.4803
3156,0.631,0.6585,0.3093,0.6922,0.5142
3157,0.4499,0.3804,0.6218,0.6801,0.494
3158,0.8452,0.8309,0.8218,0.8157,0.4906
3159,0.809,0.8275,0.2887,0.7098,0.4982
3160,0.5983,0.8378,0.8719,0.9162,0.4798
3161,0.6426,0.8378,0.8901,0.9246,0.4937
3162,0.5717,0.3136,0.1721,0.0457,0.4913
3163,0.5219,0.7529,0.8382,0.8823,0.5029
3164,0.7588,0.3925,0.8952,0.9559,0.4784
3165,0.5262,0.4801,0.1352,0.2251,0.5101
3166,0.3898,0.7079,0.5519,0.5764,0.4887
3167,0.6081,0.4351,0.8626,0.6578,0.4808
3168,0.8039,0.2184,0.4133,0.359,0.4491
3169,0.203,0.5386,0.1346,0.2524,0.3361
3170,0.7084,0.6304,0.6443,0.7686,0.5384
3171,0.4427,0.2199,0.6667,0.5293,0.5628
3172,0.4058,0.5871,0.7182,0.6862,0.4999
3173,0.4814,0.3535,0.7281,0.309,0.5372
3174,0.6935,0.5234,0.7149,0.6381,0.4884
3175,0.9841,0.7353,0.9595,0.9862,0.5006
3176,0.4828,0.4417,0.8384,0.6676,0.5178
3177,0.2179,0.5331,0.6707,0.6154,0.4342
3178,0.3539,0.3424,0.2955,0.2563,0.4378
3179,0.5168,0.8993,0.7412,0.7162,0.5463
3180,0.9249,0.6085,0.7643,0.6339,0.5336
3181,0.5199,0.465,0.5314,0.5707,0.5184
3182,0.4936,0.7608,0.6356,0.7807,0.4918
3183,0.7384,0.1826,0.9522,0.9956,0.4771
3184,0.3194,0.4324,0.7619,0.6871,0.5348
3185,0.5805,0.6384,0.6268,0.4837,0.4534
3186,0.6956,0.273,0.5458,0.5916,0.5525
3187,0.8474,0.7493,0.8835,0.9426,0.4732
3188,0.2577,0.9307,0.8256,0.647,0.4782
3189,0.5965,0.5276,0.8151,0.9357,0.4974
3190,0.9146,0.1896,0.5844,0.8592,0.5577
3191,0.6234,0.3531,0.7148,0.7061,0.5186
3192,0.3365,0.5049,0.7519,0.9474,0.4375
3193,0.3752,0.7629,0.5892,0.6868,0.4388
3194,0.4347,0.6435,0.5523,0.5626,0.5295
3195,0.3906,0.8314,0.7811,0.7356,0.4938
3196,0.7291,0.7224,0.3634,0.3882,0.4964
3197,0.7462,0.3311,0.6037,0.4599,0.5081
3198,0.8302,0.5106,0.1861,0.37,0.4943
3199,0.7622,0.7662,0.6992,0.8443,0.4882
3200,0.6787,0.3804,0.7652,0.6942,0.4305
3201,0.5774,0.6795,0.2686,0.2054,0.5469
3202,0.3779,0.5052,0.7725,0.6599,0.5082
3203,0.6097,0.2839,0.81,0.7415,0.489
3204,0.3701,0.1674,0.3532,0.621,0.4832
3205,0.1516,0.4548,0.2237,0.4381,0.55
3206,0.9146,0.3873,0.7176,0.887,0.4753
3207,0.7667,0.6468,0.2325,0.1805,0.4423
3208,0.8702,0.7982,0.8479,0.8043,0.5125
3209,0.9479,0.4501,0.5389,0.8425,0.4826
3210,0.4666,0.2445,0.2322,0.8438,0.4403
3211,0.5544,0.5383,0.7569,0.7618,0.4944
3212,0.7597,0.7698,0.7475,0.8614,0.4651
3213,0.5466,0.8059,0.5911,0.8063,0.4263
3214,0.3095,0.4147,0.6309,0.3234,0.3895
3215,0.6136,0.7262,0.2502,0.2184,0.5072
3216,0.6076,0.708,0.6609,0.8339,0.528
3217,0.742,0.6299,0.6088,0.4916,0.4951
3218,0.359,0.8552,0.4352,0.589,0.4363
3219,0.4886,0.6469,0.6705,0.9635,0.4925
3220,0.8738,0.3632,0.9049,0.9295,0.4922
3221,0.7853,0.6886,0.7538,0.4915,0.4739
3222,0.4983,0.6677,0.3299,0.5626,0.4331
3223,0.4723,0.7378,0.61,0.4497,0.4771
3224,0.7263,0.7988,0.4295,0.6328,0.4747
3225,0.7587,0.681,0.8294,0.8558,0.477
3226,0.393,0.3762,0.5119,0.6941,0.5091
3227,0.5869,0.8309,0.6937,0.6691,0.5639
3228,0.5056,0.7969,0.5444,0.7722,0.5509
3229,0.3062,0.5939,0.5493,0.3471,0.5368
3230,0.9136,0.3069,0.7696,0.8216,0.463
3231,0.3976,0.0799,0.7027,0.6835,0.5518
3232,0.5996,0.5476,0.4858,0.6415,0.5028
3233,0.5439,0.5178,0.9097,0.7997,0.4817
3234,0.3231,0.8453,0.3105,0.7358,0.4866
3235,0.4868,0.4802,0.4902,0.772,0.5312
3236,0.3577,0.6546,0.4012,0.4059,0.4928
3237,0.3693,0.5241,0.8092,0.6452,0.5491
3238,0.8757,0.7001,0.4851,0.2113,0.4664
3239,0.37,0.41,0.7532,0.7207,0.4718
3240,0.6185,0.7996,0.855,0.7247,0.4963
3241,0.7684,0.8821,0.3823,0.1606,0.44
3242,0.8525,0.6997,0.7613,0.4454,0.4384
3243,0.5916,0.3883,0.5275,0.7869,0.5284
3244,0.6012,0.4955,0.9097,0.9492,0.4849
3245,0.3686,0.8375,0.8117,0.8072,0.5172
3246,0.4533,0.6144,0.6357,0.5066,0.5209
3247,0.7881,0.8308,0.7083,0.7081,0.4981
3248,0.4901,0.7008,0.4155,0.5807,0.5246
3249,0.6653,0.4324,0.5879,0.4329,0.4962
3250,0.6362,0.4414,0.6562,0.5328,0.4487
3251,0.7915,0.3455,0.8309,0.7051,0.4963
3252,0.6811,0.6044,0.647,0.6758,0.5051
3253,0.3689,0.5074,0.4649,0.6357,0.4804
3254,0.5789,0.4936,0.6601,0.6584,0.5474
3255,0.5649,0.6203,0.1982,0.3158,0.4803
3256,0.8211,0.6372,0.8631,0.8174,0.5039
3257,0.5124,0.375,0.5003,0.5462,0.492
3258,0.4952,0.6606,0.7056,0.6001,0.4934
3259,0.7337,0.7188,0.8769,0.6547,0.539
3260,0.7271,0.4362,0.6697,0.661,0.4931
3261,0.5799,0.8102,0.8562,0.8657,0.5167
3262,0.2179,0.4721,0.66,0.4768,0.4891
3263,0.4485,0.7867,0.6213,0.5741,0.4909
3264,0.7716,0.7175,0.5094,0.7194,0.4779
3265,0.6173,0.8105,0.4683,0.5484,0.5084
3266,0.3614,0.5637,0.6278,0.8508,0.5261
3267,0.8622,0.3742,0.8332,0.9103,0.5349
3268,0.5689,0.8809,0.7182,0.7,0.549
3269,0.9406,0.6387,0.8417,0.9798,0.5506
3270,0.4408,0.7341,0.2709,0.3469,0.5045
3271,0.7239,0.5461,0.6381,0.8332,0.4769
3272,0.8398,0.3188,0.6347,0.6839,0.4416
3273,0.5266,0.485,0.4273,0.5598,0.4812
3274,0.9203,0.5216,0.5742,0.7215,0.456
3275,0.6672,0.496,0.5585,0.7915,0.4663
3276,0.9528,0.7881,0.7565,0.8994,0.518
3277,0.6212,0.3057,0.6,0.6705,0.4847
3278,0.2618,0.4206,0.2851,0.4422,0.4611
3279,0.8171,0.454,0.5915,0.3443,0.4859
3280,0.5503,0.4036,0.8918,0.7974,0.5057
3281,0.6083,0.4815,0.6125,0.7433,0.5091
3282,0.7698,0.4851,0.7634,0.7148,0.5524
3283,0.3773,0.3749,0.6771,0.7118,0.4844
3284,0.1445,0.4454,0.5318,0.1956,0.52
3285,0.0945,0.8405,0.3353,0.5474,0.5081
3286,0.5437,0.614,0.5328,0.6181,0.4876
3287,0.7574,0.7316,0.4158,0.5662,0.441
3288,0.9619,0.8509,0.7161,0.7831,0.5461
3289,0.2118,0.5166,0.2579,0.2066,0.5243
3290,0.8754,0.6659,0.3984,0.6859,0.4785
3291,0.252,0.7025,0.629,0.8186,0.5348
3292,0.6514,0.7282,0.7133,0.7242,0.4223
3293,0.7238,0.6292,0.6342,0.5816,0.5417
3294,0.6353,0.8721,0.6417,0.7042,0.5258
3295,0.7692,0.7935,0.8332,0.8349,0.476
3296,0.366,0.4228,0.2576,0.5107,0.4448
3297,0.4559,0.5537,0.6652,0.562,0.446
3298,0.6871,0.8125,0.7341,0.7643,0.5384
3299,0.5159,0.281,0.5349,0.5307,0.4624
3300,0.9436,0.5523,0.4302,0.3719,0.5121
3301,0.7006,0.8499,0.694,0.8226,0.4597
3302,0.3448,0.3047,0.2457,0.2944,0.492
3303,0.4395,0.5855,0.5113,0.2875,0.473
3304,0.9322,0.8136,0.8284,0.8218,0.4875
3305,0.1808,0.7762,0.5492,0.4003,0.4883
3306,0.4149,0.6747,0.2417,0.1827,0.4516
3307,0.3735,0.4667,0.6522,0.4495,0.4727
3308,0.6022,0.6215,0.8308,0.8374,0.5242
3309,0.194,0.4428,0.3593,0.1507,0.548
3310,0.7409,0.8624,0.6616,0.5541,0.5069
3311,0.3721,0.8482,0.1379,0.2785,0.5495
3312,0.3815,0.5899,0.4614,0.6459,0.7089
3313,0.4259,0.3992,0.4162,0.353,0.5524
3314,0.3971,0.6437,0.7013,0.746,0.5419
3315,0.223,0.5335,0.2038,0.395,0.5686
3316,0.4998,0.3665,0.6512,0.5806,0.4629
3317,0.5049,0.4316,0.7046,0.6388,0.4902
3318,0.3699,0.4545,0.5319,0.5219,0.4254
3319,0.2423,0.4566,0.5033,0.3676,0.5002
3320,0.3368,0.6714,0.5511,0.3774,0.5546
3321,0.7649,0.5823,0.5507,0.6028,0.377
3322,0.3561,0.6116,0.4447,0.3169,0.4366
3323,0.5218,0.4105,0.511,0.4932,0.4102
3324,0.5311,0.2895,0.6292,0.6771,0.544
3325,0.3041,0.5323,0.7381,0.6824,0.5523
3326,0.6753,0.8493,0.5267,0.5167,0.4803
3327,0.6918,0.8889,0.7043,0.5641,0.4769
3328,0.5972,0.4989,0.4854,0.4699,0.483
3329,0.6575,0.7829,0.5779,0.6113,0.7427
3330,0.1756,0.513,0.3631,0.4144,0.6712
3331,0.4084,0.7112,0.4374,0.3648,0.4201
3332,0.433,0.6758,0.3854,0.4074,0.4342
3333,0.5673,0.7287,0.5824,0.4969,0.5344
3334,0.4981,0.6844,0.5937,0.7516,0.4834
3335,0.6665,0.5269,0.3711,0.3097,0.397
3336,0.5064,0.6152,0.5226,0.6285,0.4484
3337,0.5139,0.5936,0.4029,0.4663,0.6497
3338,0.3438,0.6005,0.4657,0.5195,0.5589
3339,0.5535,0.2644,0.6672,0.7394,0.513
3340,0.425,0.3669,0.413,0.5629,0.684
3341,0.6336,0.7819,0.6937,0.6474,0.5745
3342,0.5206,0.7309,0.5978,0.5665,0.4461
3343,0.3878,0.7093,0.3427,0.5832,0.6339
3344,0.3018,0.6084,0.3818,0.2147,0.3177
3345,0.4109,0.4681,0.4843,0.6491,0.4463
3346,0.5528,0.4687,0.6165,0.6317,0.4708
3347,0.6538,0.2595,0.6377,0.641,0.4528
3348,0.725,0.6902,0.696,0.4633,0.6424
3349,0.572,0.5637,0.5949,0.4471,0.4369
3350,0.3791,0.2486,0.5197,0.6012,0.4716
3351,0.2604,0.718,0.2581,0.2196,0.6284
3352,0.5656,0.6794,0.6223,0.6072,0.4446
3353,0.4021,0.8591,0.3826,0.3593,0.6837
3354,0.6989,0.326,0.7683,0.7081,0.5513
3355,0.5963,0.4803,0.4056,0.5489,0.4785
3356,0.4447,0.7761,0.3096,0.3039,0.5539
3357,0.4302,0.8363,0.7346,0.7657,0.5015
3358,0.6281,0.5256,0.6542,0.6729,0.3357
3359,0.5556,0.3237,0.4976,0.3458,0.4485
3360,0.3346,0.2826,0.5026,0.5181,0.5638
3361,0.4914,0.9049,0.5041,0.4857,0.3063
3362,0.3924,0.7143,0.5312,0.4983,0.3606
3363,0.7434,0.6311,0.7603,0.799,0.6799
3364,0.4884,0.5976,0.4947,0.3829,0.6535
3365,0.5616,0.3168,0.5305,0.5153,0.5818
3366,0.4181,0.353,0.7182,0.6364,0.5061
3367,0.6189,0.5232,0.6143,0.6816,0.6136
3368,0.563,0.2776,0.7584,0.6907,0.4342
3369,0.3623,0.7657,0.3975,0.5782,0.7226
3370,0.3945,0.7681,0.2137,0.1421,0.6189
3371,0.5025,0.6446,0.3887,0.3541,0.4593
3372,0.7987,0.5915,0.8007,0.6164,0.5391
3373,0.6118,0.7255,0.7029,0.6723,0.6333
3374,0.3139,0.7005,0.6468,0.6688,0.4959
3375,0.3962,0.3061,0.5713,0.3872,0.3935
3376,0.3554,0.6141,0.5288,0.4032,0.2954
3377,0.573,0.6232,0.4856,0.6479,0.4106
3378,0.4661,0.4326,0.7268,0.7036,0.4228
3379,0.5162,0.5878,0.4561,0.5309,0.4587
3380,0.3301,0.3725,0.3536,0.4169,0.5969
3381,0.4024,0.5781,0.4194,0.4971,0.5421
3382,0.5631,0.7816,0.4107,0.387,0.3309
3383,0.6139,0.758,0.7552,0.7389,0.6284
3384,0.5175,0.7699,0.2187,0.1853,0.4958
3385,0.4266,0.7821,0.3353,0.2672,0.5457
3386,0.5832,0.6367,0.3254,0.4709,0.527
3387,0.4916,0.3433,0.6097,0.7597,0.6203
3388,0.69,0.5569,0.7178,0.7571,0.4033
3389,0.4517,0.6251,0.588,0.3506,0.5484
3390,0.5907,0.6263,0.6653,0.7608,0.5194
3391,0.5039,0.5381,0.5573,0.5023,0.4698
3392,0.6022,0.6175,0.7697,0.8525,0.5627
3393,0.6425,0.6067,0.8273,0.6816,0.3967
3394,0.4371,0.7559,0.3805,0.3231,0.4891
3395,0.4611,0.601,0.6258,0.6748,0.4922
3396,0.629,0.3828,0.4271,0.4666,0.4169
3397,0.3867,0.1855,0.4701,0.5967,0.5378
3398,0.5225,0.8904,0.1919,0.3913,0.5287
3399,0.5693,0.9198,0.7966,0.7527,0.3444
3400,0.4425,0.4623,0.4422,0.6051,0.4753
3401,0.5387,0.6295,0.6923,0.8182,0.503
3402,0.4005,0.5702,0.6488,0.6426,0.5953
3403,0.5872,0.5223,0.4957,0.3995,0.3423
3404,0.6304,0.3307,0.4162,0.1917,0.4239
3405,0.8296,0.9325,0.637,0.7326,0.6901
3406,0.5826,0.7931,0.5414,0.5228,0.6376
3407,0.3421,0.3699,0.4768,0.3621,0.5949
3408,0.3591,0.5211,0.6243,0.5888,0.4742
3409,0.4419,0.3346,0.6282,0.6626,0.5159
3410,0.5926,0.4702,0.606,0.6273,0.5156
3411,0.4223,0.4101,0.2613,0.3949,0.6205
3412,0.2642,0.5217,0.1946,0.3229,0.3746
3413,0.2702,0.5059,0.5722,0.6523,0.544
3414,0.5223,0.5636,0.6442,0.6985,0.608
3415,0.5581,0.8071,0.6305,0.6842,0.5886
3416,0.7391,0.9055,0.5231,0.5217,0.3657
3417,0.7464,0.6656,0.7584,0.7063,0.5561
3418,0.5528,0.4331,0.4085,0.4505,0.6494
3419,0.3413,0.7389,0.2289,0.1307,0.3688
3420,0.5813,0.6883,0.4994,0.4391,0.5153
3421,0.7073,0.7992,0.741,0.7743,0.437
3422,0.7387,0.6276,0.7474,0.7534,0.3317
3423,0.2727,0.1458,0.4071,0.3768,0.5172
3424,0.5805,0.8192,0.3502,0.291,0.4433
3425,0.4347,0.2156,0.1754,0.1807,0.45
3426,0.6216,0.2677,0.7337,0.6489,0.4181
3427,0.3983,0.7037,0.2705,0.3486,0.5243
3428,0.4308,0.0934,0.6224,0.5689,0.3652
3429,0.6621,0.594,0.4011,0.472,0.4632
3430,0.6701,0.8065,0.4651,0.4237,0.4629
3431,0.4209,0.3208,0.3843,0.3984,0.4621
3432,0.2352,0.7863,0.6365,0.6225,0.4973
3433,0.5615,0.5586,0.4349,0.4575,0.5393
3434,0.5434,0.2576,0.7045,0.5774,0.4482
3435,0.224,0.4288,0.589,0.6022,0.5133
3436,0.394,0.4967,0.4077,0.3522,0.4391
3437,0.3643,0.8967,0.4222,0.3506,0.3383
3438,0.5292,0.7149,0.6322,0.4766,0.4237
3439,0.3954,0.5208,0.3983,0.4566,0.6211
3440,0.5233,0.346,0.4381,0.5638,0.4236
3441,0.5929,0.6572,0.4469,0.4331,0.5487
3442,0.4793,0.9076,0.6107,0.64,0.4681
3443,0.651,0.5455,0.5691,0.5757,0.4468
3444,0.4563,0.829,0.6084,0.6297,0.5959
3445,0.5996,0.785,0.631,0.5733,0.68
3446,0.3527,0.3307,0.6328,0.6682,0.5111
3447,0.4334,0.8133,0.3388,0.3542,0.5086
3448,0.5563,0.5468,0.4368,0.61,0.5027
3449,0.2362,0.2158,0.3654,0.4501,0.4215
3450,0.704,0.81,0.5398,0.4219,0.5062
3451,0.268,0.4537,0.3859,0.3673,0.5358
3452,0.4519,0.745,0.7126,0.7458,0.5263
3453,0.4773,0.6313,0.4796,0.3584,0.4952
3454,0.5982,0.8436,0.4335,0.5385,0.4805
3455,0.5673,0.4954,0.7266,0.7046,0.5334
3456,0.6574,0.6381,0.5541,0.6729,0.5613
3457,0.5102,0.3943,0.6684,0.5247,0.4656
3458,0.6823,0.3408,0.6871,0.713,0.5444
3459,0.4956,0.6326,0.5213,0.2955,0.5118
3460,0.2493,0.3054,0.3111,0.4439,0.5118
3461,0.3669,0.7292,0.4421,0.3943,0.5168
3462,0.1589,0.5735,0.4776,0.3876,0.3968
3463,0.4194,0.6184,0.5123,0.5793,0.468
3464,0.3561,0.5455,0.4115,0.2941,0.5514
3465,0.6677,0.4981,0.7404,0.6764,0.4617
3466,0.6116,0.3593,0.5984,0.5718,0.4354
3467,0.4545,0.6373,0.5051,0.6702,0.571
3468,0.3838,0.5453,0.6244,0.6704,0.5489
3469,0.5963,0.7708,0.5912,0.5503,0.3497
3470,0.2373,0.605,0.3704,0.2652,0.5674
3471,0.1709,0.7319,0.4884,0.6,0.4396
3472,0.452,0.4061,0.6728,0.7675,0.4334
3473,0.3923,0.799,0.2998,0.2332,0.4982
3474,0.4406,0.644,0.4492,0.3471,0.5047
3475,0.5155,0.3108,0.5524,0.8846,0.6726
3476,0.6071,0.6702,0.5547,0.6217,0.5814
3477,0.5491,0.3749,0.4543,0.4976,0.5583
3478,0.5653,0.4517,0.5521,0.3332,0.5349
3479,0.4638,0.8252,0.5361,0.7296,0.5082
3480,0.7564,0.5314,0.5571,0.6735,0.6187
3481,0.5208,0.5968,0.5634,0.5947,0.4933
3482,0.576,0.21,0.5359,0.3957,0.4685
3483,0.3023,0.6571,0.3968,0.248,0.4751
3484,0.401,0.3782,0.6047,0.6236,0.5603
3485,0.5869,0.0276,0.5333,0.9259,0.8493
3486,0.4795,0.709,0.5586,0.435,0.4827
3487,0.6194,0.6674,0.4235,0.6524,0.552
3488,0.4265,0.514,0.449,0.5176,0.4989
3489,0.6547,0.2285,0.4701,0.6494,0.5017
3490,0.6257,0.6514,0.3961,0.274,0.4802
3491,0.4697,0.7275,0.6519,0.4318,0.5833
3492,0.5167,0.4342,0.6083,0.821,0.5815
3493,0.4181,0.358,0.4768,0.2402,0.4043
3494,0.5148,0.5252,0.3477,0.2218,0.5052
3495,0.4349,0.6082,0.4903,0.5857,0.6128
3496,0.4774,0.52,0.6898,0.7684,0.4749
3497,0.2317,0.5409,0.3155,0.4888,0.6619
3498,0.2023,0.6878,0.6022,0.5533,0.4986
3499,0.5105,0.7128,0.5876,0.7689,0.5604
3500,0.4932,0.5607,0.6647,0.7429,0.4855
3501,0.6865,0.6726,0.6552,0.7175,0.6491
3502,0.5764,0.5236,0.4406,0.5192,0.5403
3503,0.7728,0.8824,0.4451,0.5173,0.4672
3504,0.4565,0.904,0.5153,0.4567,0.5075
3505,0.7431,0.6261,0.545,0.5777,0.3892
3506,0.5151,0.4814,0.6171,0.5714,0.5572
3507,0.7281,0.5159,0.7293,0.7719,0.6224
3508,0.5314,0.8354,0.3396,0.6295,0.5592
3509,0.5593,0.4681,0.3848,0.5394,0.4676
3510,0.7216,0.8218,0.7119,0.701,0.4759
3511,0.3889,0.8483,0.5322,0.4844,0.4347
3512,0.7194,0.8488,0.5892,0.3731,0.458
3513,0.6652,0.5803,0.561,0.302,0.523
3514,0.2104,0.7593,0.4572,0.5548,0.5063
3515,0.5391,0.2206,0.3847,0.5355,0.5381
3516,0.6644,0.5645,0.6412,0.4138,0.4186
3517,0.4245,0.5413,0.5736,0.6064,0.534
3518,0.5025,0.832,0.6575,0.5231,0.5604
3519,0.6948,0.6813,0.6253,0.6023,0.686
3520,0.6272,0.5059,0.6874,0.7268,0.4898
3521,0.5968,0.62,0.5266,0.5977,0.5288
3522,0.4077,0.5603,0.2622,0.189,0.4066
3523,0.5172,0.4703,0.4065,0.5413,0.5452
3524,0.4412,0.7126,0.4768,0.5983,0.4936
3525,0.3168,0.7943,0.4186,0.381,0.4744
3526,0.4592,0.5478,0.2437,0.3945,0.5866
3527,0.5771,0.552,0.7934,0.5646,0.5415
3528,0.4933,0.7445,0.6822,0.5362,0.5019
3529,0.4054,0.8337,0.3161,0.4094,0.4981
3530,0.469,0.563,0.6523,0.7825,0.5682
3531,0.3278,0.5216,0.4577,0.4619,0.4302
3532,0.4751,0.7567,0.194,0.257,0.4023
3533,0.5367,0.8053,0.5453,0.3392,0.553
3534,0.9114,0.7892,0.6588,0.5285,0.4896
3535,0.5429,0.385,0.572,0.7236,0.5804
3536,0.5206,0.4575,0.7643,0.6892,0.5371
3537,0.4799,0.5138,0.4545,0.6532,0.5891
3538,0.4053,0.6679,0.3083,0.3733,0.6121
3539,0.4949,0.5869,0.5914,0.5365,0.4371
3540,0.3307,0.7693,0.2985,0.3752,0.4683
3541,0.5625,0.8246,0.5564,0.5209,0.441
3542,0.5948,0.6851,0.4866,0.5864,0.4983
3543,0.7624,0.5705,0.5731,0.6155,0.5549
3544,0.5253,0.5717,0.6103,0.523,0.5598
3545,0.48,0.7653,0.4016,0.5651,0.5749
3546,0.577,0.4156,0.6865,0.6725,0.4759
3547,0.415,0.6308,0.5498,0.3303,0.4333
3548,0.6693,0.678,0.6569,0.5708,0.4132
3549,0.6131,0.6131,0.508,0.3535,0.3795
3550,0.5595,0.8106,0.719,0.6715,0.5071
3551,0.4446,0.1888,0.6141,0.6603,0.3671
3552,0.4714,0.8144,0.7604,0.7101,0.4841
3553,0.2294,0.62,0.4304,0.316,0.5662
3554,0.3279,0.5117,0.4735,0.8321,0.7139
3555,0.4777,0.2514,0.4819,0.4904,0.4473
3556,0.4014,0.6267,0.312,0.4353,0.5462
3557,0.5345,0.218,0.3673,0.3265,0.4978
3558,0.4519,0.471,0.5111,0.6429,0.494
3559,0.4494,0.1319,0.5764,0.4512,0.5335
3560,0.517,0.6287,0.6478,0.5271,0.5955
3561,0.6411,0.4035,0.6662,0.63,0.5378
3562,0.6208,0.3434,0.8038,0.5555,0.4721
3563,0.3418,0.5419,0.4621,0.4812,0.5374
3564,0.4728,0.3323,0.3664,0.4081,0.5689
3565,0.6547,0.2548,0.624,0.5442,0.4533
3566,0.6037,0.8173,0.6515,0.7471,0.4827
3567,0.4527,0.6384,0.4038,0.5235,0.5037
3568,0.4,0.3947,0.5985,0.7767,0.6077
3569,0.4991,0.6662,0.5343,0.5777,0.4898
3570,0.5236,0.762,0.5338,0.5411,0.5079
3571,0.365,0.8522,0.3794,0.5137,0.6026
3572,0.3592,0.3971,0.446,0.3164,0.4044
3573,0.4399,0.193,0.3471,0.5084,0.5769
3574,0.5345,0.7029,0.5523,0.3702,0.5381
3575,0.3894,0.6689,0.4599,0.4618,0.5387
3576,0.5764,0.8693,0.6506,0.4232,0.4023
3577,0.5097,0.6129,0.4763,0.4788,0.5311
3578,0.7814,0.4107,0.8149,0.716,0.5858
3579,0.4844,0.5368,0.2758,0.5235,0.5664
3580,0.7422,0.7244,0.6755,0.8196,0.5028
3581,0.5164,0.7542,0.5139,0.5417,0.4749
3582,0.3497,0.8773,0.3432,0.5517,0.3136
3583,0.6565,0.1957,0.6372,0.4001,0.3326
3584,0.4489,0.6335,0.3193,0.488,0.6371
3585,0.471,0.8895,0.4513,0.4969,0.526
3586,0.4382,0.1939,0.5452,0.5268,0.5112
3587,0.7189,0.1592,0.7241,0.5166,0.5027
3588,0.4562,0.88,0.6222,0.5673,0.6341
3589,0.3095,0.2883,0.4751,0.6644,0.5921
3590,0.6406,0.6954,0.6533,0.6073,0.4795
3591,0.2834,0.6664,0.449,0.4429,0.5024
3592,0.7702,0.4987,0.6174,0.5266,0.4787
3593,0.4466,0.5271,0.4948,0.4345,0.5313
3594,0.5724,0.7158,0.5808,0.5035,0.4181
3595,0.4462,0.3654,0.7603,0.6574,0.573
3596,0.2355,0.9041,0.6035,0.5396,0.4775
3597,0.5186,0.7579,0.6275,0.4724,0.5992
3598,0.5146,0.6661,0.5414,0.6499,0.527
3599,0.4481,0.8105,0.5046,0.4103,0.6074
3600,0.7363,0.1381,0.4757,0.6572,0.5436
3601,0.5707,0.4202,0.5309,0.3549,0.4899
3602,0.5434,0.5372,0.6417,0.7448,0.5435
3603,0.4016,0.6636,0.4392,0.4696,0.5673
3604,0.7001,0.4458,0.3843,0.3464,0.3652
3605,0.4681,0.6066,0.2645,0.3716,0.5004
3606,0.431,0.613,0.4711,0.2925,0.4705
3607,0.6918,0.3883,0.5558,0.7376,0.5175
3608,0.5931,0.8412,0.5073,0.7052,0.5516
3609,0.6856,0.8368,0.5513,0.5665,0.6198
3610,0.4614,0.8603,0.6164,0.3815,0.3962
3611,0.2807,0.2013,0.4526,0.4407,0.4218
3612,0.4063,0.8054,0.6219,0.5102,0.504
3613,0.5452,0.8859,0.5489,0.3573,0.4128
3614,0.6604,0.6931,0.5997,0.4855,0.5138
3615,0.5889,0.6557,0.4952,0.6764,0.62
3616,0.5527,0.6246,0.4801,0.3523,0.5297
3617,0.4604,0.85,0.3542,0.3917,0.5509
3618,0.6255,0.5866,0.4885,0.4734,0.4608
3619,0.4774,0.8437,0.4997,0.497,0.5478
3620,0.6638,0.6402,0.3451,0.5527,0.5839
3621,0.3292,0.7578,0.5938,0.4676,0.5418
3622,0.3213,0.5761,0.6067,0.4731,0.4627
3623,0.592,0.663,0.6236,0.5473,0.4724
3624,0.5838,0.3669,0.3108,0.2976,0.5217
3625,0.5495,0.7139,0.4496,0.258,0.3831
3626,0.5051,0.8369,0.5458,0.442,0.514
3627,0.3554,0.7417,0.4637,0.5643,0.6317
3628,0.4201,0.4601,0.4947,0.4727,0.4393
3629,0.5241,0.5913,0.675,0.5197,0.5103
3630,0.7293,0.3012,0.5363,0.5483,0.4318
3631,0.2654,0.7614,0.427,0.3685,0.4647
3632,0.5248,0.3701,0.5483,0.6067,0.5067
3633,0.5444,0.562,0.605,0.4272,0.4865
3634,0.6777,0.6011,0.6953,0.6426,0.3465
3635,0.3533,0.6455,0.3896,0.5592,0.6339
3636,0.53,0.6822,0.3593,0.4849,0.4929
3637,0.4768,0.6857,0.5955,0.6344,0.5866
3638,0.5293,0.288,0.5062,0.4025,0.4855
3639,0.6557,0.6899,0.5705,0.5305,0.4506
3640,0.4424,0.7066,0.698,0.6116,0.4718
3641,0.4725,0.5999,0.5957,0.456,0.5686
3642,0.1921,0.7101,0.3792,0.545,0.5619
3643,0.6221,0.3863,0.5313,0.647,0.5689
3644,0.3802,0.7626,0.6426,0.349,0.4313
3645,0.3752,0.6604,0.5796,0.6013,0.6466
3646,0.5731,0.6888,0.6784,0.5737,0.6312
3647,0.5119,0.7101,0.573,0.2199,0.3378
3648,0.5569,0.6319,0.6639,0.6742,0.4021
3649,0.1713,0.7178,0.2495,0.2416,0.5483
3650,0.2774,0.4986,0.3908,0.46,0.4793
3651,0.3146,0.7344,0.5211,0.4703,0.5627
3652,0.6687,0.6325,0.3758,0.5581,0.4828
3653,0.5255,0.6595,0.6515,0.6675,0.4947
3654,0.6818,0.7656,0.5217,0.4707,0.5446
3655,0.4386,0.7802,0.6613,0.4488,0.4416
3656,0.5536,0.4989,0.7461,0.7212,0.5706
3657,0.4214,0.2577,0.562,0.4728,0.4621
3658,0.617,0.8577,0.3243,0.3773,0.5101
3659,0.4596,0.4559,0.5296,0.3664,0.5601
3660,0.5688,0.5947,0.7045,0.63,0.5142
3661,0.5196,0.5852,0.6683,0.7026,0.5818
3662,0.3925,0.853,0.5791,0.4089,0.3912
3663,0.5347,0.6679,0.5084,0.4594,0.5037
3664,0.287,0.4629,0.2983,0.264,0.479
3665,0.5494,0.6497,0.4984,0.7037,0.6319
3666,0.4325,0.8083,0.5546,0.6064,0.5662
3667,0.4562,0.2681,0.6256,0.5402,0.5304
3668,0.5019,0.5322,0.6562,0.5148,0.4964
3669,0.6146,0.731,0.4662,0.5091,0.4993
3670,0.5451,0.3719,0.4612,0.3149,0.4098
3671,0.6833,0.3843,0.4765,0.6414,0.6481
3672,0.5607,0.4142,0.581,0.5735,0.5491
3673,0.551,0.9204,0.5533,0.4666,0.4001
3674,0.4632,0.6406,0.591,0.4764,0.471
3675,0.5576,0.8559,0.6429,0.5315,0.4279
3676,0.5389,0.4866,0.6366,0.6413,0.597
3677,0.3131,0.3124,0.5482,0.3545,0.4019
3678,0.7016,0.5461,0.5397,0.7622,0.603
3679,0.474,0.6369,0.1864,0.2292,0.5808
3680,0.4536,0.6541,0.6959,0.6032,0.5858
3681,0.494,0.3447,0.6386,0.5237,0.5869
3682,0.729,0.6287,0.5405,0.7122,0.6847
3683,0.4986,0.8934,0.5748,0.5729,0.4921
3684,0.4976,0.7127,0.5279,0.3768,0.5944
3685,0.4614,0.831,0.4931,0.535,0.5804
3686,0.7281,0.3183,0.5075,0.5316,0.5335
3687,0.3231,0.2856,0.5487,0.5249,0.5678
3688,0.6625,0.7525,0.4531,0.6065,0.692
3689,0.4568,0.4882,0.4706,0.4405,0.3234
3690,0.675,0.793,0.4203,0.5764,0.4377
3691,0.2908,0.6231,0.288,0.3936,0.5091
3692,0.2944,0.464,0.5765,0.4507,0.4846
3693,0.419,0.4115,0.6006,0.406,0.4583
3694,0.3518,0.3914,0.5528,0.4677,0.5704
3695,0.6787,0.6535,0.7002,0.5699,0.5206
3696,0.5338,0.3579,0.5467,0.4803,0.5108
3697,0.5147,0.7457,0.5603,0.5672,0.4265
3698,0.5021,0.2584,0.6581,0.5498,0.4867
3699,0.674,0.6173,0.7021,0.4967,0.5431
3700,0.7246,0.8105,0.5937,0.6894,0.446
3701,0.4389,0.208,0.45,0.5985,0.5222
3702,0.3536,0.8792,0.2922,0.2903,0.325
3703,0.4362,0.6486,0.5643,0.5021,0.478
3704,0.3687,0.5337,0.5328,0.4752,0.5192
3705,0.3366,0.5203,0.3041,0.1889,0.4271
3706,0.7766,0.6232,0.6799,0.6007,0.4773
3707,0.4157,0.7735,0.4402,0.3813,0.6286
3708,0.3878,0.4341,0.7976,0.6596,0.4928
3709,0.5374,0.2635,0.4828,0.599,0.5226
3710,0.4397,0.7857,0.3495,0.4235,0.4311
3711,0.5311,0.5444,0.3042,0.3277,0.3628
3712,0.7869,0.87,0.5991,0.5695,0.3641
3713,0.5982,0.2091,0.8048,0.575,0.4445
3714,0.5222,0.5827,0.5502,0.6588,0.4824
3715,0.6111,0.9283,0.4707,0.3758,0.6431
3716,0.1967,0.3974,0.277,0.213,0.4334
3717,0.3048,0.7556,0.3218,0.1843,0.5416
3718,0.7265,0.4111,0.7252,0.75,0.527
3719,0.4464,0.2663,0.589,0.3883,0.5775
3720,0.3983,0.4878,0.5399,0.3652,0.4349
3721,0.5552,0.6405,0.5098,0.6103,0.4313
3722,0.6162,0.5045,0.5697,0.6156,0.5692
3723,0.4129,0.3794,0.4998,0.5141,0.5186
3724,0.591,0.6941,0.2718,0.518,0.5648
3725,0.4969,0.5665,0.4453,0.5534,0.5247
3726,0.2373,0.6778,0.4411,0.6168,0.5723
3727,0.2619,0.7357,0.4385,0.3415,0.5148
3728,0.4608,0.7286,0.564,0.6336,0.4741
3729,0.3016,0.6048,0.4752,0.6454,0.5488
3730,0.7418,0.609,0.4348,0.4229,0.5114
3731,0.4804,0.6883,0.4844,0.5403,0.5365
3732,0.6147,0.59,0.3768,0.394,0.5191
3733,0.6279,0.3965,0.6139,0.333,0.3845
3734,0.5169,0.4617,0.6435,0.4893,0.5423
3735,0.5664,0.3488,0.7913,0.7349,0.6624
3736,0.5087,0.8103,0.4025,0.4162,0.5989
3737,0.6389,0.5533,0.5323,0.5952,0.5706
3738,0.2104,0.7339,0.6583,0.6333,0.5179
3739,0.7577,0.5886,0.7298,0.7697,0.6064
3740,0.4187,0.7202,0.4958,0.4301,0.5396
3741,0.5828,0.2013,0.5614,0.2625,0.3542
3742,0.6707,0.6392,0.4955,0.509,0.548
3743,0.4571,0.4534,0.6497,0.5447,0.575
3744,0.4944,0.6513,0.6863,0.6443,0.6032
3745,0.4186,0.4971,0.5001,0.4944,0.5222
3746,0.7258,0.404,0.7013,0.5875,0.4921
3747,0.5081,0.8306,0.6374,0.4791,0.4634
3748,0.5481,0.659,0.5874,0.4225,0.4655
3749,0.5828,0.6652,0.4416,0.4467,0.4376
3750,0.1885,0.5501,0.5618,0.534,0.4678
3751,0.4314,0.4651,0.4937,0.6181,0.4975
3752,0.2169,0.7277,0.5533,0.6361,0.5728
3753,0.4593,0.5239,0.5539,0.575,0.51
3754,0.4016,0.7049,0.5123,0.5824,0.6098
3755,0.6107,0.7474,0.5302,0.4411,0.5315
3756,0.477,0.7474,0.2788,0.3542,0.6171
3757,0.408,0.3422,0.4752,0.5035,0.5596
3758,0.6974,0.5223,0.4899,0.4599,0.5352
3759,0.7785,0.7625,0.5443,0.4548,0.6253
3760,0.5049,0.6814,0.6665,0.636,0.5321
3761,0.5245,0.4225,0.2833,0.4549,0.5183
3762,0.3371,0.4923,0.5114,0.6401,0.5137
3763,0.4022,0.8515,0.5679,0.4651,0.5012
3764,0.4652,0.7898,0.2945,0.3487,0.5509
3765,0.4343,0.877,0.4327,0.3744,0.4636
3766,0.2489,0.7099,0.5202,0.6981,0.5696
3767,0.6539,0.3993,0.6691,0.6709,0.4574
3768,0.5224,0.3735,0.6626,0.6387,0.6531
3769,0.6733,0.7417,0.6225,0.7955,0.4993
3770,0.6395,0.8344,0.704,0.5774,0.4337
3771,0.5435,0.4775,0.2759,0.2326,0.4423
3772,0.4105,0.4531,0.3989,0.2551,0.4362
3773,0.3817,0.4643,0.3337,0.5364,0.557
3774,0.4141,0.677,0.2376,0.2318,0.4931
3775,0.3721,0.5354,0.4544,0.3705,0.4975
3776,0.5962,0.5627,0.5525,0.6698,0.3681
3777,0.3903,0.5246,0.5229,0.5078,0.4441
3778,0.5533,0.331,0.6391,0.7185,0.4932
3779,0.6889,0.5556,0.577,0.4538,0.4248
3780,0.5195,0.7818,0.3735,0.3443,0.4733
3781,0.2871,0.5961,0.2495,0.3278,0.5434
3782,0.4547,0.5541,0.3876,0.5447,0.5712
3783,0.4327,0.8082,0.6875,0.5799,0.4328
3784,0.5857,0.737,0.586,0.5613,0.531
3785,0.6105,0.5877,0.3601,0.3233,0.5243
3786,0.7155,0.6721,0.456,0.2635,0.3758
3787,0.6748,0.5698,0.7613,0.8217,0.372
3788,0.4701,0.5892,0.7257,0.6317,0.4315
3789,0.4868,0.7648,0.4663,0.4841,0.6339
3790,0.5683,0.7859,0.6595,0.6374,0.5297
3791,0.456,0.6732,0.5112,0.4847,0.4989
3792,0.2981,0.4593,0.6649,0.7447,0.5632
3793,0.3235,0.6838,0.5263,0.5521,0.5068
3794,0.6146,0.7304,0.4021,0.2863,0.5635
3795,0.4361,0.6593,0.5073,0.6023,0.4762
3796,0.6678,0.5426,0.3435,0.408,0.5238
3797,0.833,0.7032,0.7235,0.4653,0.3722
3798,0.2901,0.8288,0.5158,0.4108,0.4521
3799,0.6899,0.4343,0.2179,0.4042,0.5704
3800,0.6917,0.5911,0.816,0.791,0.618
3801,0.3206,0.3531,0.485,0.437,0.5491
3802,0.7112,0.2339,0.7294,0.7882,0.5691
3803,0.569,0.6225,0.7809,0.7498,0.476
3804,0.4153,0.2335,0.4749,0.3566,0.4885
3805,0.5809,0.4415,0.7624,0.786,0.4228
3806,0.5495,0.6791,0.3229,0.4406,0.5525
3807,0.5405,0.5696,0.5381,0.4443,0.4118
3808,0.2337,0.7828,0.4795,0.5286,0.6347
3809,0.5838,0.5042,0.5116,0.7007,0.6137
3810,0.4979,0.6119,0.7367,0.7064,0.5858
3811,0.4396,0.7571,0.6038,0.56,0.4859
3812,0.7354,0.3935,0.3766,0.1974,0.3608
3813,0.341,0.3099,0.2947,0.5878,0.4448
3814,0.5955,0.51,0.7009,0.6882,0.614
3815,0.4768,0.4079,0.5363,0.5045,0.3617
3816,0.3935,0.8435,0.4218,0.3963,0.5117
3817,0.476,0.7915,0.5224,0.5403,0.4953
3818,0.5973,0.8697,0.6844,0.6558,0.4871
3819,0.4205,0.5982,0.5837,0.4534,0.3689
3820,0.7278,0.329,0.4818,0.6134,0.5089
3821,0.3428,0.564,0.5514,0.3524,0.4094
3822,0.4357,0.5852,0.5962,0.3903,0.3909
3823,0.7793,0.6612,0.5925,0.5715,0.4609
3824,0.4944,0.819,0.6705,0.5284,0.52
3825,0.6497,0.5759,0.4701,0.6003,0.5016
3826,0.4641,0.7791,0.6035,0.5655,0.5441
3827,0.453,0.5327,0.4362,0.4384,0.5398
3828,0.3051,0.6291,0.7229,0.8014,0.5756
3829,0.7273,0.5109,0.4488,0.3634,0.4484
3830,0.6432,0.6749,0.5624,0.668,0.4669
3831,0.4857,0.5722,0.4308,0.4318,0.494
3832,0.4816,0.7784,0.3309,0.3394,0.4211
3833,0.5296,0.5903,0.5799,0.4458,0.3345
3834,0.7706,0.6372,0.7021,0.7152,0.5174
3835,0.6118,0.4057,0.5389,0.5476,0.4879
3836,0.5723,0.26,0.5971,0.6137,0.4138
3837,0.6303,0.3505,0.5156,0.5933,0.5322
3838,0.4971,0.7158,0.461,0.4499,0.5118
3839,0.3919,0.88,0.7156,0.681,0.4902
3840,0.3902,0.7564,0.3877,0.3656,0.4884
3841,0.6477,0.6685,0.7131,0.4778,0.4851
3842,0.5131,0.8238,0.4762,0.6492,0.5869
3843,0.6145,0.8353,0.5971,0.5737,0.5861
3844,0.5521,0.6864,0.7694,0.7342,0.4663
3845,0.7061,0.5755,0.5156,0.5336,0.4811
3846,0.297,0.3734,0.3144,0.5039,0.591
3847,0.6909,0.1905,0.4216,0.3322,0.5468
3848,0.3637,0.3573,0.6187,0.6635,0.4873
3849,0.3168,0.8258,0.6047,0.4983,0.3158
3850,0.3245,0.5491,0.4137,0.6236,0.5992
3851,0.5885,0.6626,0.747,0.5888,0.4375
3852,0.4808,0.2992,0.4419,0.2974,0.3948
3853,0.5739,0.8165,0.7171,0.6898,0.6341
3854,0.3609,0.8274,0.5771,0.6269,0.5276
3855,0.635,0.4464,0.5159,0.7418,0.5123
3856,0.3075,0.3275,0.4812,0.5072,0.3874
3857,0.5157,0.6607,0.4786,0.4729,0.456
3858,0.4949,0.7409,0.4108,0.3811,0.4853
3859,0.5588,0.3784,0.6134,0.5287,0.4889
3860,0.648,0.1957,0.6481,0.5811,0.5337
3861,0.4644,0.7645,0.6106,0.7135,0.557
3862,0.5182,0.4143,0.6497,0.6215,0.5263
3863,0.2397,0.905,0.3964,0.3303,0.4779
3864,0.5477,0.2794,0.6838,0.5435,0.4707
3865,0.5995,0.3607,0.3144,0.3219,0.4025
3866,0.5584,0.692,0.7219,0.6312,0.5832
3867,0.6657,0.3914,0.6447,0.572,0.4268
3868,0.6787,0.3947,0.5956,0.4777,0.4599
3869,0.5682,0.2407,0.5885,0.5691,0.4725
3870,0.3864,0.5263,0.6223,0.7026,0.6063
3871,0.4968,0.3553,0.4544,0.4206,0.4507
3872,0.7617,0.4116,0.528,0.6149,0.52
3873,0.5906,0.5603,0.5891,0.6279,0.4433
3874,0.3655,0.7846,0.6478,0.5245,0.373
3875,0.5275,0.642,0.6712,0.7437,0.5502
3876,0.5832,0.7429,0.505,0.5673,0.4933
3877,0.6856,0.364,0.4424,0.52,0.4193
3878,0.4881,0.5895,0.6066,0.5691,0.6063
3879,0.649,0.7235,0.5358,0.5581,0.5739
3880,0.6132,0.2329,0.5523,0.39,0.4257
3881,0.5493,0.1991,0.5628,0.4159,0.5684
3882,0.4936,0.8632,0.6265,0.5634,0.4276
3883,0.4574,0.5208,0.5175,0.4455,0.4836
3884,0.5933,0.7853,0.6038,0.6459,0.4591
3885,0.2797,0.1588,0.4699,0.4314,0.4428
3886,0.5661,0.4613,0.3845,0.3679,0.4923
3887,0.3647,0.6823,0.5215,0.4475,0.562
3888,0.3413,0.5592,0.4013,0.5149,0.5602
3889,0.7702,0.3392,0.6807,0.6732,0.4723
3890,0.3394,0.2908,0.5503,0.4251,0.4963
3891,0.6023,0.2268,0.5292,0.3898,0.4535
3892,0.4258,0.5617,0.4249,0.3704,0.4201
3893,0.4593,0.627,0.79,0.6046,0.5561
3894,0.4561,0.5971,0.3532,0.5054,0.5414
3895,0.219,0.4276,0.3607,0.364,0.5504
3896,0.7235,0.5152,0.7743,0.7328,0.5035
3897,0.3833,0.4126,0.4678,0.5187,0.3651
3898,0.3877,0.5307,0.5316,0.6639,0.5485
3899,0.2941,0.6947,0.3464,0.519,0.4994
3900,0.5888,0.6,0.5131,0.5234,0.4657
3901,0.8278,0.6843,0.7532,0.888,0.6239
3902,0.2932,0.7898,0.4069,0.407,0.6169
3903,0.4143,0.6657,0.3219,0.3197,0.5508
3904,0.4506,0.6779,0.521,0.5263,0.4829
3905,0.554,0.2715,0.4553,0.6572,0.5312
3906,0.4799,0.5635,0.5235,0.6508,0.4951
3907,0.5023,0.7633,0.3583,0.4474,0.5243
3908,0.5947,0.8296,0.6424,0.6134,0.4229
3909,0.6713,0.5985,0.5177,0.6983,0.4255
3910,0.4265,0.7962,0.6543,0.5909,0.3171
3911,0.5225,0.8347,0.6994,0.678,0.5831
3912,0.4256,0.2624,0.4455,0.3644,0.4287
3913,0.3992,0.8791,0.3738,0.4349,0.5461
3914,0.4549,0.669,0.4868,0.4878,0.5442
3915,0.4502,0.8209,0.4897,0.3747,0.4548
3916,0.5374,0.663,0.5169,0.5422,0.4685
3917,0.4705,0.7227,0.6054,0.7624,0.5584
3918,0.6002,0.532,0.4454,0.5213,0.5141
3919,0.3351,0.8344,0.7697,0.8015,0.5509
3920,0.4681,0.5319,0.2749,0.255,0.4586
3921,0.3362,0.469,0.4296,0.5162,0.4444
3922,0.2698,0.741,0.6198,0.6204,0.5214
3923,0.4957,0.6369,0.4525,0.4971,0.5892
3924,0.424,0.8573,0.3204,0.2841,0.4488
3925,0.8057,0.5606,0.6717,0.81,0.5724
3926,0.4746,0.9121,0.2229,0.3287,0.5724
3927,0.4038,0.6912,0.79,0.5042,0.6576
3928,0.4383,0.9103,0.569,0.4625,0.4888
3929,0.3116,0.7476,0.275,0.2918,0.5549
3930,0.5389,0.3709,0.57,0.5745,0.6423
3931,0.3625,0.8708,0.2542,0.4242,0.5086
3932,0.5625,0.7591,0.6223,0.7697,0.5499
3933,0.3035,0.9167,0.7182,0.761,0.6468
3934,0.3044,0.46,0.7134,0.5135,0.5685
3935,0.4644,0.5837,0.7233,0.7313,0.6501
3936,0.3983,0.5395,0.4798,0.6795,0.5617
3937,0.4529,0.7013,0.3133,0.3344,0.4318
3938,0.5394,0.9721,0.669,0.5936,0.5164
3939,0.536,0.7416,0.4241,0.3923,0.4637
3940,0.7082,0.506,0.6328,0.7007,0.6601
3941,0.4476,0.6659,0.4973,0.6461,0.6411
3942,0.3973,0.3305,0.223,0.4555,0.5178
3943,0.5648,0.3819,0.3746,0.4854,0.604
3944,0.5968,0.3731,0.3902,0.4377,0.5902
3945,0.7279,0.7754,0.6783,0.4326,0.4767
3946,0.4242,0.7167,0.5916,0.3985,0.5941
3947,0.3693,0.7228,0.5165,0.4795,0.5439
3948,0.3907,0.8191,0.7004,0.6452,0.5342
3949,0.576,0.4909,0.7893,0.5697,0.5305
3950,0.305,0.8414,0.6955,0.7377,0.5965
3951,0.6572,0.8709,0.4657,0.3327,0.4398
3952,0.3526,0.6536,0.5521,0.5275,0.4855
3953,0.5173,0.8843,0.5655,0.792,0.4979
3954,0.496,0.422,0.3825,0.5535,0.5844
3955,0.6215,0.2262,0.3499,0.5261,0.5088
3956,0.5931,0.7139,0.3719,0.4302,0.5345
3957,0.4023,0.605,0.6495,0.5347,0.5164
3958,0.6638,0.5848,0.6332,0.7595,0.6388
3959,0.3226,0.495,0.4672,0.5375,0.5534
3960,0.3591,0.7922,0.5102,0.3141,0.4285
3961,0.4909,0.6545,0.5064,0.5636,0.5924
3962,0.5768,0.2769,0.7057,0.6751,0.3129
3963,0.6037,0.3194,0.5303,0.5914,0.5034
3964,0.5474,0.2199,0.5468,0.3747,0.3907
3965,0.5732,0.7731,0.6266,0.5363,0.5579
3966,0.735,0.5306,0.6213,0.5223,0.4406
3967,0.583,0.7434,0.5566,0.5943,0.5207
3968,0.5732,0.6866,0.6642,0.6397,0.3216
3969,0.3615,0.7105,0.3929,0.332,0.5665
3970,0.4494,0.4777,0.5408,0.5542,0.5024
3971,0.3528,0.7177,0.4864,0.3835,0.3991
3972,0.412,0.4462,0.6198,0.7427,0.5514
3973,0.4504,0.4829,0.6207,0.357,0.3935
3974,0.5099,0.3109,0.671,0.6406,0.5606
3975,0.3673,0.7181,0.381,0.3834,0.483
3976,0.4516,0.4253,0.6598,0.5586,0.5119
3977,0.4428,0.3185,0.3197,0.562,0.6215
3978,0.3561,0.8248,0.6838,0.5617,0.5116
3979,0.7155,0.3035,0.4918,0.4895,0.5415
3980,0.4307,0.3398,0.5704,0.4727,0.3792
3981,0.5921,0.5245,0.6988,0.609,0.495
3982,0.4045,0.6126,0.6611,0.4676,0.3491
3983,0.3083,0.3014,0.2783,0.3992,0.5557
3984,0.1754,0.6424,0.3872,0.5115,0.5985
3985,0.3962,0.6314,0.818,0.7663,0.4854
3986,0.7578,0.4539,0.7371,0.663,0.6195
3987,0.6134,0.4693,0.6426,0.7563,0.5437
3988,0.6486,0.5518,0.7795,0.6792,0.3365
3989,0.3639,0.7943,0.338,0.4651,0.5822
3990,0.3148,0.7283,0.3316,0.5757,0.6215
3991,0.4759,0.6152,0.3463,0.3562,0.5163
3992,0.334,0.3914,0.4734,0.4484,0.3967
3993,0.6696,0.747,0.6782,0.5509,0.543
3994,0.5219,0.5339,0.6946,0.5565,0.4089
3995,0.4589,0.2077,0.5493,0.3343,0.3488
3996,0.4113,0.2458,0.672,0.4321,0.355
3997,0.5111,0.5991,0.4199,0.5335,0.6469
3998,0.587,0.6743,0.4912,0.4665,0.4765
3999,0.6146,0.3636,0.5658,0.6086,0.5826
4000,0.6231,0.7801,0.4778,0.5189,0.68
4001,0.5429,0.672,0.5491,0.4455,0.3706
4002,0.2482,0.7097,0.3577,0.4016,0.3737
4003,0.7951,0.0,0.8998,0.9456,0.4673
4004,0.3168,0.4638,0.4332,0.4657,0.6307
4005,0.4199,0.7658,0.513,0.6996,0.5872
4006,0.8654,0.4069,0.7078,0.6356,0.5788
4007,0.4736,0.4735,0.6022,0.4139,0.327
4008,0.6525,0.6227,0.5304,0.5029,0.5465
4009,0.6109,0.278,0.6438,0.2851,0.2723
4010,0.5885,0.6504,0.5828,0.2696,0.3214
4011,0.2838,0.422,0.4543,0.4372,0.5922
4012,0.6536,0.2877,0.6912,0.4628,0.4043
4013,0.4056,0.6372,0.3514,0.4603,0.4764
4014,0.5912,0.6896,0.408,0.2181,0.2763
4015,0.3304,0.7849,0.4695,0.4193,0.4839
4016,0.2897,0.3639,0.5268,0.7179,0.7311
4017,0.541,0.4098,0.5344,0.5138,0.4745
4018,0.2588,0.7099,0.3757,0.5205,0.5957
4019,0.5946,0.6589,0.4489,0.5575,0.4421
4020,0.3598,0.242,0.4854,0.6058,0.4941
4021,0.7176,0.757,0.5984,0.798,0.4712
4022,0.6144,0.1822,0.5325,0.545,0.6521
4023,0.4563,0.3943,0.4936,0.7094,0.5718
4024,0.5469,0.0578,0.6743,0.4176,0.3722
4025,0.4622,0.5319,0.4248,0.6049,0.789
4026,0.5289,0.8987,0.6221,0.573,0.5912
4027,0.3807,0.7144,0.5135,0.3917,0.2636
4028,0.4106,0.5063,0.5022,0.3219,0.3163
4029,0.4259,0.4493,0.6468,0.3096,0.3021
4030,0.7164,0.9735,0.6565,0.6823,0.6094
4031,0.3731,0.7713,0.2296,0.4329,0.4765
4032,0.5432,0.8868,0.5092,0.5115,0.6543
4033,0.4511,0.3458,0.4641,0.7724,0.6658
4034,0.5049,0.0537,0.3276,0.3092,0.3566
4035,0.4656,0.6553,0.6185,0.6322,0.5233
4036,0.7022,0.5987,0.6971,0.696,0.5479
4037,0.4484,0.7296,0.5615,0.4995,0.4311
4038,0.4681,0.6375,0.5287,0.4935,0.4072
4039,0.5216,0.4426,0.5946,0.5358,0.4218
4040,0.3132,0.3486,0.5458,0.8136,0.7657
4041,0.3986,0.431,0.3262,0.7108,0.5818
4042,0.5538,0.6757,0.4062,0.6829,0.6866
4043,0.4199,0.9539,0.5906,0.635,0.716
4044,0.6124,0.9206,0.4108,0.6968,0.5718
4045,0.5845,0.3931,0.4525,0.415,0.4656
4046,0.4854,0.88,0.5593,0.5437,0.5527
4047,0.6335,0.8168,0.5476,0.7729,0.5894
4048,0.2489,0.6598,0.4815,0.4253,0.4608
4049,0.5122,0.8808,0.394,0.5612,0.5381
4050,0.5153,0.4834,0.4403,0.6284,0.6512
4051,0.5891,0.9396,0.5005,0.8084,0.6917
4052,0.701,0.7156,0.5515,0.4576,0.3807
4053,0.5199,0.9045,0.39,0.6789,0.7395
4054,0.4179,0.9242,0.5712,0.6551,0.6012
4055,0.5863,0.9147,0.5304,0.5479,0.3709
4056,0.4767,0.8735,0.3529,0.6679,0.6268
4057,0.6014,0.685,0.596,0.5472,0.6151
4058,0.5071,0.7503,0.5264,0.4386,0.3794
4059,0.5558,0.0831,0.5513,0.3777,0.4577
4060,0.5425,0.9465,0.4804,0.5937,0.5425
4061,0.6123,0.9028,0.64,0.6484,0.6259
4062,0.6313,0.8554,0.5218,0.6409,0.6636
4063,0.6241,0.7535,0.457,0.4166,0.3718
4064,0.6583,0.2201,0.5673,0.5306,0.4833
4065,0.6159,0.4881,0.5569,0.7471,0.6599
4066,0.4734,0.7697,0.511,0.5193,0.5291
4067,0.3828,0.7338,0.4755,0.6651,0.6488
4068,0.2417,0.8651,0.4781,0.6132,0.6384
4069,0.3415,0.4088,0.5194,0.5012,0.5457
4070,0.7318,0.6818,0.6663,0.657,0.5684
4071,0.3049,0.7068,0.4241,0.6667,0.5823
4072,0.3458,0.5793,0.5342,0.4429,0.5442
4073,0.4014,0.9907,0.3959,0.7839,0.7666
4074,0.4396,0.8888,0.4141,0.4355,0.5565
4075,0.58,0.9835,0.6649,0.7288,0.7269
4076,0.4276,0.8676,0.4516,0.5498,0.6143
4077,0.2628,0.4631,0.3398,0.3693,0.4427
4078,0.3367,0.803,0.3851,0.4649,0.459
4079,0.3645,0.9309,0.5494,0.6678,0.6305
4080,0.2985,0.9963,0.521,0.7798,0.6617
4081,0.7947,0.7796,0.7376,0.7896,0.5432
4082,0.7019,0.7475,0.6424,0.8373,0.6602
4083,0.6757,0.4246,0.4555,0.4356,0.6063
4084,0.4745,0.9235,0.2474,0.2376,0.5852
4085,0.6532,0.6376,0.653,0.7198,0.6171
4086,0.6205,0.8812,0.5158,0.5321,0.513
4087,0.1836,0.5549,0.2658,0.4621,0.6199
4088,0.5625,0.9375,0.5768,0.7467,0.5583
4089,0.5482,0.8599,0.4933,0.5559,0.5236
4090,0.6095,0.5216,0.5977,0.4945,0.3691
4091,0.3993,0.9904,0.3703,0.6525,0.6249
4092,0.3461,0.8995,0.6153,0.7157,0.4776
4093,0.2954,0.9475,0.4039,0.4112,0.5577
4094,0.464,0.3864,0.3805,0.2471,0.371
4095,0.643,0.8569,0.6067,0.4857,0.4287
4096,0.67,0.8026,0.5548,0.6415,0.6567
4097,0.5533,0.6183,0.5269,0.2837,0.4027
4098,0.4669,0.1915,0.4154,0.3803,0.5543
4099,0.4726,0.9553,0.5361,0.5451,0.4964
4100,0.5633,0.6859,0.4769,0.5337,0.4462
4101,0.4807,0.555,0.5343,0.5374,0.6375
4102,0.499,0.6298,0.5022,0.3384,0.4112
4103,0.3465,0.8413,0.256,0.4529,0.5623
4104,0.6522,0.1931,0.4612,0.6025,0.4897
4105,0.3336,0.9053,0.4187,0.506,0.4308
4106,0.7164,0.5618,0.4197,0.3927,0.4603
4107,0.5574,0.9278,0.5234,0.6029,0.5317
4108,0.5665,0.453,0.4776,0.3281,0.5564
4109,0.3134,0.9889,0.489,0.5425,0.5776
4110,0.5955,0.8754,0.5905,0.3082,0.3152
4111,0.6241,0.9852,0.5519,0.7137,0.5487
4112,0.6807,0.9911,0.5163,0.379,0.3964
4113,0.696,0.831,0.5455,0.5772,0.5479
4114,0.6621,0.9769,0.5731,0.6045,0.5885
4115,0.6155,0.971,0.5914,0.5064,0.6253
4116,0.52,0.9694,0.4348,0.5446,0.6207
4117,0.4379,0.8881,0.4645,0.7159,0.6414
4118,0.7072,0.955,0.5395,0.7756,0.6694
4119,0.6792,0.7794,0.5688,0.4614,0.4314
4120,0.2475,0.9728,0.4821,0.5041,0.4524
4121,0.7005,0.5288,0.5854,0.607,0.7276
4122,0.2067,0.9567,0.3483,0.2518,0.3254
4123,0.3378,0.8857,0.4704,0.5269,0.5671
4124,0.7395,0.9894,0.5893,0.7661,0.6646
4125,0.1703,0.9705,0.3644,0.681,0.6563
4126,0.5895,0.9189,0.6388,0.4838,0.3971
4127,0.4952,0.997,0.4487,0.7759,0.6606
4128,0.4955,0.9881,0.3835,0.6296,0.75
4129,0.4189,0.9929,0.5826,0.5037,0.4607
4130,0.554,0.9671,0.6196,0.1949,0.3049
4131,0.3981,0.9254,0.3811,0.3876,0.5303
4132,0.7102,0.6287,0.6173,0.6656,0.5978
4133,0.3875,0.923,0.3855,0.3134,0.3635
4134,0.4534,0.9007,0.4101,0.4209,0.5975
4135,0.4518,0.9896,0.4913,0.6834,0.6991
4136,0.7094,0.8529,0.5931,0.5399,0.611
4137,0.4581,0.5299,0.4268,0.6278,0.5712
4138,0.6271,0.3513,0.5118,0.3709,0.4116
4139,0.6261,0.5667,0.5784,0.5532,0.6004
4140,0.5312,0.4909,0.5818,0.4206,0.3659
4141,0.5308,0.755,0.4844,0.5559,0.5509
4142,0.5398,0.735,0.6812,0.5751,0.6633
4143,0.4584,0.216,0.5733,0.4517,0.423
4144,0.4516,0.1919,0.4017,0.4322,0.2771
4145,0.6157,0.7501,0.5826,0.4559,0.4768
4146,0.597,0.1572,0.5081,0.3833,0.3217
4147,0.5533,0.6536,0.4704,0.5733,0.5587
4148,0.4118,0.7384,0.6167,0.53,0.4269
4149,0.7107,0.8157,0.535,0.3966,0.5649
4150,0.3626,0.7897,0.4779,0.5956,0.6459
4151,0.5215,0.4418,0.6688,0.6241,0.6209
4152,0.4916,0.85,0.5254,0.4802,0.3724
4153,0.4355,0.7957,0.4161,0.3808,0.4086
4154,0.4913,0.1985,0.5581,0.5443,0.4601
4155,0.5169,0.9028,0.4785,0.4422,0.5538
4156,0.482,0.432,0.4068,0.4682,0.4609
4157,0.2152,0.6875,0.3495,0.5147,0.5528
4158,0.6699,0.8031,0.6523,0.3805,0.5421
4159,0.5362,0.7972,0.53,0.4352,0.3539
4160,0.5141,0.655,0.4815,0.5183,0.3783
4161,0.4652,0.5741,0.5911,0.4496,0.3598
4162,0.4813,0.829,0.4276,0.5424,0.5156
4163,0.3542,0.1703,0.4091,0.4442,0.366
4164,0.4731,0.8263,0.6715,0.5647,0.3841
4165,0.5381,0.5349,0.6492,0.694,0.8766
4166,0.3682,0.2577,0.4874,0.4671,0.5036
4167,0.4623,0.7012,0.4725,0.5757,0.5154
4168,0.4191,0.5672,0.5084,0.5623,0.592
4169,0.4706,0.5253,0.5349,0.6093,0.5323
4170,0.3502,0.8074,0.488,0.471,0.205
4171,0.4512,0.7582,0.4531,0.4323,0.3716
4172,0.4779,0.6913,0.5141,0.6485,0.6565
4173,0.5876,0.6064,0.3244,0.541,0.3775
4174,0.6314,0.2356,0.6605,0.509,0.3658
4175,0.3502,0.435,0.4546,0.5799,0.567
4176,0.6052,0.5561,0.5644,0.4358,0.4762
4177,0.56,0.7622,0.5573,0.3747,0.431
4178,0.5198,0.7738,0.5477,0.5573,0.4537
4179,0.405,0.6138,0.5284,0.6087,0.6411
4180,0.4434,0.812,0.3789,0.509,0.5751
4181,0.5689,0.5282,0.7023,0.466,0.5355
4182,0.5006,0.3747,0.4402,0.3117,0.3615
4183,0.4903,0.3085,0.525,0.5257,0.5883
4184,0.4767,0.4774,0.4949,0.4141,0.3976
4185,0.6363,0.7592,0.633,0.5343,0.5922
4186,0.4706,0.8634,0.4751,0.5235,0.5787
4187,0.4892,0.9235,0.6295,0.5312,0.6866
4188,0.3791,0.1311,0.5294,0.409,0.3763
4189,0.6511,0.9401,0.6269,0.598,0.7064
4190,0.4973,0.9204,0.4891,0.585,0.6952
4191,0.6294,0.7803,0.5171,0.6985,0.7228
4192,0.3281,0.8678,0.5204,0.5471,0.6051
4193,0.6642,0.7394,0.6024,0.5075,0.4228
4194,0.5068,0.8845,0.5863,0.6694,0.7579
4195,0.6828,0.9486,0.6842,0.271,0.2113
4196,0.5694,0.309,0.6057,0.6587,0.4811
4197,0.553,0.7942,0.548,0.536,0.527
4198,0.5468,0.4355,0.6779,0.4487,0.6221
4199,0.6654,0.8393,0.6701,0.5201,0.6997
4200,0.5427,0.6764,0.4257,0.5774,0.6573
4201,0.3044,0.9646,0.4031,0.5733,0.7065
4202,0.5763,0.8435,0.467,0.5396,0.5186
4203,0.4214,0.6674,0.4398,0.4004,0.3756
4204,0.644,0.7887,0.5344,0.596,0.5687
4205,0.5635,0.7754,0.7106,0.5779,0.7353
4206,0.4983,0.648,0.472,0.4336,0.4219
4207,0.4821,0.2664,0.656,0.5318,0.7565
4208,0.4921,0.6934,0.5461,0.5046,0.5155
4209,0.4089,0.7028,0.5203,0.5716,0.4977
4210,0.4856,0.8958,0.4577,0.6577,0.5752
4211,0.5371,0.934,0.5706,0.6743,0.649
4212,0.5061,0.9379,0.4434,0.5395,0.4827
4213,0.5925,0.4672,0.6738,0.5141,0.4871
4214,0.4357,0.0928,0.4746,0.4277,0.3014
4215,0.3862,0.776,0.5726,0.3811,0.6396
4216,0.5636,0.9814,0.6504,0.6792,0.7719
4217,0.38,0.2475,0.6648,0.6476,0.6541
4218,0.6463,0.9495,0.6018,0.4567,0.6181
4219,0.5126,0.9719,0.4935,0.5557,0.6725
4220,0.3899,0.9487,0.5908,0.5355,0.4818
4221,0.74,0.9171,0.5762,0.503,0.5182
4222,0.4895,0.9547,0.4613,0.4817,0.4282
4223,0.5881,0.9831,0.6946,0.6405,0.6374
4224,0.4347,0.9553,0.4898,0.6792,0.6692
4225,0.643,0.2895,0.5178,0.6014,0.5276
4226,0.6923,0.9831,0.5238,0.4334,0.5238
4227,0.4752,0.8635,0.4721,0.4627,0.5089
4228,0.4201,0.9703,0.6789,0.7195,0.7301
4229,0.659,0.838,0.5044,0.47,0.5449
4230,0.5244,0.6178,0.4769,0.4673,0.4869
4231,0.4508,0.6788,0.4275,0.4441,0.4393
4232,0.5257,0.4592,0.5433,0.5514,0.5801
4233,0.514,0.2558,0.5684,0.6363,0.6987
4234,0.4089,0.9081,0.4452,0.6896,0.585
4235,0.5902,0.7278,0.5634,0.6998,0.7636
4236,0.5821,0.8241,0.4761,0.6003,0.5511
4237,0.2128,0.9632,0.5293,0.4688,0.3488
4238,0.4537,0.463,0.4227,0.4611,0.399
4239,0.4875,0.858,0.6381,0.5629,0.5765
4240,0.6768,0.8871,0.6342,0.6033,0.5511
4241,0.4277,0.217,0.6446,0.742,0.4237
4242,0.4592,0.3848,0.4683,0.468,0.3483
4243,0.5789,0.7452,0.6844,0.556,0.4736
4244,0.4932,0.6765,0.5883,0.5944,0.3389
4245,0.563,0.8951,0.4616,0.3045,0.4062
4246,0.4357,0.9274,0.5606,0.5284,0.3973
4247,0.6024,0.8622,0.477,0.5736,0.5375
4248,0.6761,0.8272,0.7061,0.4539,0.3659
4249,0.2794,0.8576,0.3689,0.5477,0.2841
4250,0.4533,0.9762,0.4756,0.4941,0.6189
4251,0.6013,0.9762,0.434,0.5143,0.3781
4252,0.5246,0.9921,0.6517,0.3537,0.3873
4253,0.7256,0.9554,0.6162,0.5093,0.554
4254,0.4643,0.9867,0.399,0.4377,0.3589
4255,0.5527,0.9553,0.5502,0.6498,0.6447
4256,0.4934,0.9367,0.5813,0.5329,0.7035
4257,0.3997,0.9842,0.4185,0.5103,0.5774
4258,0.5817,0.3884,0.3749,0.4276,0.4834
4259,0.4244,0.9699,0.5166,0.6319,0.4642
4260,0.4829,0.9565,0.6112,0.5724,0.6442
4261,0.5486,0.8831,0.4429,0.4016,0.29
4262,0.3928,0.9493,0.6698,0.5514,0.6876
4263,0.5324,0.9897,0.4074,0.6604,0.6134
4264,0.3887,0.9611,0.5163,0.5307,0.6347
4265,0.543,0.9501,0.4743,0.5278,0.4253
4266,0.5264,0.6944,0.4808,0.467,0.5953
4267,0.4185,0.2639,0.3788,0.5502,0.6147
4268,0.3927,0.7939,0.4084,0.3814,0.3882
4269,0.4065,0.9741,0.6134,0.3833,0.3919
4270,0.6379,0.5872,0.4484,0.5787,0.5796
4271,0.6357,0.2203,0.6135,0.3271,0.4352
4272,0.6054,0.9316,0.5834,0.3983,0.4694
4273,0.5868,0.9266,0.3579,0.3643,0.3741
4274,0.4523,0.9529,0.374,0.3236,0.2666
4275,0.5069,0.9712,0.4483,0.6147,0.5519
4276,0.5985,0.9655,0.6046,0.6308,0.5792
4277,0.5312,0.8203,0.5254,0.6021,0.6829
4278,0.4736,0.9449,0.3563,0.6118,0.6542
4279,0.5726,0.8447,0.5176,0.6311,0.6574
4280,0.6672,0.8203,0.4844,0.5564,0.5001
4281,0.425,0.7064,0.6666,0.5556,0.5978
4282,0.4136,0.6827,0.4586,0.3713,0.457
4283,0.4131,0.4178,0.5464,0.4727,0.4487
4284,0.6037,0.3671,0.5902,0.597,0.5651
4285,0.5927,0.5672,0.5333,0.5095,0.6948
4286,0.6748,0.4802,0.6121,0.608,0.4781
4287,0.4457,0.6682,0.56,0.5811,0.49
4288,0.3025,0.5831,0.4983,0.6214,0.6153
4289,0.4524,0.3563,0.3597,0.3373,0.6734
4290,0.605,0.4331,0.4184,0.5835,0.5984
4291,0.5561,0.2407,0.5591,0.421,0.3997
4292,0.5971,0.8741,0.504,0.6543,0.5858
4293,0.4973,0.1339,0.2271,0.0793,0.0986
4294,0.5241,0.7589,0.5771,0.584,0.6331
4295,0.4786,0.3455,0.5747,0.5896,0.7163
4296,0.4099,0.5835,0.5607,0.6805,0.6696
4297,0.6504,0.6986,0.6028,0.6098,0.5888
4298,0.5009,0.4454,0.5635,0.4283,0.5782
4299,0.2774,0.8233,0.4203,0.3265,0.4399
4300,0.518,0.2837,0.5589,0.4474,0.3594
4301,0.5464,0.4824,0.4793,0.5247,0.576
4302,0.7184,0.3885,0.711,0.6546,0.7831
4303,0.4972,0.8075,0.5161,0.6219,0.666
4304,0.4773,0.4587,0.4294,0.526,0.5133
4305,0.4337,0.3688,0.5301,0.4049,0.4018
4306,0.4044,0.8775,0.4853,0.7995,0.5184
4307,0.8141,0.4916,0.5465,0.6768,0.5113
4308,0.3544,0.7206,0.5964,0.4895,0.6581
4309,0.6398,0.78,0.4812,0.3167,0.425
4310,0.5614,0.5505,0.5222,0.3628,0.378
4311,0.4393,0.5188,0.605,0.4937,0.5112
4312,0.4015,0.3434,0.4174,0.3973,0.3175
4313,0.3919,0.6328,0.6069,0.4871,0.2747
4314,0.6672,0.5627,0.5073,0.6653,0.6292
4315,0.734,0.3463,0.6215,0.6293,0.5776
4316,0.5472,0.49,0.5556,0.4589,0.5227
4317,0.5549,0.7023,0.5361,0.6633,0.6383
4318,0.4586,0.2262,0.5907,0.6424,0.5523
4319,0.5434,0.664,0.5301,0.2878,0.3971
4320,0.5203,0.3595,0.3784,0.3035,0.5113
4321,0.5094,0.4399,0.591,0.2747,0.5357
4322,0.5713,0.5714,0.592,0.482,0.5725
4323,0.4967,0.5448,0.5248,0.467,0.4465
4324,0.5339,0.3936,0.4876,0.5737,0.561
4325,0.2434,0.525,0.3257,0.4678,0.3417
4326,0.4173,0.2988,0.5516,0.3756,0.4574
4327,0.1834,0.712,0.29,0.4684,0.5936
4328,0.5398,0.5113,0.4191,0.5555,0.3059
4329,0.3366,0.7263,0.4587,0.688,0.6845
4330,0.4136,0.6956,0.4104,0.4069,0.355
4331,0.3234,0.7999,0.5422,0.3439,0.3049
4332,0.5729,0.6843,0.5629,0.5567,0.451
4333,0.5053,0.9675,0.4724,0.6465,0.6114
4334,0.331,0.9055,0.4688,0.4373,0.4608
4335,0.4967,0.6638,0.5149,0.4374,0.4851
4336,0.5759,0.6561,0.6931,0.7302,0.601
4337,0.5669,0.8966,0.5436,0.4238,0.4357
4338,0.4973,0.8286,0.4918,0.5141,0.5883
4339,0.5423,0.7081,0.5286,0.5692,0.6086
4340,0.5658,0.6302,0.334,0.5367,0.4614
4341,0.7604,0.7363,0.6111,0.5162,0.4336
4342,0.4369,0.5154,0.5619,0.536,0.5911
4343,0.4341,0.7281,0.4866,0.4191,0.5185
4344,0.4906,0.3477,0.6586,0.4677,0.5523
4345,0.4323,0.6581,0.4159,0.3949,0.2642
4346,0.4643,0.9516,0.454,0.4163,0.3819
4347,0.3505,0.5718,0.5553,0.5505,0.4702
4348,0.5548,0.7181,0.4267,0.456,0.5948
4349,0.548,0.5911,0.4171,0.4992,0.5532
4350,0.6053,0.5518,0.3417,0.3579,0.4774
4351,0.5934,0.3625,0.5196,0.7581,0.752
4352,0.4738,0.7496,0.4196,0.682,0.6472
4353,0.3142,0.6236,0.3164,0.5587,0.4655
4354,0.6646,0.8708,0.4064,0.7331,0.7204
4355,0.5301,0.3352,0.6163,0.8804,0.6773
4356,0.447,0.868,0.5755,0.6113,0.5858
4357,0.5988,0.707,0.5548,0.4997,0.5784
4358,0.6288,0.8455,0.5412,0.5942,0.5459
4359,0.5574,0.5273,0.4555,0.3481,0.5401
4360,0.4503,0.7037,0.5024,0.3346,0.5486
4361,0.5987,0.967,0.5902,0.7077,0.5714
4362,0.5761,0.8426,0.4964,0.6503,0.6429
4363,0.4643,0.6609,0.5076,0.5554,0.4723
4364,0.5467,0.264,0.4586,0.2058,0.1782
4365,0.5677,0.9307,0.6389,0.7287,0.6385
4366,0.4087,0.6221,0.4873,0.4958,0.6241
4367,0.6222,0.96,0.6124,0.7353,0.6963
4368,0.4278,0.909,0.5441,0.5749,0.7024
4369,0.7595,0.9354,0.4803,0.3189,0.3218
4370,0.5217,0.8491,0.5926,0.4642,0.4383
4371,0.4962,0.8944,0.4348,0.3038,0.3751
4372,0.6163,0.776,0.4817,0.5833,0.5604
4373,0.5425,0.5437,0.555,0.4804,0.4593
4374,0.4643,0.4892,0.5778,0.5976,0.5934
4375,0.5637,0.9156,0.5465,0.6014,0.619
4376,0.4644,0.8152,0.5172,0.3311,0.4127
4377,0.5995,0.7965,0.4436,0.6458,0.5555
4378,0.5466,0.8764,0.6144,0.5126,0.4111
4379,0.4752,0.2767,0.4872,0.4662,0.4569
4380,0.6526,0.5476,0.6442,0.5467,0.5767
4381,0.669,0.7092,0.4906,0.4862,0.3614
4382,0.5932,0.9693,0.6096,0.4384,0.4308
4383,0.4115,0.3931,0.5249,0.5543,0.6152
4384,0.3497,0.8182,0.5329,0.6068,0.6657
4385,0.4268,0.4898,0.4885,0.2569,0.3331
4386,0.522,0.5388,0.5322,0.4252,0.4436
4387,0.5655,0.8539,0.5935,0.4416,0.5124
4388,0.589,0.9248,0.5564,0.744,0.5405
4389,0.4708,0.6403,0.5956,0.5602,0.5378
4390,0.5188,0.7025,0.4177,0.3789,0.3526
4391,0.4879,0.9339,0.5419,0.4776,0.6992
4392,0.4353,0.8848,0.6808,0.6456,0.602
4393,0.5518,0.842,0.3747,0.2536,0.2422
4394,0.4592,0.9158,0.5175,0.4459,0.4186
4395,0.4999,0.7523,0.4599,0.5444,0.5091
4396,0.4044,0.4161,0.5428,0.5212,0.4552
4397,0.3628,0.9593,0.4808,0.7051,0.5907
4398,0.5308,0.9376,0.6113,0.6538,0.5926
4399,0.526,0.8685,0.566,0.6157,0.6768
4400,0.5606,0.9722,0.5082,0.6304,0.5704
4401,0.4095,0.676,0.555,0.4718,0.3841
4402,0.5337,0.9165,0.4863,0.5475,0.552
4403,0.3843,0.6582,0.4794,0.3072,0.442
4404,0.4122,0.6857,0.4997,0.4829,0.3964
4405,0.6418,0.1179,0.5733,0.4964,0.5926
4406,0.569,0.9596,0.5353,0.7548,0.6848
4407,0.5037,0.9621,0.4674,0.4381,0.4979
4408,0.4331,0.8603,0.5168,0.6216,0.6372
4409,0.4688,0.8982,0.3574,0.4518,0.4932
4410,0.5119,0.9826,0.4756,0.7431,0.6366
4411,0.4256,0.8539,0.4615,0.416,0.492
4412,0.5312,0.9854,0.6828,0.5099,0.5653
4413,0.4623,0.9676,0.6341,0.8601,0.7521
4414,0.5114,0.8812,0.6484,0.3955,0.2488
4415,0.3457,0.7802,0.4685,0.4929,0.5714
4416,0.7916,0.7852,0.4783,0.4255,0.4578
4417,0.3866,0.9201,0.3338,0.4198,0.3545
4418,0.3299,0.8868,0.4326,0.4403,0.5893
4419,0.3947,0.4761,0.5018,0.612,0.5897
4420,0.8315,0.983,0.4887,0.6001,0.5672
4421,0.572,0.7583,0.5421,0.5572,0.6426
4422,0.377,0.8821,0.3224,0.3089,0.1843
4423,0.6194,0.8755,0.7718,0.6732,0.7473
4424,0.4295,0.6689,0.4181,0.452,0.3477
4425,0.5119,0.3269,0.6297,0.6293,0.5492
4426,0.3782,0.2329,0.4232,0.3755,0.3954
4427,0.4141,0.2702,0.4978,0.3922,0.3665
4428,0.4756,0.4705,0.0265,0.1433,0.3946
4429,0.2563,0.2841,0.4626,0.4789,0.4404
4430,0.6939,0.5925,0.56,0.8202,0.5049
4431,0.7088,0.5165,0.5762,0.519,0.4874
4432,0.5399,0.5533,0.5841,0.4705,0.5325
4433,0.5457,0.3532,0.6227,0.6359,0.4585
4434,0.683,0.273,0.5414,0.8171,0.5757
4435,0.4665,0.4608,0.5819,0.6545,0.5806
4436,0.5922,0.8616,0.5359,0.725,0.5881
4437,0.3698,0.8215,0.5837,0.4732,0.5466
4438,0.6141,0.4258,0.5599,0.3841,0.3733
4439,0.5541,0.3008,0.1543,0.4931,0.3521
4440,0.4192,0.8707,0.5983,0.6877,0.6003
4441,0.6207,0.5638,0.7521,0.6132,0.5899
4442,0.4972,0.6966,0.4031,0.3874,0.383
4443,0.4802,0.9437,0.3983,0.3067,0.5602
4444,0.6896,0.5097,0.767,0.3713,0.5455
4445,0.4475,0.6315,0.5265,0.5997,0.5087
4446,0.7019,0.3153,0.6836,0.6932,0.6527
4447,0.6605,0.2598,0.5274,0.4976,0.6731
4448,0.5462,0.7985,0.1151,0.206,0.529
4449,0.6722,0.4928,0.5802,0.8539,0.5668
4450,0.4026,0.3912,0.5987,0.8163,0.6199
4451,0.7123,0.3761,0.8138,0.9584,0.7345
4452,0.5023,0.6527,0.6563,0.5227,0.6835
4453,0.741,0.2304,0.4272,0.2655,0.3873
4454,0.5028,0.6385,0.3697,0.4031,0.6103
4455,0.4288,0.6699,0.5472,0.6472,0.5326
4456,0.5547,0.3073,0.5675,0.7462,0.4887
4457,0.6233,0.4616,0.6804,0.7525,0.5859
4458,0.3631,0.3049,0.4676,0.2003,0.4104
4459,0.5285,0.2053,0.5103,0.4496,0.5727
4460,0.5068,0.5543,0.5347,0.4386,0.5232
4461,0.5906,0.2507,0.4359,0.3122,0.4221
4462,0.3707,0.4083,0.675,0.5086,0.5157
4463,0.602,0.3891,0.4667,0.5064,0.5469
4464,0.4535,0.8056,0.5142,0.577,0.5749
4465,0.3537,0.6643,0.497,0.3643,0.3877
4466,0.5918,0.3593,0.4161,0.5069,0.6584
4467,0.6972,0.7166,0.3505,0.4305,0.245
4468,0.4652,0.7176,0.5864,0.6786,0.7121
4469,0.4318,0.6933,0.7334,0.7475,0.596
4470,0.4019,0.5548,0.6638,0.6238,0.6174
4471,0.6156,0.8907,0.5553,0.6185,0.5709
4472,0.4422,0.7199,0.6224,0.6754,0.7106
4473,0.6215,0.6619,0.6046,0.8264,0.6836
4474,0.4608,0.9413,0.4571,0.4612,0.4765
4475,0.4399,0.3475,0.6498,0.7994,0.5992
4476,0.6465,0.6535,0.5513,0.4174,0.427
4477,0.3608,0.8646,0.5408,0.6247,0.5667
4478,0.4455,0.9681,0.4865,0.4428,0.5075
4479,0.438,0.7401,0.4677,0.6562,0.4966
4480,0.4072,0.9305,0.5246,0.7129,0.6664
4481,0.2146,0.957,0.424,0.9013,0.7088
4482,0.4706,0.8081,0.5384,0.5441,0.5835
4483,0.4732,0.4413,0.4826,0.3113,0.3528
4484,0.2621,0.8274,0.4512,0.5097,0.36
4485,0.5213,0.4653,0.4432,0.5554,0.4876
4486,0.5668,0.9434,0.6979,0.5365,0.5341
4487,0.5788,0.7947,0.7794,0.7732,0.5877
4488,0.5623,0.9158,0.5732,0.6343,0.6692
4489,0.4931,0.9454,0.4117,0.5306,0.6699
4490,0.482,0.9035,0.469,0.7197,0.6564
4491,0.5487,0.555,0.5457,0.5905,0.5478
4492,0.3182,0.8839,0.1897,0.4659,0.532
4493,0.5228,0.8475,0.5361,0.3892,0.488
4494,0.463,0.9175,0.5007,0.7947,0.6807
4495,0.5009,0.6501,0.3982,0.4403,0.5736
4496,0.6591,0.422,0.5532,0.6102,0.5826
4497,0.5313,0.9039,0.6579,0.6024,0.5697
4498,0.6883,0.7976,0.5733,0.5029,0.5466
4499,0.4265,0.8733,0.7869,0.5695,0.4416
4500,0.5108,0.9609,0.6491,0.7336,0.6122
4501,0.6376,0.6543,0.5768,0.5993,0.6051
4502,0.5452,0.8741,0.5532,0.6995,0.6041
4503,0.481,0.886,0.5603,0.7033,0.6937
4504,0.6659,0.6377,0.6233,0.5898,0.5407
4505,0.3812,0.3294,0.3451,0.251,0.5091
4506,0.5763,0.8942,0.5986,0.7198,0.6078
4507,0.275,0.756,0.2647,0.2418,0.4263
4508,0.6002,0.957,0.5672,0.7324,0.5895
4509,0.3462,0.6745,0.5165,0.4582,0.48
4510,0.4585,0.9348,0.5389,0.5415,0.4922
4511,0.5925,0.3932,0.5602,0.4608,0.4678
4512,0.6319,0.8671,0.5709,0.6713,0.5594
4513,0.5365,0.6954,0.5595,0.5968,0.5095
4514,0.4753,0.884,0.5415,0.4456,0.4838
4515,0.7007,0.7999,0.5984,0.4308,0.3723
4516,0.2903,0.9641,0.4569,0.4607,0.5946
4517,0.4189,0.9577,0.4902,0.62,0.4574
4518,0.7142,0.6859,0.662,0.6233,0.5469
4519,0.5113,0.9481,0.4771,0.6656,0.5848
4520,0.531,0.6181,0.7723,0.8184,0.5831
4521,0.3494,0.3391,0.3919,0.2094,0.43
4522,0.3799,0.9196,0.3991,0.6205,0.5428
4523,0.5069,0.477,0.3769,0.3399,0.3149
4524,0.4756,0.8479,0.5304,0.5692,0.5704
4525,0.6083,0.775,0.4762,0.6706,0.5009
4526,0.5543,0.7938,0.4909,0.483,0.6158
4527,0.7911,0.623,0.6826,0.7381,0.5034
4528,0.4643,0.2929,0.3931,0.4205,0.467
4529,0.395,0.5037,0.6556,0.4246,0.422
4530,0.7725,0.7795,0.6947,0.6437,0.5414
4531,0.4269,0.7352,0.4947,0.4567,0.4421
4532,0.4523,0.317,0.6135,0.675,0.6186
4533,0.3729,0.6794,0.502,0.2515,0.3699
4534,0.2683,0.7177,0.4028,0.1929,0.3677
4535,0.5119,0.242,0.5092,0.5395,0.6101
4536,0.5243,0.7526,0.4634,0.4332,0.4045
4537,0.82,0.9026,0.7555,0.8204,0.513
4538,0.4794,0.7446,0.5322,0.5521,0.4201
4539,0.7867,0.6529,0.6637,0.8839,0.5184
4540,0.4296,0.9124,0.4465,0.5743,0.5632
4541,0.2663,0.9878,0.4055,0.5021,0.5313
4542,0.6773,0.9818,0.5803,0.5764,0.6447
4543,0.5946,0.9814,0.5499,0.6068,0.4667
4544,0.5925,0.9795,0.4006,0.6855,0.6348
4545,0.71,0.9788,0.6428,0.6785,0.6253
4546,0.6374,0.9552,0.5143,0.4509,0.4174
4547,0.6971,0.8298,0.6492,0.7527,0.6099
4548,0.3328,0.9601,0.4828,0.3165,0.6017
4549,0.4377,0.9302,0.6202,0.8527,0.6611
4550,0.4651,0.5309,0.5476,0.5293,0.3966
4551,0.4811,0.9982,0.4707,0.6406,0.637
4552,0.538,0.9759,0.4904,0.4521,0.5044
4553,0.448,0.9721,0.6319,0.6952,0.6228
4554,0.5084,0.9947,0.5619,0.5314,0.6482
4555,0.4619,0.8978,0.5054,0.4484,0.4241
4556,0.387,0.1804,0.4949,0.4817,0.4162
4557,0.4012,0.9565,0.3337,0.4138,0.42
4558,0.7686,0.5138,0.3817,0.3455,0.2264
4559,0.5296,0.9265,0.5245,0.6982,0.5667
4560,0.6339,0.9836,0.5768,0.4812,0.2659
4561,0.3751,0.9142,0.575,0.6348,0.5229
4562,0.7267,0.9715,0.4702,0.5551,0.5328
4563,0.4228,0.9934,0.5977,0.7844,0.6053
4564,0.4564,0.971,0.4716,0.4347,0.5425
4565,0.4425,0.9417,0.5144,0.5043,0.5014
4566,0.527,0.9253,0.6646,0.7229,0.5411
4567,0.7382,0.9797,0.6446,0.7967,0.6643
4568,0.6847,0.3398,0.5377,0.4912,0.5037
4569,0.4787,0.7325,0.5769,0.4988,0.3984
4570,0.6831,0.6264,0.4723,0.4801,0.5232
4571,0.5641,0.2599,0.5145,0.5921,0.4793
4572,0.5999,0.4051,0.5554,0.4459,0.3886
4573,0.5597,0.6549,0.6071,0.4131,0.4489
4574,0.635,0.5566,0.7142,0.7688,0.7793
4575,0.3921,0.8706,0.4038,0.572,0.634
4576,0.4848,0.472,0.4995,0.4782,0.5274
4577,0.4695,0.4802,0.2636,0.363,0.5764
4578,0.466,0.7614,0.5682,0.6275,0.5795
4579,0.7477,0.3015,0.5769,0.6699,0.6135
4580,0.3649,0.4567,0.5937,0.4938,0.3723
4581,0.652,0.8241,0.6373,0.5926,0.5474
4582,0.4158,0.8015,0.4652,0.32,0.3451
4583,0.6303,0.244,0.577,0.6036,0.5696
4584,0.747,0.5998,0.5043,0.4671,0.5454
4585,0.582,0.1999,0.533,0.6906,0.6613
4586,0.4891,0.7676,0.4871,0.5664,0.417
4587,0.3902,0.4018,0.4588,0.3781,0.387
4588,0.417,0.1047,0.5326,0.5206,0.5168
4589,0.5776,0.5261,0.5749,0.5135,0.4853
4590,0.5958,0.6227,0.4961,0.2693,0.263
4591,0.2792,0.7609,0.4956,0.7372,0.7063
4592,0.4138,0.69,0.5233,0.5045,0.3714
4593,0.6139,0.8841,0.4873,0.6534,0.5618
4594,0.4908,0.6832,0.488,0.4366,0.3628
4595,0.4415,0.3926,0.618,0.6238,0.3852
4596,0.4336,0.7087,0.4381,0.2432,0.3706
4597,0.3594,0.3616,0.4527,0.4514,0.4783
4598,0.4111,0.5989,0.551,0.6777,0.6162
4599,0.5503,0.0932,0.6191,0.7097,0.5415
4600,0.3283,0.862,0.3399,0.3541,0.3303
4601,0.6088,0.4639,0.5682,0.3479,0.3662
4602,0.5258,0.6875,0.5902,0.6051,0.6609
4603,0.7045,0.7965,0.4981,0.5905,0.6908
4604,0.5621,0.7488,0.4993,0.7104,0.6317
4605,0.7692,0.4069,0.4614,0.4093,0.5053
4606,0.4594,0.55,0.4852,0.4645,0.5861
4607,0.5291,0.571,0.4912,0.5362,0.5131
4608,0.5011,0.494,0.5425,0.7159,0.6931
4609,0.5248,0.5173,0.5992,0.4586,0.426
4610,0.5716,0.4131,0.6066,0.6751,0.6765
4611,0.5899,0.4251,0.5957,0.4916,0.3749
4612,0.6136,0.4352,0.5762,0.5481,0.4286
4613,0.6065,0.7705,0.6115,0.6498,0.5924
4614,0.5663,0.3647,0.4877,0.5925,0.6081
4615,0.5399,0.5637,0.5591,0.4659,0.3359
4616,0.5394,0.5209,0.4958,0.5789,0.5833
4617,0.5398,0.3247,0.6549,0.5466,0.6166
4618,0.4176,0.5052,0.3999,0.8439,0.87
4619,0.4281,0.6779,0.4593,0.4465,0.48
4620,0.3875,0.4482,0.5242,0.4866,0.4221
4621,0.6988,0.8148,0.5078,0.5318,0.5434
4622,0.3856,0.7078,0.4953,0.7099,0.775
4623,0.3256,0.8386,0.5169,0.347,0.458
4624,0.6347,0.8895,0.6079,0.5968,0.4753
4625,0.6588,0.8405,0.5143,0.4764,0.5125
4626,0.4305,0.8666,0.4804,0.5227,0.4794
4627,0.4968,0.5179,0.4814,0.5322,0.4797
4628,0.6484,0.9225,0.5412,0.4897,0.4493
4629,0.5354,0.9541,0.5192,0.5532,0.6899
4630,0.3585,0.8346,0.4974,0.6681,0.6244
4631,0.4834,0.4448,0.6025,0.6269,0.5108
4632,0.2717,0.8962,0.3379,0.5825,0.6129
4633,0.4983,0.829,0.5545,0.4373,0.442
4634,0.3008,0.8038,0.5455,0.5863,0.6079
4635,0.3758,0.8307,0.5047,0.6223,0.6234
4636,0.5276,0.6087,0.5043,0.5688,0.64
4637,0.4125,0.881,0.4276,0.5239,0.6128
4638,0.6132,0.7243,0.5654,0.5636,0.4859
4639,0.47,0.6967,0.38,0.1042,0.1555
4640,0.4963,0.9439,0.5357,0.6384,0.6056
4641,0.5436,0.3428,0.4577,0.6013,0.6706
4642,0.2992,0.7807,0.4071,0.7288,0.7281
4643,0.3631,0.8505,0.4631,0.5283,0.5901
4644,0.7071,0.6435,0.4761,0.5512,0.6654
4645,0.3154,0.8128,0.3767,0.4611,0.4569
4646,0.3254,0.509,0.4493,0.4575,0.5871
4647,0.7742,0.8068,0.5053,0.5643,0.5151
4648,0.3308,0.8913,0.2222,0.3163,0.2742
4649,0.1918,0.7069,0.3847,0.4279,0.5327
4650,0.4437,0.7122,0.515,0.646,0.6713
4651,0.5152,0.9134,0.5671,0.4918,0.4247
4652,0.4883,0.9822,0.6198,0.8153,0.7502
4653,0.3035,0.9951,0.4036,0.4761,0.5472
4654,0.3614,0.9421,0.4964,0.541,0.5464
4655,0.6637,0.914,0.5134,0.4997,0.6217
4656,0.7361,0.9704,0.5662,0.5661,0.6039
4657,0.4949,0.8863,0.5622,0.8535,0.7664
4658,0.733,0.422,0.6507,0.7181,0.6999
4659,0.6249,0.7079,0.6718,0.4584,0.395
4660,0.3645,0.5429,0.453,0.4704,0.4387
4661,0.4307,0.8941,0.4744,0.5281,0.506
4662,0.3959,0.3589,0.3346,0.4508,0.5974
4663,0.5264,0.8182,0.5405,0.7042,0.5908
4664,0.3602,0.9268,0.4079,0.4661,0.563
4665,0.325,0.8929,0.4174,0.4697,0.602
4666,0.6038,0.7353,0.5037,0.5562,0.5641
4667,0.5652,0.5887,0.544,0.5588,0.5015
4668,0.1577,0.987,0.4308,0.4755,0.5115
4669,0.5398,0.9166,0.5494,0.7463,0.7287
4670,0.5801,0.9399,0.4907,0.686,0.7402
4671,0.4794,0.7837,0.6667,0.6209,0.5226
4672,0.7167,0.3254,0.6359,0.7904,0.5946
4673,0.5525,0.1623,0.4615,0.695,0.6883
4674,0.5691,0.7211,0.5312,0.5458,0.5779
4675,0.6634,0.4668,0.6132,0.6882,0.6534
4676,0.5473,0.6335,0.5694,0.5322,0.4401
4677,0.6192,0.774,0.6282,0.5617,0.599
4678,0.3467,0.9793,0.3884,0.3186,0.4927
4679,0.4751,0.8198,0.4458,0.4849,0.5785
4680,0.4426,0.2997,0.6659,0.6845,0.6948
4681,0.4621,0.9452,0.6446,0.5888,0.5528
4682,0.3388,0.9657,0.4325,0.4447,0.4486
4683,0.4139,0.9853,0.5147,0.5213,0.4593
4684,0.7367,0.8586,0.5255,0.5956,0.4766
4685,0.4876,0.9904,0.4547,0.8309,0.7441
4686,0.4472,0.9939,0.3749,0.3519,0.4266
4687,0.6868,0.9431,0.6056,0.4562,0.4287
4688,0.7547,0.4641,0.607,0.3363,0.2939
4689,0.7253,0.9875,0.6857,0.7786,0.6999
4690,0.3217,0.9748,0.4689,0.4995,0.5668
4691,0.6089,0.9927,0.5905,0.7679,0.6594
4692,0.5349,0.9163,0.4778,0.5925,0.5435
4693,0.1959,0.9406,0.5215,0.348,0.5121
4694,0.4977,0.4312,0.3507,0.3862,0.4883
4695,0.2925,0.9938,0.3679,0.6368,0.5797
4696,0.4469,0.6832,0.4683,0.3468,0.376
4697,0.6735,0.4621,0.4328,0.4773,0.3984
4698,0.2432,0.7081,0.4122,0.3102,0.3474
4699,0.6242,0.575,0.4885,0.5538,0.5302
4700,0.6153,0.9793,0.5528,0.772,0.6948
4701,0.5719,0.9897,0.5032,0.209,0.4418
4702,0.4629,0.9749,0.5701,0.3948,0.5344
4703,0.5555,0.8186,0.4646,0.4149,0.4598
4704,0.4718,0.9909,0.4525,0.746,0.6171
4705,0.5266,0.9933,0.5235,0.5895,0.4651
4706,0.5987,0.5688,0.6779,0.6796,0.5368
4707,0.6258,0.3131,0.6642,0.5608,0.4854
4708,0.4458,0.8719,0.4889,0.6982,0.6015
4709,0.556,0.7469,0.6167,0.4451,0.4118
4710,0.5794,0.9412,0.4202,0.2871,0.3405
4711,0.557,0.7632,0.5552,0.5866,0.701
4712,0.0833,0.3327,0.9839,0.9098,0.4806
4713,0.9744,0.6526,0.9835,0.9945,0.6677
4714,0.9271,0.5319,0.9926,0.9959,0.6359
4715,0.999,0.6173,0.9985,1.0,0.3871
4716,0.9939,0.8965,0.9969,0.9964,0.6037
4717,0.9862,0.7511,0.9403,0.9248,0.4569
4718,0.0651,0.7431,0.1434,0.1987,0.6463
4719,0.8561,0.2183,0.9804,0.9905,0.394
4720,0.7757,0.5418,0.7165,0.9243,0.4355
4721,0.9675,0.5724,0.9342,0.961,0.4352
4722,0.9311,0.7652,0.9987,0.9998,0.5384
4723,0.4796,0.3107,0.3978,0.7646,0.4051
4724,0.967,0.5329,0.9907,0.9983,0.4792
4725,0.9987,0.6387,0.999,0.9995,0.4148
4726,0.8362,0.758,0.9678,0.9963,0.4432
4727,0.9332,0.2737,0.6037,0.889,0.5204
4728,0.6226,0.6919,0.6934,0.6136,0.5535
4729,0.8616,0.7117,0.9782,0.9538,0.5608
4730,0.9122,0.6485,0.9254,0.9948,0.5052
4731,0.9336,0.7252,0.7429,0.973,0.6468
4732,0.9981,0.7411,0.9762,0.9966,0.5109
4733,0.9805,0.6768,0.9491,0.9668,0.3409
4734,0.1628,0.472,0.1598,0.4487,0.4328
4735,0.9702,0.4856,0.9789,0.9978,0.4761
4736,0.9819,0.4455,0.9968,0.9994,0.4034
4737,0.8871,0.6642,0.9386,0.734,0.368
4738,0.9286,0.4608,0.9873,0.9983,0.6054
4739,0.7726,0.2908,0.8178,0.9867,0.4389
4740,0.9977,0.3099,1.0,1.0,0.3867
4741,0.989,0.5186,0.9996,0.9995,0.4531
4742,0.9661,0.7738,0.9149,0.9912,0.6417
4743,0.9919,0.6059,0.9177,0.9994,0.5348
4744,0.8478,0.8276,0.7224,0.9886,0.7503
4745,0.972,0.8163,0.9808,0.996,0.5724
4746,0.915,0.2183,0.9973,0.9808,0.375
4747,0.9591,0.4555,0.9911,0.9964,0.4283
4748,0.998,0.5394,0.9983,1.0,0.6497
4749,0.3492,0.4732,0.7273,0.8726,0.5076
4750,0.416,0.3091,0.4293,0.3185,0.4793
4751,0.9746,0.6939,0.9996,0.9995,0.5559
4752,0.9788,0.5683,0.976,0.9997,0.3845
4753,0.6731,0.7329,0.2343,0.9045,0.5686
4754,0.786,0.6175,0.6296,0.9804,0.6317
4755,0.9597,0.2501,0.9828,0.988,0.5282
4756,0.9699,0.652,0.9993,0.9991,0.5529
4757,0.9737,0.2617,0.9279,0.9969,0.5203
4758,0.5352,0.6378,0.803,0.9973,0.3768
4759,0.9639,0.381,0.944,0.9991,0.4533
4760,0.4845,0.5585,0.7692,0.9283,0.3807
4761,0.9536,0.4325,0.8791,0.9848,0.308
4762,0.6785,0.8061,0.9837,0.9974,0.4418
4763,0.8428,0.6479,0.5047,0.9625,0.6349
4764,0.9583,0.8813,0.984,0.974,0.6095
4765,0.2805,0.6204,0.9788,0.7966,0.4251
4766,0.8494,0.536,0.8368,0.9272,0.5833
4767,0.9523,0.7086,0.994,0.9995,0.4526
4768,0.3397,0.4111,0.9941,0.9845,0.5162
4769,0.5922,0.2821,0.8202,0.9954,0.3592
4770,0.9686,0.8684,0.9749,0.9939,0.5704
4771,0.8217,0.8606,0.7587,0.9702,0.5842
4772,0.9726,0.46,0.7061,0.993,0.4108
4773,0.4063,0.7773,0.9933,0.9901,0.4423
4774,0.9953,0.8175,0.9502,0.9936,0.6383
4775,0.9517,0.7727,0.8825,0.8318,0.5758
4776,0.9996,0.8758,0.9992,1.0,0.6164
4777,0.9369,0.6169,0.9745,0.9985,0.4908
4778,0.9957,0.755,0.9934,0.9998,0.5735
4779,0.9939,0.5547,0.9858,0.999,0.4726
4780,0.8799,0.471,0.706,0.7895,0.5219
4781,0.9761,0.8328,0.9992,0.9998,0.556
4782,0.9807,0.8721,0.9742,0.9999,0.6562
4783,0.9966,0.637,0.9926,0.9999,0.5503
4784,0.9995,0.5812,0.9999,1.0,0.5593
4785,0.7749,0.8484,0.9291,0.9995,0.6475
4786,0.959,0.8031,0.9922,0.9981,0.5247
4787,0.8429,0.7893,0.9961,0.9992,0.5382
4788,0.9627,0.606,0.9952,0.999,0.4573
4789,0.4459,0.4936,0.9959,0.9977,0.5386
4790,0.9537,0.5028,0.9863,0.994,0.4803
4791,0.8248,0.559,0.9998,1.0,0.3938
4792,0.5274,0.3544,0.9799,0.9983,0.5455
4793,0.0678,0.7735,0.4573,0.372,0.301
4794,0.9317,0.3869,0.9973,1.0,0.5045
4795,0.7038,0.6684,0.9705,0.9139,0.5723
4796,0.9907,0.5275,0.9911,0.999,0.4632
4797,0.9899,0.741,0.9747,0.9988,0.4364
4798,0.999,0.4479,0.9997,1.0,0.4869
4799,0.9733,0.5947,0.9999,1.0,0.3975
4800,0.9993,0.0349,0.9983,0.9985,0.1678
4801,0.9993,0.7784,0.9997,1.0,0.5663
4802,0.9971,0.6977,0.9992,1.0,0.5259
4803,0.943,0.0768,0.9958,0.9998,0.2561
4804,0.3644,0.5098,0.981,0.9989,0.4543
4805,0.9931,0.6359,1.0,1.0,0.4647
4806,0.999,0.2858,0.9999,1.0,0.358
4807,0.9922,0.4203,0.9454,0.9692,0.5186
4808,0.999,0.2904,0.9988,0.9999,0.2929
4809,0.9852,0.7959,0.999,1.0,0.5524
4810,0.999,0.8149,0.996,0.9999,0.5912
4811,0.9939,0.731,0.9916,0.9995,0.6009
4812,0.7822,0.5182,0.8238,0.9985,0.4451
4813,0.9648,0.538,0.9998,0.9999,0.5213
4814,0.9983,0.3572,0.9934,0.9997,0.4075
4815,0.3704,0.6946,0.7689,0.6808,0.4841
4816,0.8477,0.6664,0.9482,0.9843,0.4909
4817,0.9054,0.1987,0.9995,1.0,0.4253
4818,0.9099,0.5712,0.8328,0.9879,0.4967
4819,0.9386,0.6236,0.9994,1.0,0.5541
4820,0.9837,0.661,0.9898,0.9958,0.6846
4821,0.9786,0.679,0.9933,0.9994,0.5677
4822,0.9484,0.7563,0.3957,0.8848,0.5005
4823,0.9861,0.4547,0.4128,0.9288,0.5963
4824,0.9865,0.598,0.9981,0.9997,0.3764
4825,0.9579,0.5666,0.9194,0.9648,0.5804
4826,0.9904,0.8024,0.9965,0.9991,0.5156
4827,0.9851,0.4745,1.0,1.0,0.5106
4828,0.8655,0.7517,0.4117,0.7604,0.3893
4829,0.8827,0.6407,0.2087,0.6374,0.4921
4830,0.9546,0.4966,0.9779,0.997,0.5337
4831,0.9993,0.6814,0.9538,0.999,0.6807
4832,0.9915,0.6491,0.9663,0.9976,0.5782
4833,0.2194,0.6742,0.9455,0.5444,0.4019
4834,0.5453,0.4414,0.9783,0.7536,0.4773
4835,0.5564,0.6318,0.9921,0.9999,0.4764
4836,0.6857,0.5841,0.9729,0.8948,0.6004
4837,0.7587,0.5892,0.7061,0.9976,0.5718
4838,0.9792,0.622,0.7058,0.9995,0.5403
4839,0.6914,0.4715,0.9038,0.9914,0.4649
4840,0.7243,0.7484,0.3129,0.9951,0.4668
4841,0.7409,0.5188,0.1859,0.5732,0.3836
4842,0.9859,0.7204,0.6951,0.999,0.5814
4843,0.9891,0.5649,0.9926,0.995,0.4109
4844,0.9745,0.6455,0.9823,0.9999,0.6249
4845,0.9263,0.2352,0.9968,0.9974,0.3868
4846,0.9982,0.2798,0.965,0.9997,0.4729
4847,0.3641,0.3956,0.9847,0.948,0.5287
4848,0.9781,0.454,0.9818,0.9465,0.4238
4849,0.9771,0.4524,0.9999,1.0,0.5932
4850,0.9564,0.5719,0.9447,0.9957,0.3658
4851,0.9574,0.6014,0.9294,0.9979,0.5648
4852,0.7667,0.3121,0.9161,0.9962,0.4132
4853,0.8775,0.1914,0.985,0.9827,0.4947
4854,0.9947,0.5732,0.9996,0.9999,0.6053
4855,0.9413,0.1921,0.962,0.9911,0.6539
4856,0.8349,0.1343,0.7251,0.9828,0.4803
4857,0.7219,0.5628,0.9027,0.9992,0.5621
4858,0.743,0.4435,0.9237,0.4159,0.3722
4859,0.604,0.6752,0.9965,0.9984,0.478
4860,0.9836,0.5939,0.9759,0.9957,0.4336
4861,0.9902,0.6203,0.9951,0.9987,0.5091
4862,0.9971,0.5662,0.9563,0.9985,0.5456
4863,0.769,0.3098,0.9973,0.9987,0.5071
4864,0.9556,0.661,0.9916,0.9997,0.4911
4865,0.6127,0.6615,0.7541,0.3119,0.5049
4866,0.9955,0.5056,0.3304,0.4982,0.5162
4867,0.9978,0.5759,0.9203,0.9942,0.4206
4868,0.9733,0.3625,0.7152,0.506,0.4917
4869,0.8837,0.3052,0.9769,0.9767,0.5821
4870,0.9986,0.4731,0.9744,0.9995,0.4999
4871,0.474,0.4832,0.9541,0.9922,0.5445
4872,0.9996,0.6421,0.9997,0.9983,0.4791
4873,0.8674,0.8273,0.6393,0.6746,0.4926
4874,0.968,0.5578,0.938,0.9921,0.5062
4875,0.988,0.6903,0.8263,0.9564,0.4988
4876,0.3887,0.5377,0.6512,0.8578,0.5145
4877,0.9641,0.7419,0.9781,0.9981,0.5061
4878,0.1231,0.5044,0.5432,0.7569,0.4789
4879,0.892,0.365,0.9686,0.9849,0.4709
4880,0.8344,0.4826,0.9927,0.8092,0.5526
4881,0.4796,0.6105,0.3934,0.4322,0.578
4882,0.9651,0.7706,0.3348,0.9844,0.5485
4883,0.9032,0.6373,0.991,0.9439,0.5596
4884,0.9809,0.7613,0.9999,1.0,0.4133
4885,0.8427,0.6587,0.9954,0.9974,0.5046
4886,0.04,0.3452,0.9784,0.9653,0.5064
4887,0.9572,0.7908,0.9617,0.9974,0.5415
4888,0.9988,0.3382,0.9995,0.9996,0.4238
4889,0.9762,0.7342,0.9984,0.9985,0.4515
4890,0.8676,0.4892,0.7924,0.9488,0.6558
4891,0.9907,0.377,0.9997,0.9994,0.5488
4892,0.9997,0.4036,0.9993,0.9998,0.5178
4893,0.9713,0.4633,0.9989,0.9996,0.5039
4894,0.993,0.3526,1.0,1.0,0.4706
4895,0.9957,0.4501,0.9903,0.9878,0.4963
4896,0.2014,0.8594,0.5255,0.7753,0.5262
4897,0.9771,0.8091,0.9996,0.9996,0.6423
4898,0.5902,0.6914,0.9858,0.9959,0.4273
4899,0.8742,0.5654,0.9263,0.99,0.6397
4900,0.5572,0.418,0.0,0.0027,0.6027
4901,0.9501,0.4784,0.9324,0.9376,0.4463
4902,0.999,0.449,0.9988,0.9997,0.4531
4903,0.8692,0.6734,0.9967,0.9987,0.4286
4904,0.9979,0.7287,0.9999,0.9995,0.6412
4905,0.9997,0.6116,0.9994,0.9997,0.4999
4906,0.8779,0.6186,0.9961,1.0,0.5649
4907,0.7736,0.7082,0.9927,0.9953,0.5645
4908,0.9957,0.498,0.9897,0.9677,0.5689
4909,0.7647,0.8533,0.6786,0.8447,0.5531
4910,0.1135,0.5321,0.9985,0.9696,0.5937
4911,0.4641,0.4536,0.9974,0.9997,0.4424
4912,0.8215,0.7398,0.9156,0.9579,0.5684
4913,0.8465,0.7764,0.5979,0.2686,0.6385
4914,0.9971,0.4092,0.9986,0.9999,0.407
4915,0.9415,0.59,0.992,0.9883,0.4795
4916,0.7158,0.2939,0.9987,0.9986,0.5013
4917,0.9965,0.6613,0.9978,0.9991,0.5725
4918,0.5677,0.6572,0.9855,0.9986,0.4728
4919,0.9951,0.6372,0.9894,0.9993,0.5334
4920,0.9354,0.6186,0.9633,0.9734,0.6431
4921,0.711,0.3777,0.8649,0.9068,0.5779
4922,0.9994,0.5737,0.9999,0.9998,0.5817
4923,0.8493,0.6172,0.6162,0.966,0.4157
4924,0.9797,0.6954,0.9904,0.997,0.5883
4925,0.9779,0.4505,0.9997,0.9986,0.5185
4926,0.9659,0.6268,0.9889,0.9968,0.5025
4927,0.9403,0.6022,0.989,0.9777,0.5571
4928,0.9989,0.4536,0.9999,0.9997,0.5162
4929,0.9993,0.3951,0.9997,0.9999,0.4545
4930,0.9057,0.4989,0.9996,0.9999,0.4707
4931,0.9992,0.6822,1.0,1.0,0.3338
4932,0.9929,0.6676,1.0,1.0,0.5351
4933,0.9349,0.6139,0.9947,0.9959,0.4094
4934,0.9691,0.3914,0.9952,0.896,0.382
4935,0.9621,0.7439,0.995,0.9978,0.5062
4936,0.6498,0.4879,0.9949,0.9938,0.5224
4937,0.9499,0.6289,0.9993,0.996,0.4837
4938,0.969,0.6375,0.9964,0.9959,0.4316
4939,0.9962,0.5807,0.9808,0.9645,0.4403
4940,0.5173,0.6521,0.9345,0.9944,0.5037
4941,0.8478,0.6209,0.9427,0.9523,0.5744
4942,0.9903,0.4925,0.9998,1.0,0.5122
4943,0.9933,0.7831,0.9995,0.9992,0.5495
4944,0.9553,0.6318,0.9508,0.9915,0.4346
4945,0.9873,0.8458,0.996,1.0,0.5096
4946,0.6628,0.5095,0.9563,0.9216,0.5978
4947,0.8182,0.7967,0.9604,0.9991,0.6136
4948,0.9995,0.4019,0.9999,1.0,0.5917
4949,0.9608,0.8112,0.9958,0.9982,0.5052
4950,0.999,0.6677,0.9997,0.9999,0.502
4951,0.9843,0.4359,0.9998,1.0,0.4907
4952,0.9999,0.5067,1.0,1.0,0.5308
4953,1.0,0.6343,1.0,1.0,0.4773
4954,0.9622,0.8665,0.9991,0.9996,0.5249
4955,0.778,0.3974,0.1835,0.6589,0.5164
4956,0.9918,0.8499,0.9999,1.0,0.5537
4957,1.0,0.4805,1.0,1.0,0.4987
4958,0.9997,0.46,1.0,1.0,0.4398
4959,0.9934,0.6213,0.9998,0.9999,0.4034
4960,0.3946,0.7819,0.6804,0.9488,0.6608
4961,0.9992,0.6295,0.9999,1.0,0.6259
4962,0.9986,0.3944,0.9999,0.9996,0.5475
4963,0.9996,0.5304,1.0,1.0,0.4249
4964,0.9887,0.3648,0.9948,0.9999,0.5711
4965,0.7414,0.6352,0.9789,0.9971,0.5481
4966,0.94,0.3078,0.9989,0.9999,0.469
4967,0.694,0.8765,0.9878,0.9873,0.5753
4968,0.952,0.3483,0.9837,0.9438,0.5431
4969,0.9842,0.4949,0.9983,0.9989,0.4786
4970,0.7307,0.5188,0.8817,0.9919,0.4598
4971,0.9973,0.5758,0.9999,1.0,0.6168
4972,0.9782,0.7098,0.7301,0.9286,0.4963
4973,0.9915,0.4894,0.9091,0.9818,0.5146
4974,0.2962,0.5958,0.9759,0.9463,0.5198
4975,0.2927,0.7173,0.9303,0.9841,0.4827
4976,0.5925,0.2386,0.9853,0.9715,0.568
4977,0.9129,0.3839,0.9829,0.9896,0.4686
4978,0.9964,0.5001,0.9697,0.9759,0.601
4979,0.8257,0.5917,0.4837,0.5705,0.6364
4980,0.9491,0.5368,0.9983,0.9972,0.4984
4981,0.9985,0.4875,0.9999,0.9995,0.433
4982,0.7706,0.4778,0.9995,0.9987,0.5698
4983,0.9868,0.7692,0.9951,0.9873,0.4833
4984,0.3125,0.8033,0.9987,0.9232,0.5342
4985,0.2375,0.8315,0.9417,0.7886,0.5404
4986,0.9996,0.6326,0.9992,0.9928,0.5356
4987,0.9184,0.5604,0.9984,0.9981,0.4278
4988,0.9856,0.4826,0.9949,0.9993,0.4765
4989,0.8845,0.4187,0.9954,0.986,0.446
4990,0.9717,0.5419,0.9868,0.93,0.5694
4991,0.3018,0.5505,0.8773,0.8295,0.4113
4992,0.9967,0.5,0.9997,0.9997,0.4527
4993,0.5597,0.3886,0.9568,0.6573,0.4919
4994,0.99,0.5473,0.9794,0.9855,0.5686
4995,0.8476,0.1277,0.9662,0.4561,0.4841
4996,0.8954,0.5765,0.9984,0.9925,0.3952
4997,0.9881,0.4941,0.9997,0.9999,0.5119
4998,0.8643,0.524,0.9981,0.9903,0.5978
4999,0.0559,0.6367,0.9676,0.895,0.4943
5000,0.9414,0.9345,0.9868,0.861,0.6149
5001,0.9489,0.5468,0.9938,0.9872,0.4355
5002,0.8652,0.6209,0.9987,0.9876,0.5353
5003,0.9879,0.1752,0.9999,0.9995,0.3973
5004,0.8303,0.4035,0.9964,0.9909,0.4386
5005,0.9867,0.6171,0.9558,0.9945,0.5231
5006,0.8262,0.7055,0.9965,0.999,0.5152
5007,0.9733,0.653,0.9993,0.9991,0.5541
5008,0.9863,0.5035,0.9493,0.9999,0.5556
5009,0.0502,0.4792,0.0339,0.0068,0.6312
5010,0.9864,0.3786,0.9969,0.9991,0.6346
5011,0.9943,0.5317,0.9993,0.9997,0.4361
5012,0.9345,0.2694,0.9065,0.9766,0.5211
5013,0.2534,0.8604,0.377,0.0674,0.5235
5014,0.1505,0.4161,0.8847,0.9348,0.4289
5015,0.1409,0.5715,0.9827,0.98,0.4189
5016,0.9985,0.8393,0.9912,0.9869,0.5184
5017,0.7966,0.2195,0.9921,0.999,0.4928
5018,0.6133,0.5771,0.704,0.1785,0.4372
5019,0.9222,0.6269,0.9871,0.9673,0.4428
5020,0.8931,0.5956,0.9252,0.9833,0.4826
5021,0.3277,0.699,0.2459,0.8357,0.4672
5022,0.999,0.7573,0.9878,0.9992,0.5374
5023,0.0896,0.3749,0.0954,0.0719,0.4614
5024,0.969,0.6761,0.9929,0.9624,0.4972
5025,0.9451,0.4181,0.8361,0.9548,0.4904
5026,0.9433,0.5631,0.3623,0.9868,0.4516
5027,0.9188,0.8059,0.9487,0.924,0.5149
5028,0.8346,0.459,0.9226,0.9913,0.5067
5029,0.9994,0.6829,0.9922,0.9994,0.5303
5030,0.4096,0.4308,0.9726,0.9996,0.4995
5031,0.5536,0.6618,0.8658,0.9826,0.5038
5032,0.082,0.6124,0.8733,0.9668,0.469
5033,0.8871,0.5226,0.9998,0.9999,0.4482
5034,0.9979,0.3827,0.9951,1.0,0.491
5035,0.9711,0.1305,0.9994,1.0,0.3696
5036,0.9929,0.3342,0.9503,0.7639,0.4114
5037,0.7306,0.7101,0.8649,0.9936,0.6079
5038,0.2833,0.746,0.2984,0.3158,0.5146
5039,0.9975,0.3859,0.9932,0.996,0.5006
5040,0.9806,0.5404,0.9997,0.9998,0.4439
5041,0.8932,0.8418,0.8044,0.9836,0.5376
5042,0.99,0.5291,0.9574,0.9991,0.5168
5043,0.9911,0.7345,0.9991,0.9994,0.4516
5044,0.9969,0.706,0.9508,0.9987,0.5678
5045,0.8272,0.248,0.997,0.9996,0.422
5046,0.5712,0.7359,0.5542,0.9496,0.4936
5047,0.9475,0.6878,0.953,0.9999,0.594
5048,0.4986,0.331,0.9966,0.9604,0.509
5049,0.7016,0.8313,0.9045,0.5945,0.568
5050,0.963,0.1966,0.9139,1.0,0.6356
5051,0.9965,0.7122,0.9979,1.0,0.4664
5052,0.4334,0.3132,0.357,0.3351,0.5359
5053,0.9442,0.4857,0.9923,0.9992,0.4041
5054,0.9855,0.2461,0.9996,1.0,0.5025
5055,0.8682,0.5659,0.9919,0.9468,0.4683
5056,0.9939,0.6619,0.9889,0.9995,0.5257
5057,0.7564,0.6145,0.9943,0.9848,0.4464
5058,0.9467,0.4189,0.9779,0.9999,0.5424
5059,0.6849,0.3819,0.9918,0.9983,0.4677
5060,0.3252,0.8053,0.2138,0.1929,0.4625
5061,0.88,0.4025,0.9917,0.9999,0.4245
5062,0.6737,0.4758,0.967,0.9999,0.5188
5063,0.6686,0.4901,0.9745,0.9924,0.4776
5064,0.9882,0.6076,0.9958,0.9998,0.4921
5065,0.9875,0.4121,0.9955,0.9997,0.5038
5066,0.816,0.613,0.9707,0.999,0.4084
5067,0.886,0.6906,0.9975,1.0,0.6412
5068,0.9975,0.7597,0.9986,1.0,0.5293
5069,0.9977,0.5605,1.0,1.0,0.5899
5070,0.561,0.8733,0.9843,0.9988,0.5132
5071,0.9959,0.8186,0.997,0.9997,0.5832
5072,0.999,0.8709,0.9961,0.9999,0.5417
5073,0.9662,0.1811,0.9949,0.9981,0.4625
5074,0.6444,0.4977,0.9992,0.9999,0.5052
5075,0.4635,0.5377,0.9532,0.9941,0.4607
5076,0.8696,0.4027,0.9853,0.9925,0.4593
5077,0.9154,0.6277,0.9952,0.9999,0.5447
5078,0.9485,0.7861,0.9918,0.9995,0.4968
5079,0.8594,0.8244,0.9832,0.9984,0.5096
5080,0.9994,0.7138,0.9992,1.0,0.5291
5081,0.4288,0.3704,0.9973,0.9999,0.4365
5082,0.7063,0.7237,0.9952,0.9996,0.5564
5083,0.989,0.4599,0.9987,1.0,0.5366
5084,0.9962,0.5422,0.9974,0.9997,0.6095
5085,0.9943,0.4157,0.9809,0.9989,0.5196
5086,0.2582,0.8862,0.9403,0.9939,0.5714
5087,0.9873,0.6782,0.9882,0.9978,0.5087
5088,0.9841,0.7163,0.9907,0.9987,0.5609
5089,0.8323,0.4173,0.8455,0.9405,0.4873
5090,0.9847,0.9313,0.9948,0.9988,0.4412
5091,0.9986,0.4133,0.9991,1.0,0.4056
5092,0.9983,0.6097,0.9975,1.0,0.5125
5093,0.9993,0.2886,0.9933,0.9999,0.4912
5094,0.7975,0.6355,0.9694,0.954,0.4988
5095,0.9957,0.9919,0.9048,0.9755,0.6072
5096,0.9689,0.5565,0.9929,0.9999,0.5296
5097,0.9986,0.2722,0.9946,0.9998,0.4905
5098,0.9978,0.596,0.9877,0.9999,0.5674
5099,0.9822,0.2663,0.9933,0.9943,0.4342
5100,0.4286,0.7527,0.8978,0.9977,0.4884
5101,0.8767,0.2332,0.9853,0.9998,0.5883
5102,0.9942,0.7793,0.9272,0.9998,0.6106
5103,0.9044,0.6641,0.9991,1.0,0.5317
5104,0.9382,0.7396,0.9642,0.9984,0.5871
5105,0.9703,0.4729,0.9992,1.0,0.4339
5106,0.9986,0.3768,0.9759,0.9991,0.565
5107,0.9932,0.5095,0.9946,1.0,0.5833
5108,0.9998,0.7713,0.9995,0.9999,0.4928
5109,0.9995,0.7637,0.999,0.9999,0.478
5110,1.0,0.8429,1.0,1.0,0.457
5111,0.9863,0.5553,0.9963,0.9999,0.5589
5112,0.9987,0.8037,0.9899,0.9993,0.4725
5113,0.9955,0.8135,0.8556,0.9986,0.5582
5114,0.9284,0.6969,0.6546,0.8928,0.5878
5115,0.9785,0.641,0.9838,0.9999,0.517
5116,0.9846,0.8005,0.6806,0.9966,0.5376
5117,0.9994,0.6459,0.9979,0.9999,0.6334
5118,0.9964,0.7886,0.9365,0.9988,0.5005
5119,0.99,0.4661,0.9899,0.9922,0.5173
5120,0.9934,0.1592,0.998,0.999,0.3757
5121,0.9844,0.439,0.8969,0.9977,0.4831
5122,0.9996,0.388,1.0,1.0,0.5033
5123,0.6885,0.6371,0.9957,1.0,0.5522
5124,0.7282,0.4113,0.9824,0.9012,0.5649
5125,0.9994,0.7702,0.9644,0.9998,0.434
5126,0.845,0.2617,0.98,0.9921,0.5578
5127,0.9725,0.7503,0.6874,0.9972,0.5436
5128,0.7271,0.3549,0.605,0.9838,0.4364
5129,0.6385,0.4234,0.9813,0.9913,0.5196
5130,0.756,0.827,0.6633,0.773,0.5677
5131,0.2449,0.6438,0.853,0.9941,0.4351
5132,0.3621,0.3768,0.8648,0.9512,0.5261
5133,0.6939,0.698,0.7652,0.9922,0.521
5134,0.9804,0.642,0.9901,0.9999,0.4954
5135,0.934,0.4081,0.9964,0.9984,0.5505
5136,0.7657,0.8399,0.4845,0.9297,0.6078
5137,0.9586,0.3475,0.9993,1.0,0.3942
5138,0.7913,0.5001,0.8492,0.9993,0.3657
5139,0.9856,0.6434,0.9319,0.9998,0.6034
5140,0.9106,0.3333,0.9105,0.9998,0.5017
5141,0.6016,0.6848,0.4191,0.8163,0.4407
5142,0.8944,0.5001,0.9942,0.9999,0.4865
5143,0.9425,0.4579,0.9732,0.9921,0.5544
5144,0.8119,0.7069,0.7677,0.9978,0.5823
5145,0.8525,0.5966,0.374,0.9537,0.4734
5146,0.9229,0.6038,0.9334,0.8898,0.4825
5147,0.9841,0.6728,0.9906,0.9966,0.5122
5148,0.7541,0.485,0.9939,0.9993,0.4813
5149,0.6935,0.8944,0.1165,0.3165,0.5253
5150,0.9341,0.6849,0.9258,0.999,0.5333
5151,0.4203,0.6552,0.9891,0.9989,0.5507
5152,0.9945,0.3481,0.998,0.9992,0.55
5153,0.429,0.2629,0.0312,0.0556,0.5561
5154,0.9835,0.5462,0.2466,0.8179,0.4917
5155,0.0379,0.3888,0.9761,0.8156,0.4818
5156,0.8288,0.4959,0.9878,0.9997,0.3735
5157,0.796,0.7088,0.9409,0.9986,0.4538
5158,0.9732,0.6924,0.9996,0.9975,0.4351
5159,0.9935,0.3551,0.7067,0.4148,0.4849
5160,0.1406,0.4938,0.5753,0.9829,0.6387
5161,0.9229,0.6876,0.4854,0.9171,0.4614
5162,0.9013,0.2824,0.9876,0.9993,0.4729
5163,0.9117,0.6016,0.5956,0.9637,0.6843
5164,0.6941,0.3261,0.9838,0.8239,0.4651
5165,0.3995,0.5137,0.9445,0.3437,0.4702
5166,0.9529,0.4327,0.9999,1.0,0.5201
5167,0.559,0.5934,0.1421,0.5185,0.5239
5168,0.9974,0.3897,0.9935,0.9925,0.5211
5169,0.863,0.4269,0.9656,0.969,0.6669
5170,0.6621,0.5175,0.1909,0.5273,0.5386
5171,0.9987,0.5833,0.9943,0.9912,0.5051
5172,0.0365,0.2449,0.0952,0.1543,0.6049
5173,0.9779,0.4209,0.9163,0.9956,0.4889
5174,0.0464,0.464,0.0838,0.1659,0.5526
5175,0.736,0.4853,0.5651,0.541,0.3944
5176,0.4465,0.185,0.7665,0.7196,0.3238
5177,0.9899,0.6388,0.9923,0.9988,0.5846
5178,0.9419,0.4643,0.6294,0.7892,0.5323
5179,0.3659,0.5474,0.6682,0.9609,0.6141
5180,0.9866,0.6166,0.9682,0.9931,0.5027
5181,0.9983,0.6246,0.9937,0.9955,0.4729
5182,0.983,0.3799,0.9963,0.9889,0.5699
5183,0.974,0.3207,0.9943,0.9998,0.4919
5184,0.5474,0.4012,0.976,0.9999,0.5236
5185,0.6795,0.7958,0.7771,0.9961,0.5107
5186,0.1551,0.7015,0.0093,0.0008,0.5204
5187,0.8564,0.7532,0.4153,0.8685,0.5627
5188,0.9827,0.4923,0.978,0.9532,0.3731
5189,0.9597,0.3051,0.9988,0.9752,0.3982
5190,0.8816,0.4069,0.9985,0.9985,0.5811
5191,0.3965,0.7189,0.7792,0.9903,0.4467
5192,0.9835,0.5575,1.0,1.0,0.5722
5193,0.9997,0.5226,0.9998,1.0,0.5031
5194,0.9829,0.7253,0.6874,0.9988,0.6819
5195,0.9396,0.6416,0.9997,0.9999,0.505
5196,0.4635,0.3145,0.9581,0.8312,0.4218
5197,0.0245,0.7597,0.0471,0.6335,0.5131
5198,0.5429,0.7687,0.3266,0.9211,0.523
5199,0.9913,0.3181,0.9998,1.0,0.4915
5200,0.3329,0.2773,0.9055,0.0135,0.335
5201,0.9424,0.6707,0.9945,0.986,0.4063
5202,0.1058,0.6181,0.1457,0.4497,0.3863
5203,0.2771,0.452,0.0283,0.6267,0.6648
5204,0.3731,0.4357,0.2988,0.9745,0.4411
5205,0.8272,0.2408,0.9113,0.9891,0.5103
5206,0.6732,0.4794,0.9656,0.9939,0.5257
5207,0.7587,0.2428,0.9856,0.9938,0.5404
5208,0.8076,0.5713,0.8098,0.9059,0.5613
5209,0.5104,0.4979,0.9795,0.9766,0.5125
5210,0.8964,0.4848,0.6841,0.9325,0.5385
5211,0.9681,0.6573,0.9774,0.9993,0.5447
5212,0.8875,0.6568,0.9508,0.999,0.5054
5213,0.7047,0.7551,0.9945,0.882,0.4789
5214,0.7,0.7805,0.6063,0.9681,0.564
5215,0.9986,0.4147,0.9979,0.9999,0.4517
5216,0.9811,0.7975,0.9822,0.9998,0.6446
5217,0.6058,0.7715,0.9996,1.0,0.5019
5218,0.4209,0.5466,0.9967,1.0,0.6784
5219,0.9516,0.7442,0.9961,0.9999,0.493
5220,0.9264,0.5488,0.9976,0.9984,0.6043
5221,0.9965,0.6086,0.9993,0.9998,0.4116
5222,0.9473,0.5096,0.9995,0.9999,0.4326
5223,0.9675,0.6632,0.9891,0.9999,0.6648
5224,0.997,0.5932,0.9995,1.0,0.4459
5225,0.9966,0.4304,0.9994,1.0,0.5186
5226,0.9879,0.4538,1.0,1.0,0.6016
5227,0.9867,0.5782,0.976,0.9988,0.4325
5228,0.995,0.7218,0.9992,1.0,0.5466
5229,0.9296,0.2309,0.9962,0.9992,0.3141
5230,0.9917,0.4218,1.0,1.0,0.4955
5231,0.9719,0.4089,0.9923,0.9999,0.7049
5232,0.9705,0.6421,0.9893,1.0,0.5819
5233,0.9349,0.8598,0.9994,1.0,0.5552
5234,0.9197,0.4351,0.9006,0.9937,0.4635
5235,0.188,0.6812,0.9861,0.9966,0.4456
5236,0.9952,0.619,0.9939,0.9998,0.4872
5237,0.9009,0.5262,0.9904,0.9999,0.6654
5238,0.9888,0.6743,0.9953,0.9989,0.4525
5239,0.5681,0.3932,0.6479,0.9265,0.4068
5240,0.8164,0.5812,0.9988,0.9995,0.5463
5241,0.917,0.4612,0.9886,0.9999,0.3993
5242,0.9846,0.7128,0.9946,0.9999,0.566
5243,0.9973,0.4345,0.9989,1.0,0.514
5244,0.9779,0.5402,0.997,0.9995,0.6235
5245,0.9389,0.7668,0.9857,0.9812,0.5044
5246,0.9988,0.5371,0.9907,0.9997,0.5342
5247,0.8881,0.6255,0.8455,0.9881,0.5285
5248,0.5164,0.8728,0.9226,0.8717,0.5937
5249,0.9956,0.8319,0.9997,1.0,0.7781
5250,0.9076,0.2951,0.9439,0.9969,0.4787
5251,0.9991,0.5966,0.9898,0.9994,0.589
5252,0.9336,0.5224,0.9987,0.9963,0.3233
5253,0.998,0.6527,0.9901,0.9979,0.5408
5254,0.9554,0.7137,0.9865,0.9996,0.5518
5255,0.99,0.5375,0.98,0.9417,0.4699
5256,0.9994,0.6429,0.9743,0.9997,0.453
5257,0.9664,0.5891,0.9818,0.9995,0.4676
5258,0.9985,0.3417,0.9997,1.0,0.491
5259,0.9978,0.7258,0.9996,1.0,0.531
5260,0.9479,0.5569,0.9926,0.9888,0.3401
5261,0.0835,0.4173,0.9355,0.0841,0.5653
5262,0.3993,0.4892,0.9984,0.9999,0.5458
5263,0.9859,0.4157,0.9994,1.0,0.4937
5264,0.4504,0.3192,0.6961,0.8819,0.5109
5265,0.9943,0.8241,1.0,1.0,0.4203
5266,0.9957,0.6486,0.9995,1.0,0.5458
5267,0.9902,0.786,0.9882,0.9818,0.4549
5268,0.9339,0.4687,0.3078,0.4613,0.4927
5269,0.7602,0.4728,0.9416,0.9866,0.6038
5270,0.8139,0.2293,0.4983,0.9618,0.5594
5271,0.9459,0.9194,0.9991,0.9999,0.596
5272,0.981,0.439,0.9993,0.9999,0.3814
5273,0.1587,0.5588,0.8801,0.2576,0.5075
5274,0.0226,0.6104,0.4828,0.0117,0.5705
5275,0.936,0.5133,0.7008,0.9985,0.3992
5276,0.955,0.4004,0.7717,0.9988,0.4983
5277,0.958,0.768,0.5436,0.9987,0.4863
5278,0.9341,0.6862,0.6676,0.9949,0.4196
5279,0.3115,0.7322,0.9898,0.9423,0.5733
5280,0.506,0.3451,0.8068,0.9997,0.4465
5281,0.6243,0.7372,0.9561,0.4921,0.6696
5282,0.9936,0.5405,0.9711,0.9856,0.5644
5283,0.0921,0.8005,0.8987,0.098,0.5189
5284,0.774,0.6024,0.7816,0.9987,0.5151
5285,0.9946,0.4701,0.9786,0.9484,0.5609
5286,0.0781,0.5892,0.46,0.2322,0.4739
5287,0.9952,0.3303,0.9996,1.0,0.4902
5288,0.9656,0.2483,0.9901,0.9996,0.5124
5289,0.9918,0.3144,0.6418,0.9877,0.4324
5290,0.6392,0.3523,0.8821,0.9992,0.5067
5291,0.9429,0.6051,0.9992,0.9999,0.583
5292,0.5344,0.6481,0.4966,0.9752,0.4183
5293,0.9963,0.7932,0.8658,0.9985,0.5003
5294,0.834,0.642,0.9996,0.9999,0.507
5295,0.7061,0.4965,0.9869,0.9944,0.4775
5296,0.9944,0.347,0.9625,0.9956,0.5306
5297,0.8058,0.6251,0.334,0.8482,0.514
5298,0.9865,0.7704,0.9443,0.9985,0.5921
5299,0.5914,0.6915,0.9941,1.0,0.4787
5300,0.9774,0.376,0.2561,0.7358,0.5263
5301,0.9799,0.4491,0.9898,0.9982,0.5157
5302,0.7911,0.6595,0.9964,0.9955,0.5625
5303,0.9027,0.5795,0.857,0.9991,0.6124
5304,0.3935,0.2973,0.6728,0.5584,0.5506
5305,0.577,0.6324,0.9576,0.9746,0.5325
5306,0.9979,0.7315,0.9819,0.9774,0.602
5307,0.9203,0.6403,0.5476,0.9207,0.4698
5308,0.9877,0.3218,0.9682,0.9258,0.3468
5309,0.9532,0.3573,0.9989,0.9999,0.4474
5310,0.6738,0.4477,0.8923,0.9103,0.528
5311,0.4004,0.3923,0.9399,0.992,0.546
5312,0.8689,0.4916,0.997,0.9842,0.4333
5313,0.5201,0.3822,0.1081,0.4433,0.475
5314,0.8557,0.3758,0.8369,0.9403,0.5609
5315,0.8459,0.3967,0.6379,0.7687,0.4763
5316,0.9297,0.4664,0.9867,0.9091,0.4887
5317,0.9509,0.5886,0.9693,0.956,0.5779
5318,0.0999,0.4209,0.775,0.9705,0.5635
5319,0.6883,0.239,0.9965,0.9957,0.6591
5320,0.7845,0.447,0.7777,0.7053,0.5393
5321,0.5729,0.395,0.5178,0.2995,0.4562
5322,0.1698,0.6048,0.9899,0.9976,0.5494
5323,0.9899,0.7821,0.9998,0.9999,0.588
5324,0.9226,0.7818,0.9953,0.9921,0.4775
5325,0.9909,0.7106,0.9833,0.966,0.456
5326,0.9541,0.1836,0.4043,0.9817,0.3475
5327,0.9893,0.4837,0.9999,1.0,0.4763
5328,0.9738,0.5168,0.9724,0.9808,0.5721
5329,0.8831,0.8045,0.9999,1.0,0.4683
5330,0.1267,0.3835,0.0704,0.0837,0.6128
5331,0.6746,0.7262,0.5424,0.9068,0.3669
5332,0.995,0.6594,0.9997,0.9999,0.5264
5333,0.8287,0.2813,0.9946,0.9985,0.3951
5334,0.9884,0.5782,0.9927,0.9981,0.4491
5335,0.9846,0.6063,0.8847,0.9778,0.5295
5336,0.9941,0.6975,0.9484,0.9805,0.7813
5337,0.9528,0.5916,0.9817,0.9635,0.4402
5338,0.6183,0.658,0.0229,0.0242,0.5702
5339,0.9387,0.6912,0.9991,0.9999,0.4223
5340,0.7563,0.6705,0.9938,0.9881,0.5459
5341,0.9137,0.6918,0.3364,0.657,0.4906
5342,0.7366,0.1688,0.5353,0.7666,0.5058
5343,0.9975,0.5986,0.9999,1.0,0.4079
5344,0.9881,0.6429,0.9218,0.951,0.4854
5345,0.9425,0.4093,0.9747,0.9791,0.6081
5346,0.9423,0.312,0.5386,0.8495,0.3767
5347,0.974,0.8913,0.9999,1.0,0.3887
5348,0.9437,0.6814,0.9985,0.9974,0.6204
5349,0.9707,0.2762,0.83,0.4164,0.3978
5350,0.9741,0.7878,0.9211,0.9992,0.6057
5351,0.9891,0.259,0.995,0.994,0.4788
5352,0.9659,0.47,0.9917,0.9938,0.4961
5353,0.9542,0.4249,0.9996,0.9991,0.4478
5354,0.5567,0.6123,0.8876,0.935,0.3835
5355,0.5283,0.4829,0.6893,0.9687,0.436
5356,0.9912,0.6845,0.8543,0.987,0.5973
5357,0.9894,0.4812,0.9769,0.9958,0.4911
5358,0.6321,0.1916,0.4945,0.2202,0.3699
5359,0.6375,0.3768,0.3805,0.4008,0.4553
5360,0.9519,0.1801,0.8243,0.9318,0.6773
5361,0.8912,0.581,0.9984,0.9979,0.4088
5362,0.7604,0.3721,0.9184,0.9944,0.5764
5363,0.9268,0.5146,0.9836,0.9704,0.4466
5364,0.9827,0.6228,0.993,0.9999,0.5748
5365,0.954,0.2602,0.9902,0.9993,0.3264
5366,0.8813,0.3633,0.9989,0.9955,0.7545
5367,0.9498,0.1886,0.9984,0.9928,0.6792
5368,0.837,0.5372,0.9934,0.9931,0.4903
5369,0.9949,0.477,0.9977,0.9998,0.5942
5370,0.958,0.8546,0.9995,0.9999,0.5393
5371,0.9987,0.3928,0.9994,0.9998,0.4036
5372,0.9939,0.7667,0.9852,0.9967,0.5321
5373,0.9742,0.8136,0.9963,0.9998,0.5308
5374,0.9966,0.6005,0.9889,0.9986,0.4876
5375,0.9848,0.3277,0.9992,1.0,0.5472
5376,0.9251,0.5433,0.9968,0.9984,0.4923
5377,0.9915,0.7496,0.9998,0.9998,0.5396
5378,0.6142,0.8257,0.6851,0.9892,0.5879
5379,0.9923,0.645,0.9993,1.0,0.5207
5380,0.9962,0.5526,0.9988,0.9996,0.4941
5381,0.8281,0.3528,0.9859,0.9974,0.723
5382,0.989,0.7645,0.9965,0.999,0.5475
5383,0.9585,0.586,0.9991,1.0,0.4034
5384,0.974,0.3025,0.9971,0.989,0.5823
5385,0.9371,0.5121,0.9999,0.9999,0.5729
5386,0.9503,0.4665,0.9192,0.9721,0.5259
5387,0.9873,0.6976,0.9864,0.9995,0.3575
5388,0.9879,0.431,0.9989,0.9987,0.5358
5389,0.1876,0.7377,0.5677,0.9751,0.5829
5390,0.9963,0.4356,0.9884,0.9998,0.5069
5391,0.9982,0.8407,0.9916,0.9998,0.4998
5392,0.9982,0.3622,0.9988,0.9988,0.4679
5393,0.9998,0.7331,0.9999,1.0,0.5336
5394,0.9975,0.5472,0.9996,1.0,0.5129
5395,0.9949,0.6639,0.9895,0.9939,0.3892
5396,0.9992,0.6735,0.9994,0.9999,0.4401
5397,0.8331,0.6057,0.9698,0.9977,0.557
5398,0.9972,0.8925,0.9908,0.9991,0.7686
5399,0.4721,0.6928,0.9005,0.9699,0.6896
5400,0.9965,0.8676,0.9981,0.9985,0.5873
5401,0.9999,0.409,0.9999,1.0,0.5418
5402,0.9993,0.7254,0.9998,1.0,0.5968
5403,1.0,0.714,0.9996,0.9999,0.5447
5404,0.7371,0.5892,0.8937,0.997,0.4481
5405,0.9305,0.3223,0.9909,0.9985,0.4324
5406,0.9945,0.8582,0.9897,0.9987,0.5158
5407,0.9135,0.6981,0.9971,0.9967,0.4494
5408,0.8431,0.7781,0.8878,0.9874,0.6133
5409,0.8661,0.6042,0.9894,0.9946,0.539
5410,0.4805,0.4482,0.9675,0.9879,0.5911
5411,0.9993,0.3885,0.9999,0.9999,0.3904
5412,0.9988,0.6041,0.9999,0.9999,0.4543
5413,0.8246,0.4035,0.5341,0.9171,0.6279
5414,0.908,0.7097,0.8668,0.9795,0.4239
5415,0.9918,0.2731,0.9988,0.9998,0.411
5416,0.9999,0.2037,0.9997,1.0,0.4872
5417,0.6309,0.7567,0.9701,0.7494,0.6575
5418,0.8572,0.3524,0.9299,0.9971,0.5209
5419,0.9522,0.9094,0.8678,0.9971,0.4663
5420,0.9501,0.7962,0.7818,0.978,0.4396
5421,0.9898,0.6613,0.377,0.9433,0.5158
5422,0.9546,0.5618,0.8151,0.999,0.4108
5423,0.8029,0.8137,0.7095,0.9916,0.4569
5424,0.1557,0.5207,0.017,0.1577,0.4885
5425,0.998,0.7802,0.9992,0.9992,0.5407
5426,0.5195,0.6657,0.9793,0.9251,0.5597
5427,0.9629,0.3917,0.9981,0.9988,0.3599
5428,0.9945,0.7271,0.9988,0.9994,0.5438
5429,0.812,0.5465,0.8598,0.9978,0.5034
5430,0.8922,0.5314,0.6782,0.9973,0.4771
5431,0.8252,0.4011,0.8553,0.3652,0.5543
5432,0.9444,0.7087,0.9998,0.9999,0.4496
5433,0.9917,0.8639,0.9241,0.9997,0.5264
5434,0.7904,0.9306,0.5216,0.9952,0.4895
5435,0.8665,0.3938,0.7083,0.9828,0.3909
5436,0.9361,0.7291,0.9927,0.9994,0.5167
5437,0.4712,0.3525,0.7508,0.9893,0.4893
5438,0.8944,0.7518,0.9963,0.9978,0.6016
5439,0.9794,0.8269,0.498,0.9756,0.4787
5440,0.9889,0.5732,0.9915,0.9982,0.5782
5441,0.9989,0.6232,0.9941,0.9921,0.511
5442,0.9759,0.527,0.9972,0.9974,0.4326
5443,0.8541,0.4803,0.9395,0.9974,0.5157
5444,0.6999,0.8108,0.7485,0.9937,0.5353
5445,0.9753,0.4483,0.9946,0.9951,0.4717
5446,0.9668,0.7233,0.8392,0.955,0.3656
5447,0.9633,0.6401,0.9753,0.9806,0.4372
5448,0.9864,0.3259,0.9945,0.99,0.4813
5449,0.972,0.3299,0.8895,0.8816,0.4775
5450,0.0311,0.4392,0.8263,0.866,0.4169
5451,0.9584,0.6793,0.9552,0.9996,0.491
5452,0.8833,0.4593,0.7122,0.8377,0.7721
5453,0.3751,0.6087,0.4264,0.428,0.5201
5454,0.8746,0.8587,0.6535,0.3597,0.3182
5455,0.9161,0.533,0.2033,0.6685,0.5657
5456,0.8385,0.5131,0.781,0.1871,0.2364
5457,0.9052,0.7924,0.7807,0.6785,0.7087
5458,0.9992,0.0414,0.9973,0.4474,0.1533
5459,0.7517,0.6776,0.4412,0.8849,0.8758
5460,0.218,0.5966,0.243,0.8887,0.6739
5461,0.9832,0.4515,0.6918,0.8298,0.4572
5462,0.9966,0.8756,0.6581,0.6038,0.5823
5463,0.7667,0.6208,0.4498,0.8183,0.7405
5464,0.9963,0.4275,0.7579,0.3047,0.6463
5465,0.9199,0.7427,0.747,0.8742,0.6767
5466,0.2776,0.5539,0.2004,0.2703,0.568
5467,0.7511,0.7276,0.5951,0.3478,0.6516
5468,0.9799,0.6418,0.6224,0.8917,0.4289
5469,0.2576,0.5764,0.2363,0.329,0.2604
5470,0.382,0.3842,0.2657,0.6882,0.6344
5471,0.8498,0.3534,0.6416,0.3973,0.1749
5472,0.9023,0.8289,0.2812,0.616,0.6202
5473,0.7012,0.5421,0.5528,0.2507,0.4126
5474,0.9093,0.6986,0.5035,0.5039,0.5138
5475,0.9119,0.581,0.5621,0.7531,0.5221
5476,0.366,0.792,0.5423,0.5674,0.5366
5477,0.4477,0.586,0.8297,0.418,0.3471
5478,0.5061,0.2823,0.3629,0.1988,0.4578
5479,0.7604,0.6221,0.6674,0.4316,0.5472
5480,0.827,0.4024,0.5438,0.2986,0.3625
5481,0.8531,0.7678,0.5783,0.2348,0.2669
5482,0.8177,0.2751,0.6932,0.681,0.4362
5483,0.8912,0.739,0.7699,0.7337,0.4238
5484,0.5308,0.6456,0.5674,0.5575,0.5423
5485,0.9214,0.2301,0.5161,0.7075,0.3715
5486,0.479,0.9054,0.6838,0.7723,0.7443
5487,0.8466,0.7519,0.6354,0.7651,0.6629
5488,0.9266,0.528,0.7472,0.6444,0.5807
5489,0.9625,0.4611,0.7609,0.3996,0.5417
5490,0.9857,0.5182,0.7131,0.4749,0.9051
5491,0.945,0.6228,0.4316,0.6775,0.5917
5492,0.9376,0.6105,0.7015,0.6537,0.5412
5493,0.4037,0.4381,0.5851,0.2524,0.5858
5494,0.7879,0.4681,0.6555,0.2587,0.4806
5495,0.7365,0.6427,0.6451,0.4155,0.4236
5496,0.5368,0.7536,0.5868,0.7136,0.7373
5497,0.951,0.7905,0.5177,0.8384,0.8391
5498,0.4196,0.3042,0.4901,0.4222,0.6036
5499,0.2867,0.5736,0.5469,0.1797,0.4771
5500,0.9986,0.417,0.804,0.2032,0.1793
5501,0.9657,0.9062,0.5957,0.8248,0.7973
5502,0.7603,0.4012,0.694,0.4983,0.3607
5503,0.8193,0.426,0.4597,0.4713,0.2506
5504,0.7971,0.4779,0.2223,0.3902,0.458
5505,0.8343,0.5683,0.2517,0.1678,0.298
5506,0.2809,0.8701,0.9031,0.5214,0.6044
5507,0.8988,0.618,0.757,0.9171,0.6657
5508,0.7537,0.9444,0.8408,0.514,0.5838
5509,0.6553,0.4694,0.5865,0.5466,0.4994
5510,0.916,0.7325,0.7684,0.5824,0.4142
5511,0.9545,0.7453,0.8219,0.5762,0.2304
5512,0.9806,0.226,0.8481,0.1356,0.0874
5513,0.947,0.4514,0.7063,0.7619,0.7624
5514,0.468,0.5014,0.3729,0.3627,0.2644
5515,0.9195,0.5912,0.0747,0.9583,0.9258
5516,0.8307,0.6392,0.9371,0.2593,0.2785
5517,0.7256,0.6509,0.5227,0.5025,0.6539
5518,0.8174,0.2762,0.5729,0.2074,0.2438
5519,0.9852,0.8592,0.5921,0.9123,0.894
5520,0.9708,0.1506,0.7746,0.4744,0.6493
5521,0.6583,0.8498,0.8551,0.5823,0.4757
5522,0.9988,0.5941,0.6458,0.4997,0.4914
5523,0.6469,0.6932,0.7727,0.2151,0.367
5524,0.6759,0.4588,0.6257,0.6112,0.3563
5525,0.7767,0.7507,0.5948,0.3276,0.542
5526,0.2265,0.1896,0.4908,0.2258,0.286
5527,0.7162,0.4461,0.5259,0.2549,0.1066
5528,0.964,0.4917,0.5071,0.3702,0.6616
5529,0.7828,0.7203,0.7065,0.6261,0.4271
5530,0.7063,0.9041,0.76,0.7265,0.646
5531,0.9578,0.8979,0.4958,0.9624,0.7085
5532,0.904,0.9414,0.5699,0.8906,0.7953
5533,0.714,0.6002,0.7301,0.7925,0.7357
5534,0.052,0.8418,0.6209,0.9212,0.8835
5535,0.8197,0.9504,0.8711,0.928,0.8631
5536,0.9217,0.8815,0.4038,0.783,0.744
5537,0.9419,0.9569,0.6134,0.9276,0.7961
5538,0.6817,0.9785,0.5573,0.968,0.9301
5539,0.3835,0.8258,0.6288,0.8097,0.7558
5540,0.5907,0.9202,0.5879,0.7857,0.5792
5541,0.956,0.888,0.9293,0.8777,0.8895
5542,0.9963,0.9683,0.6471,0.8825,0.9058
5543,0.0123,0.8788,0.7242,0.7072,0.5982
5544,0.8952,0.9174,0.5191,0.7838,0.6393
5545,0.6974,0.8889,0.7417,0.7707,0.814
5546,0.9126,0.8811,0.7631,0.9574,0.8189
5547,0.977,0.9123,0.4593,0.8031,0.7659
5548,0.908,0.7977,0.5557,0.4991,0.5622
5549,0.7592,0.9786,0.5644,0.9664,0.917
5550,0.9618,0.922,0.5022,0.8811,0.914
5551,0.9881,0.9183,0.733,0.6203,0.8272
5552,0.6284,0.9247,0.6201,0.9511,0.8767
5553,0.6034,0.8743,0.4482,0.7664,0.8185
5554,0.9241,0.7792,0.5579,0.9614,0.8711
5555,0.0979,0.8855,0.5458,0.8101,0.8526
5556,0.9304,0.7056,0.4413,0.9676,0.9591
5557,0.7861,0.7577,0.7933,0.9103,0.867
5558,0.7504,0.9864,0.4017,0.8297,0.688
5559,0.3447,0.9803,0.4899,0.9478,0.9749
5560,0.9108,0.8957,0.4615,0.8987,0.9308
5561,0.7648,0.9408,0.5183,0.9433,0.8288
5562,0.8811,0.8646,0.3257,0.6552,0.624
5563,0.9071,0.9521,0.7757,0.908,0.8348
5564,0.6506,0.9488,0.6028,0.9739,0.8828
5565,0.7237,0.9706,0.6537,0.9363,0.9399
5566,0.7898,0.8735,0.7313,0.9837,0.9185
5567,0.6875,0.8899,0.4126,0.9172,0.9106
5568,0.7232,0.8577,0.505,0.5822,0.7758
5569,0.835,0.9865,0.4988,0.9786,0.9106
5570,0.4794,0.9241,0.4316,0.8588,0.8935
5571,0.3747,0.6771,0.6324,0.5646,0.5739
5572,0.8652,0.9367,0.8872,0.8963,0.7486
5573,0.2399,0.8584,0.8265,0.5192,0.6733
5574,0.9833,0.5138,0.9335,0.354,0.5921
5575,0.9335,0.7699,0.4837,0.3656,0.5816
5576,0.9549,0.4366,0.8735,0.6507,0.5876
5577,0.6091,0.6789,0.3355,0.4571,0.6151
5578,0.8093,0.7097,0.3501,0.4957,0.3159
5579,0.2753,0.8182,0.4801,0.4947,0.7489
5580,0.9893,0.7848,0.2615,0.8504,0.7226
5581,0.9287,0.5209,0.5467,0.6824,0.7491
5582,0.4667,0.7799,0.6528,0.2325,0.6741
5583,0.8299,0.8211,0.7076,0.8607,0.581
5584,0.8404,0.8046,0.2865,0.475,0.7192
5585,0.8341,0.7982,0.6562,0.6118,0.7484
5586,0.7097,0.8158,0.3207,0.6869,0.3696
5587,0.9254,0.8894,0.6282,0.8508,0.9072
5588,0.1477,0.1851,0.295,0.2138,0.1768
5589,0.5804,0.5766,0.665,0.3227,0.6989
5590,0.8719,0.6208,0.4902,0.812,0.7897
5591,0.9236,0.7315,0.7697,0.39,0.5367
5592,0.8358,0.7485,0.5068,0.6526,0.6525
5593,0.9903,0.7549,0.6895,0.6814,0.4662
5594,0.9659,0.6812,0.655,0.7858,0.6637
5595,0.8712,0.6838,0.4907,0.443,0.3253
5596,0.9965,0.7004,0.7902,0.8254,0.4617
5597,0.245,0.7979,0.2405,0.7778,0.3949
5598,0.8686,0.5231,0.5809,0.2077,0.367
5599,0.5541,0.6903,0.6794,0.5457,0.5413
5600,0.8651,0.3563,0.5473,0.4298,0.2683
5601,0.155,0.2029,0.5066,0.6209,0.5755
5602,0.9459,0.8952,0.6504,0.7065,0.5942
5603,0.5465,0.6619,0.5765,0.2278,0.4923
5604,0.9568,0.5898,0.6428,0.1979,0.4495
5605,0.8713,0.5075,0.7139,0.8711,0.3669
5606,0.2569,0.9328,0.3933,0.4889,0.4224
5607,0.9389,0.6212,0.2934,0.3936,0.853
5608,0.9225,0.7509,0.6408,0.7379,0.3493
5609,0.9658,0.7642,0.851,0.8851,0.8403
5610,0.0164,0.9125,0.1986,0.1627,0.8808
5611,0.3298,0.293,0.6247,0.7577,0.4226
5612,0.9973,0.746,0.8124,0.9527,0.6774
5613,0.9658,0.7624,0.8334,0.6738,0.5336
5614,0.5147,0.4351,0.5122,0.471,0.1078
5615,0.7196,0.0838,0.4163,0.2194,0.2418
5616,0.9966,0.3684,0.6591,0.8478,0.4858
5617,0.9509,0.553,0.6195,0.7767,0.681
5618,0.1805,0.8124,0.6803,0.8883,0.7605
5619,0.6814,0.4947,0.5283,0.3698,0.5326
5620,0.7923,0.1499,0.3921,0.2581,0.263
5621,0.885,0.6074,0.6565,0.7124,0.6258
5622,0.9627,0.2095,0.4023,0.2921,0.264
5623,0.7675,0.7226,0.545,0.4428,0.2944
5624,0.0317,0.7106,0.7327,0.6897,0.7546
5625,0.1475,0.3577,0.536,0.7111,0.6436
5626,0.9231,0.2137,0.5759,0.5424,0.6861
5627,0.8471,0.3156,0.5285,0.7212,0.4939
5628,0.1481,0.5853,0.3409,0.3054,0.6373
5629,0.9257,0.1146,0.4266,0.4352,0.7099
5630,0.9094,0.7642,0.6291,0.7619,0.2004
5631,0.9772,0.6021,0.4935,0.6335,0.5202
5632,0.7986,0.709,0.573,0.1687,0.6551
5633,0.7524,0.0516,0.4484,0.432,0.3525
5634,0.7029,0.7313,0.3505,0.6088,0.5581
5635,0.7786,0.806,0.3649,0.6834,0.7664
5636,0.0908,0.343,0.3376,0.0685,0.7499
5637,0.1981,0.3798,0.3987,0.3792,0.7407
5638,0.8967,0.7787,0.5749,0.9477,0.4699
5639,0.5666,0.8073,0.6929,0.8288,0.5643
5640,0.8125,0.5474,0.3955,0.6695,0.3389
5641,0.9965,0.4227,0.7739,0.8252,0.4562
5642,0.7317,0.7754,0.3715,0.3335,0.4935
5643,0.861,0.8192,0.5137,0.7704,0.25
5644,0.5569,0.5857,0.5618,0.6018,0.2397
5645,0.4808,0.8549,0.6121,0.2466,0.6471
5646,0.8433,0.3653,0.0939,0.071,0.46
5647,0.0415,0.8039,0.6263,0.7541,0.4252
5648,0.3346,0.8928,0.6472,0.8998,0.6226
5649,0.9854,0.9366,0.7625,0.6911,0.882
5650,0.0381,0.8295,0.311,0.588,0.6562
5651,0.8822,0.2485,0.5735,0.3183,0.2002
5652,0.897,0.1187,0.7027,0.7883,0.6325
5653,0.1976,0.1287,0.6767,0.3268,0.7138
5654,0.5923,0.5783,0.6915,0.1863,0.4885
5655,0.9864,0.6299,0.7068,0.8808,0.5128
5656,0.9884,0.6693,0.8803,0.9551,0.6802
5657,0.9728,0.8306,0.4374,0.7501,0.6853
5658,0.9752,0.623,0.5896,0.864,0.6373
5659,0.9249,0.4843,0.446,0.1984,0.1759
5660,0.9891,0.0105,0.0834,0.071,0.5001
5661,0.9958,0.9878,0.2093,0.9154,0.4548
5662,0.9992,0.0209,0.2372,0.4123,0.3985
5663,0.0102,0.7657,0.2543,0.1555,0.4739
5664,0.8811,0.4983,0.4153,0.1185,0.3228
5665,0.9633,0.5793,0.6009,0.8902,0.4108
5666,0.9672,0.4672,0.6366,0.8259,0.3939
5667,0.9933,0.4227,0.7226,0.342,0.4804
5668,0.4667,0.4683,0.6898,0.9465,0.8721
5669,0.9478,0.7349,0.0739,0.3442,0.9205
5670,0.8638,0.8846,0.7127,0.8462,0.6692
5671,0.886,0.9166,0.7275,0.8807,0.9211
5672,0.6731,0.8338,0.4561,0.676,0.3729
5673,0.9957,0.9275,0.6826,0.7771,0.7609
5674,0.6423,0.7461,0.8372,0.9698,0.8701
5675,0.5272,0.5533,0.7407,0.9003,0.9147
5676,0.9503,0.938,0.8042,0.935,0.5814
5677,0.7102,0.683,0.7196,0.8839,0.8587
5678,0.9896,0.9416,0.6051,0.8031,0.5767
5679,0.8362,0.7663,0.5991,0.3335,0.6338
5680,0.9955,0.9159,0.8545,0.9586,0.5657
5681,0.9575,0.2323,0.7845,0.7518,0.8856
5682,0.9895,0.9799,0.8413,0.9794,0.6945
5683,0.7773,0.9162,0.7148,0.8136,0.523
5684,0.8564,0.5739,0.7047,0.7746,0.7679
5685,0.4513,0.9472,0.3826,0.7043,0.8078
5686,0.967,0.9246,0.8328,0.9022,0.4682
5687,0.7275,0.983,0.4867,0.936,0.8723
5688,0.8454,0.7719,0.1984,0.3826,0.574
5689,0.6263,0.9445,0.4252,0.7016,0.6847
5690,0.9188,0.9757,0.7174,0.9364,0.9271
5691,0.9892,0.9854,0.8749,0.9593,0.8949
5692,0.8145,0.9607,0.8538,0.952,0.9249
5693,0.7967,0.7911,0.4781,0.4204,0.5532
5694,0.9427,0.9722,0.7817,0.7914,0.8579
5695,0.9748,0.5873,0.517,0.6828,0.3952
5696,0.6224,0.9806,0.4997,0.7931,0.773
5697,0.2881,0.895,0.6605,0.8625,0.8632
5698,0.5139,0.9464,0.6874,0.78,0.8207
5699,0.6518,0.6684,0.3466,0.491,0.6196
5700,0.9503,0.9362,0.5255,0.6955,0.4756
5701,0.995,0.9782,0.6401,0.9464,0.839
5702,0.9437,0.9583,0.6305,0.8987,0.6565
5703,0.3744,0.9557,0.6414,0.9173,0.8854
5704,0.1511,0.8244,0.7543,0.8965,0.4597
5705,0.4691,0.9195,0.6003,0.8024,0.8835
5706,0.9888,0.9684,0.6854,0.8288,0.8311
5707,0.938,0.7942,0.7999,0.8838,0.7012
5708,0.8288,0.864,0.5852,0.6165,0.8755
5709,0.9528,0.9651,0.8543,0.9907,0.8301
5710,0.9598,0.984,0.5925,0.7501,0.6479
5711,0.6539,0.9087,0.4023,0.6972,0.8206
5712,0.0227,0.9261,0.2341,0.6453,0.5262
5713,0.9392,0.8952,0.7556,0.9467,0.6686
5714,0.9681,0.6153,0.692,0.7458,0.3813
5715,0.9798,0.842,0.6365,0.8197,0.8386
5716,0.9991,0.8994,0.5794,0.9352,0.93
5717,0.5769,0.9158,0.7914,0.506,0.5047
5718,0.9592,0.9251,0.7955,0.7809,0.5027
5719,0.2199,0.9128,0.7627,0.4936,0.767
5720,0.9928,0.9229,0.7657,0.8518,0.6629
5721,0.9947,0.8723,0.5901,0.7385,0.264
5722,0.9834,0.8728,0.7849,0.7652,0.6567
5723,0.9364,0.8721,0.3683,0.444,0.5397
5724,0.9583,0.814,0.2784,0.2051,0.4087
5725,0.994,0.9493,0.7717,0.878,0.7645
5726,0.8382,0.735,0.5299,0.3061,0.543
5727,0.5359,0.8433,0.5299,0.5293,0.315
5728,0.7845,0.4467,0.661,0.8038,0.6064
5729,0.8769,0.9025,0.5959,0.8085,0.7828
5730,0.9006,0.8312,0.5483,0.3919,0.6579
5731,0.4128,0.8635,0.4044,0.4897,0.5971
5732,0.9965,0.7313,0.7023,0.8629,0.4382
5733,0.9604,0.8232,0.7237,0.9432,0.8676
5734,0.9418,0.5953,0.5269,0.4039,0.7244
5735,0.994,0.7608,0.6495,0.7736,0.6927
5736,0.9912,0.3354,0.5595,0.5467,0.4684
5737,0.6366,0.5411,0.7587,0.9427,0.666
5738,0.987,0.6827,0.7192,0.8381,0.8696
5739,0.9804,0.7977,0.5437,0.4588,0.208
5740,0.8061,0.4161,0.2653,0.2079,0.4458
5741,0.9069,0.6217,0.4453,0.6422,0.6385
5742,0.9863,0.6028,0.5152,0.8148,0.4208
5743,0.257,0.8846,0.297,0.3096,0.6412
5744,0.8332,0.8238,0.5983,0.8658,0.627
5745,0.999,0.7189,0.6981,0.6423,0.4167
5746,0.8699,0.7943,0.8413,0.7736,0.7003
5747,0.8137,0.4008,0.3373,0.5624,0.7157
5748,0.1376,0.4343,0.349,0.4504,0.1857
5749,0.1152,0.8966,0.2542,0.4834,0.2111
5750,0.9953,0.2329,0.5912,0.2933,0.4994
5751,0.5269,0.6127,0.9134,0.968,0.9034
5752,0.214,0.7583,0.2293,0.3216,0.6705
5753,0.7076,0.497,0.3733,0.3373,0.2064
5754,0.7879,0.8737,0.1148,0.7031,0.6281
5755,0.9836,0.4366,0.6496,0.4441,0.6791
5756,0.8029,0.5134,0.5783,0.3056,0.5055
5757,0.9686,0.2404,0.863,0.7351,0.6271
5758,0.9897,0.6155,0.7996,0.5495,0.5323
5759,0.2145,0.3573,0.5847,0.5775,0.4959
5760,0.9978,0.6251,0.5105,0.6013,0.617
5761,0.8141,0.6429,0.8235,0.864,0.7185
5762,0.6632,0.6781,0.4398,0.6986,0.7106
5763,0.2255,0.2794,0.2178,0.6603,0.491
5764,0.9719,0.7636,0.2693,0.5893,0.7461
5765,0.885,0.5572,0.662,0.4954,0.3028
5766,0.2205,0.2886,0.5234,0.2894,0.5253
5767,0.9086,0.4577,0.3176,0.294,0.2888
5768,0.127,0.375,0.3899,0.3006,0.2513
5769,0.5663,0.6972,0.7247,0.613,0.1226
5770,0.2629,0.6339,0.3807,0.2134,0.2533
5771,0.9668,0.8031,0.5374,0.3554,0.3069
5772,0.7863,0.6627,0.427,0.8169,0.6227
5773,0.9883,0.4945,0.7306,0.5784,0.5366
5774,0.8036,0.6783,0.5053,0.5564,0.1318
5775,0.5757,0.5727,0.8037,0.916,0.8829
5776,0.9751,0.5771,0.6303,0.8223,0.5559
5777,0.9444,0.4308,0.5915,0.306,0.3052
5778,0.8404,0.4716,0.6393,0.2645,0.6012
5779,0.7503,0.3407,0.7534,0.7449,0.4184
5780,0.4452,0.9004,0.4235,0.5592,0.5944
5781,0.4519,0.7528,0.5263,0.8696,0.282
5782,0.9572,0.4865,0.6703,0.4638,0.4617
5783,0.3803,0.8022,0.4875,0.4927,0.3933
5784,0.2327,0.5909,0.4356,0.5995,0.248
5785,0.9683,0.4577,0.6818,0.761,0.8333
5786,0.9326,0.5942,0.8502,0.9371,0.5659
5787,0.6893,0.44,0.7621,0.1621,0.479
5788,0.9442,0.251,0.5231,0.2539,0.1664
5789,0.7833,0.7632,0.6879,0.5199,0.4341
5790,0.9964,0.7075,0.3858,0.4629,0.0741
5791,0.975,0.4868,0.7135,0.979,0.8589
5792,0.9741,0.5668,0.5034,0.6079,0.3058
5793,0.5079,0.6882,0.5317,0.7176,0.8169
5794,0.3371,0.4409,0.5632,0.4938,0.3971
5795,0.7811,0.8688,0.5598,0.4858,0.6097
5796,0.9713,0.3092,0.7988,0.4555,0.1382
5797,0.4913,0.7288,0.7208,0.5658,0.4665
5798,0.2082,0.6912,0.5857,0.5855,0.4083
5799,0.4406,0.6228,0.8118,0.4963,0.4204
5800,0.9914,0.46,0.6051,0.9036,0.8337
5801,0.8266,0.2233,0.4787,0.296,0.5545
5802,0.4337,0.0076,0.8317,0.8294,0.4162
5803,0.9966,0.6728,0.9353,0.4504,0.2251
5804,0.5172,0.6727,0.9533,0.6306,0.3663
5805,0.6012,0.8751,0.5638,0.7128,0.7392
5806,0.9643,0.3006,0.8969,0.7168,0.3126
5807,0.9168,0.2975,0.74,0.9238,0.7561
5808,0.9573,0.612,0.762,0.4005,0.6376
5809,0.2228,0.1057,0.5565,0.2962,0.3921
5810,0.8757,0.7137,0.6294,0.7149,0.4395
5811,0.9653,0.441,0.813,0.9306,0.53
5812,0.7644,0.3685,0.4164,0.3107,0.5904
5813,0.9615,0.7467,0.7421,0.7565,0.5758
5814,0.8419,0.2931,0.695,0.4208,0.6765
5815,0.9852,0.749,0.6759,0.8398,0.407
5816,0.3091,0.9563,0.4743,0.8474,0.9565
5817,0.7552,0.9808,0.3539,0.7909,0.6497
5818,0.3337,0.7482,0.5126,0.8249,0.5941
5819,0.9385,0.5971,0.6506,0.4314,0.3541
5820,0.9487,0.8422,0.9226,0.9791,0.8994
5821,0.8156,0.9197,0.469,0.5289,0.7926
5822,0.9447,0.7944,0.8113,0.8325,0.6712
5823,0.9831,0.9218,0.8887,0.8817,0.6574
5824,0.8585,0.8804,0.7478,0.7683,0.5942
5825,0.9917,0.7133,0.7884,0.5396,0.5978
5826,0.7978,0.9422,0.8699,0.9441,0.6781
5827,0.9788,0.9804,0.6666,0.9545,0.7885
5828,0.9104,0.9661,0.8065,0.962,0.9226
5829,0.7929,0.9089,0.7108,0.8245,0.6502
5830,0.9232,0.545,0.8475,0.8769,0.2981
5831,0.9929,0.9901,0.6733,0.9737,0.9089
5832,0.9727,0.9873,0.7092,0.9907,0.9574
5833,0.9782,0.9886,0.8603,0.9565,0.9056
5834,0.9288,0.977,0.6602,0.9531,0.943
5835,0.9162,0.8531,0.1184,0.5696,0.5815
5836,0.9092,0.7871,0.2723,0.1605,0.6701
5837,0.9449,0.6422,0.7415,0.9069,0.6894
5838,0.9826,0.9124,0.4343,0.8579,0.8626
5839,0.9922,0.7701,0.7304,0.6334,0.6127
5840,0.8047,0.9179,0.5562,0.8483,0.7937
5841,0.516,0.8444,0.6389,0.8048,0.6482
5842,0.9573,0.9387,0.3559,0.9015,0.707
5843,0.8178,0.9308,0.7422,0.9377,0.7623
5844,0.7675,0.8807,0.5134,0.9706,0.8847
5845,0.8333,0.5861,0.7174,0.4325,0.6227
5846,0.3133,0.8628,0.6303,0.9063,0.8783
5847,0.939,0.9764,0.7523,0.9756,0.9344
5848,0.982,0.9704,0.4987,0.9638,0.8591
5849,0.6248,0.9607,0.8468,0.9228,0.7736
5850,0.1938,0.9713,0.6694,0.9916,0.9238
5851,0.9452,0.96,0.4954,0.9541,0.6447
5852,0.8168,0.9712,0.7197,0.8301,0.7798
5853,0.9246,0.9001,0.361,0.7846,0.6821
5854,0.9705,0.9081,0.8822,0.9755,0.7785
5855,0.5636,0.9155,0.4282,0.8685,0.6425
5856,0.9546,0.6643,0.5982,0.7185,0.7652
5857,0.7681,0.7377,0.6548,0.1459,0.3655
5858,0.9774,0.9517,0.8092,0.7728,0.7796
5859,0.9617,0.9176,0.7814,0.9355,0.7818
5860,0.8942,0.9206,0.5836,0.9582,0.8408
5861,0.6911,0.9222,0.8067,0.9314,0.8326
5862,0.2995,0.9278,0.6585,0.9283,0.8045
5863,0.8091,0.9294,0.5851,0.8973,0.7691
5864,0.9581,0.8805,0.818,0.9682,0.7573
5865,0.7366,0.7445,0.6951,0.8907,0.5365
5866,0.6878,0.8989,0.4638,0.737,0.7769
5867,0.7156,0.9808,0.4142,0.8183,0.7174
5868,0.559,0.7706,0.6784,0.7537,0.4904
5869,0.9869,0.9457,0.7545,0.8324,0.7154
5870,0.6852,0.7275,0.1325,0.2457,0.2835
5871,0.589,0.6372,0.2837,0.3245,0.2077
5872,0.9551,0.4843,0.5521,0.667,0.4938
5873,0.4375,0.765,0.3509,0.9212,0.6443
5874,0.9887,0.5653,0.5528,0.9149,0.8068
5875,0.982,0.7757,0.5538,0.4274,0.7785
5876,0.6648,0.8569,0.904,0.8472,0.6415
5877,0.2775,0.7636,0.7582,0.8594,0.7272
5878,0.5936,0.8289,0.3766,0.8994,0.8514
5879,0.9102,0.9345,0.6008,0.9325,0.7169
5880,0.6952,0.6021,0.6602,0.6369,0.8816
5881,0.9745,0.7291,0.5212,0.9109,0.839
5882,0.9415,0.8023,0.3361,0.4843,0.4995
5883,0.8549,0.2848,0.7038,0.4845,0.677
5884,0.71,0.9634,0.6334,0.9506,0.9018
5885,0.9642,0.6748,0.862,0.5575,0.5742
5886,0.9338,0.5434,0.6141,0.9004,0.5015
5887,0.9022,0.9083,0.6592,0.9257,0.822
5888,0.2268,0.9525,0.6318,0.9469,0.8779
5889,0.9944,0.824,0.742,0.4419,0.3548
5890,0.6321,0.7334,0.5416,0.9294,0.821
5891,0.5728,0.7945,0.7508,0.9294,0.6264
5892,0.4652,0.4928,0.7593,0.6804,0.7663
5893,0.6672,0.8696,0.7847,0.9111,0.65
5894,0.6559,0.6491,0.4495,0.5125,0.3731
5895,0.7532,0.8941,0.7607,0.4736,0.4922
5896,0.7637,0.5459,0.2113,0.3562,0.6074
5897,0.5061,0.5562,0.1967,0.3838,0.3639
5898,0.8284,0.7495,0.945,0.9004,0.6725
5899,0.9921,0.3849,0.9043,0.5592,0.4857
5900,0.543,0.5127,0.8124,0.2452,0.2307
5901,0.8432,0.9167,0.6936,0.9176,0.7582
5902,0.1381,0.2189,0.2954,0.4533,0.5025
5903,0.8977,0.4494,0.3235,0.3849,0.2474
5904,0.7641,0.761,0.5479,0.6294,0.6357
5905,0.7146,0.3171,0.9052,0.7809,0.6296
5906,0.9996,0.4777,0.7569,0.6116,0.6127
5907,0.9893,0.5175,0.6297,0.6619,0.2553
5908,0.3586,0.2832,0.2815,0.3782,0.388
5909,0.8994,0.8179,0.8376,0.952,0.4306
5910,0.9115,0.5654,0.867,0.7774,0.4388
5911,0.9079,0.6368,0.1787,0.1484,0.2728
5912,0.4339,0.6209,0.2694,0.5219,0.3717
5913,0.2587,0.6743,0.367,0.6982,0.3005
5914,0.9491,0.6427,0.182,0.8446,0.659
5915,0.8868,0.1279,0.1945,0.1682,0.4657
5916,0.9982,0.8314,0.9704,0.8561,0.3212
5917,0.5526,0.4258,0.6268,0.6361,0.5656
5918,0.5592,0.1721,0.2834,0.3673,0.3384
5919,0.2211,0.4397,0.4507,0.4934,0.4902
5920,0.0886,0.1797,0.2719,0.4466,0.5499
5921,0.7503,0.6015,0.533,0.5669,0.6802
5922,0.6774,0.5178,0.9048,0.7901,0.6913
5923,0.9919,0.8225,0.4432,0.7179,0.4946
5924,0.8116,0.6343,0.483,0.3615,0.3769
5925,0.6811,0.7023,0.5446,0.8649,0.5722
5926,0.0347,0.3312,0.4952,0.442,0.3747
5927,0.8552,0.6147,0.8492,0.6904,0.4579
5928,0.9542,0.6591,0.6488,0.8421,0.7875
5929,0.8919,0.205,0.8853,0.5902,0.4247
5930,0.0561,0.7386,0.3251,0.6789,0.6149
5931,0.8967,0.8584,0.4461,0.7471,0.7719
5932,0.9935,0.6653,0.7626,0.8754,0.7021
5933,0.4076,0.0919,0.4193,0.5978,0.4448
5934,0.7944,0.3845,0.2429,0.4992,0.3717
5935,0.2517,0.7653,0.1175,0.3915,0.5704
5936,0.9761,0.7898,0.9496,0.9359,0.6195
5937,0.9112,0.3715,0.5829,0.0895,0.1504
5938,0.9531,0.5345,0.9172,0.7847,0.5072
5939,0.9712,0.5837,0.5909,0.8865,0.3784
5940,0.4808,0.7471,0.6136,0.5707,0.7822
5941,0.7847,0.5265,0.9187,0.9263,0.4581
5942,0.9883,0.2136,0.4126,0.0344,0.3207
5943,0.3913,0.3987,0.3266,0.3711,0.6622
5944,0.9698,0.5538,0.6154,0.9552,0.7665
5945,0.2255,0.1823,0.9707,0.51,0.2501
5946,0.7424,0.47,0.6707,0.7006,0.4326
5947,0.8143,0.2109,0.8167,0.887,0.8241
5948,0.9482,0.8643,0.6923,0.9447,0.8728
5949,0.9006,0.4196,0.9152,0.3157,0.0834
5950,0.1634,0.8899,0.3873,0.8926,0.6728
5951,0.3163,0.2321,0.4629,0.6031,0.8072
5952,0.7451,0.2656,0.6662,0.6836,0.7007
5953,0.9072,0.0509,0.5923,0.4496,0.1174
5954,0.2714,0.6361,0.7108,0.6259,0.1834
5955,0.8278,0.3251,0.0524,0.3168,0.8205
5956,0.8118,0.6735,0.8395,0.4135,0.2721
5957,0.936,0.7625,0.7439,0.6518,0.4346
5958,0.8826,0.7794,0.933,0.988,0.7892
5959,0.0443,0.4054,0.398,0.3002,0.5123
5960,0.2647,0.6456,0.6047,0.955,0.7292
5961,0.9127,0.2492,0.6564,0.7294,0.3864
5962,0.9857,0.878,0.6653,0.7805,0.3972
5963,0.9879,0.448,0.5835,0.2029,0.6344
5964,0.9721,0.449,0.61,0.4983,0.4229
5965,0.8765,0.6093,0.6978,0.7083,0.7535
5966,0.9966,0.6628,0.9471,0.9178,0.6597
5967,0.9304,0.6878,0.6571,0.6844,0.6018
5968,0.9974,0.2998,0.8206,0.7524,0.1897
5969,0.6347,0.7924,0.5413,0.7834,0.6097
5970,0.6363,0.9284,0.8154,0.9226,0.4021
5971,0.8294,0.963,0.7525,0.8165,0.803
5972,0.9931,0.4658,0.9518,0.926,0.5044
5973,0.8291,0.9117,0.613,0.8679,0.4452
5974,0.9935,0.6709,0.7763,0.9526,0.8657
5975,0.567,0.8098,0.5177,0.3606,0.3271
5976,0.9223,0.7905,0.8484,0.7699,0.4293
5977,0.975,0.926,0.8315,0.9898,0.7198
5978,0.9577,0.3298,0.8159,0.7534,0.7261
5979,0.2462,0.8494,0.6668,0.7399,0.7715
5980,0.338,0.4899,0.3311,0.507,0.3427
5981,0.2949,0.756,0.1721,0.2278,0.2876
5982,0.9493,0.9799,0.5715,0.9076,0.865
5983,0.8651,0.9252,0.298,0.757,0.6183
5984,0.9581,0.9111,0.4809,0.9871,0.7226
5985,0.987,0.8789,0.8729,0.92,0.7738
5986,0.3238,0.9567,0.8057,0.9795,0.756
5987,0.9299,0.9668,0.4378,0.9605,0.8058
5988,0.0823,0.9617,0.1847,0.6325,0.4198
5989,0.975,0.7527,0.2685,0.4245,0.4418
5990,0.0237,0.9635,0.3453,0.8429,0.767
5991,0.9892,0.8748,0.8323,0.8425,0.8093
5992,0.9578,0.9601,0.8815,0.9605,0.8853
5993,0.1358,0.9827,0.1926,0.9592,0.76
5994,0.869,0.9693,0.9093,0.99,0.628
5995,0.5507,0.9774,0.5834,0.8089,0.7867
5996,0.4835,0.9745,0.687,0.9186,0.6069
5997,0.4935,0.968,0.6387,0.933,0.9405
5998,0.7379,0.9126,0.649,0.9665,0.8606
5999,0.9287,0.9848,0.547,0.9753,0.738
6000,0.913,0.8993,0.5411,0.94,0.7198
6001,0.968,0.9463,0.7237,0.9875,0.8878
6002,0.9947,0.9684,0.7576,0.9697,0.8542
6003,0.9714,0.9525,0.5437,0.8988,0.7081
6004,0.993,0.908,0.6247,0.9776,0.8884
6005,0.9492,0.9388,0.7249,0.9686,0.7191
6006,0.9644,0.9344,0.556,0.983,0.832
6007,0.9561,0.4783,0.8724,0.9936,0.9134
6008,0.6885,0.9334,0.3965,0.8236,0.4792
6009,0.8639,0.9218,0.8959,0.9502,0.9079
6010,0.0435,0.9823,0.4485,0.898,0.6871
6011,0.0112,0.9892,0.3981,0.9938,0.8658
6012,0.9959,0.9299,0.5152,0.9215,0.6218
6013,0.7965,0.9654,0.6686,0.8614,0.7791
6014,0.9055,0.9543,0.4302,0.811,0.4199
6015,0.9714,0.9011,0.7169,0.5068,0.5219
6016,0.9874,0.5744,0.7113,0.5496,0.3327
6017,0.5676,0.5686,0.4331,0.6417,0.4861
6018,0.815,0.9597,0.7183,0.9482,0.6488
6019,0.1847,0.4257,0.5057,0.6653,0.7953
6020,0.9537,0.8001,0.8176,0.6717,0.581
6021,0.4436,0.6612,0.3209,0.6173,0.5354
6022,0.8859,0.8329,0.8399,0.9247,0.6253
6023,0.8986,0.3179,0.8703,0.8929,0.7572
6024,0.6574,0.8146,0.2173,0.8434,0.7218
6025,0.2443,0.6155,0.604,0.5826,0.5722
6026,0.6038,0.5919,0.8045,0.9632,0.4091
6027,0.7604,0.7164,0.7087,0.7612,0.7207
6028,0.9642,0.9086,0.6891,0.4676,0.6607
6029,0.3296,0.7022,0.1941,0.192,0.4712
6030,0.9936,0.7971,0.3264,0.2167,0.4091
6031,0.9884,0.8699,0.7674,0.8973,0.7255
6032,0.9769,0.8713,0.7787,0.8743,0.5929
6033,0.2344,0.7809,0.148,0.5386,0.8059
6034,0.9943,0.7919,0.9281,0.8759,0.6841
6035,0.9894,0.5598,0.6902,0.8603,0.7502
6036,0.6408,0.7227,0.5417,0.3237,0.1769
6037,0.6151,0.9259,0.5826,0.7979,0.8068
6038,0.9979,0.8612,0.7826,0.595,0.3013
6039,0.541,0.8146,0.4888,0.6557,0.6098
6040,0.6894,0.651,0.4958,0.1923,0.6419
6041,0.7142,0.6561,0.5779,0.5116,0.8098
6042,0.9866,0.842,0.8516,0.8756,0.4682
6043,0.9174,0.8023,0.837,0.8061,0.3373
6044,0.964,0.2222,0.6717,0.6205,0.7553
6045,0.5197,0.5004,0.2734,0.2965,0.3293
6046,0.9589,0.0992,0.354,0.2006,0.3007
6047,0.609,0.4503,0.6535,0.5158,0.4899
6048,0.3125,0.869,0.7731,0.8952,0.7447
6049,0.2837,0.769,0.5518,0.7672,0.5646
6050,0.4559,0.8103,0.3059,0.6394,0.4483
6051,0.3708,0.6595,0.3621,0.8097,0.6799
6052,0.9917,0.6457,0.8271,0.8727,0.7382
6053,0.3476,0.2295,0.2868,0.4696,0.2748
6054,0.7178,0.6442,0.6414,0.5934,0.404
6055,0.7257,0.7452,0.5854,0.5048,0.6695
6056,0.8926,0.757,0.846,0.6509,0.5209
6057,0.7415,0.181,0.2245,0.6114,0.4081
6058,0.4853,0.2458,0.1422,0.1769,0.2208
6059,0.9727,0.7628,0.7986,0.9488,0.59
6060,0.3793,0.808,0.4335,0.1983,0.3182
6061,0.9378,0.9487,0.9615,0.9528,0.6058
6062,0.7061,0.7199,0.3858,0.5886,0.618
6063,0.9503,0.6085,0.8062,0.7957,0.4656
6064,0.9755,0.6014,0.5713,0.7248,0.5418
6065,0.9827,0.6706,0.5246,0.3702,0.2987
6066,0.3331,0.6887,0.8076,0.9083,0.5243
6067,0.8506,0.8078,0.6968,0.8288,0.5479
6068,0.6421,0.6881,0.4704,0.5513,0.4336
6069,0.8863,0.763,0.4422,0.6877,0.7718
6070,0.8993,0.7275,0.6533,0.9232,0.7147
6071,0.6713,0.7996,0.8188,0.8259,0.6044
6072,0.7474,0.684,0.3545,0.7439,0.4775
6073,0.9228,0.7989,0.7185,0.4382,0.5909
6074,0.7759,0.3513,0.3371,0.8868,0.7877
6075,0.5872,0.5021,0.7078,0.3083,0.3535
6076,0.9891,0.1089,0.4661,0.9868,0.7042
6077,0.9919,0.3145,0.8085,0.6967,0.2473
6078,0.9197,0.3328,0.6474,0.4092,0.1713
6079,0.8028,0.3765,0.537,0.7414,0.5943
6080,0.6303,0.4984,0.7407,0.5409,0.3362
6081,0.6909,0.6439,0.4913,0.4722,0.5405
6082,0.9591,0.7489,0.5773,0.6825,0.5952
6083,0.6547,0.7301,0.7509,0.7466,0.4469
6084,0.7485,0.5226,0.4325,0.3646,0.4195
6085,0.9477,0.6324,0.8188,0.9143,0.8558
6086,0.5607,0.5004,0.4234,0.8878,0.4416
6087,0.462,0.7228,0.6689,0.5219,0.4467
6088,0.5062,0.1945,0.6475,0.2434,0.4389
6089,0.9762,0.8659,0.4409,0.6307,0.4486
6090,0.6202,0.6001,0.6592,0.1019,0.1929
6091,0.8499,0.3786,0.7518,0.7204,0.4433
6092,0.864,0.8894,0.6746,0.9601,0.8544
6093,0.6585,0.4671,0.5494,0.3373,0.3752
6094,0.8528,0.1675,0.9334,0.2482,0.4129
6095,0.8948,0.6189,0.8575,0.8254,0.7846
6096,0.9934,0.4448,0.4744,0.9625,0.7478
6097,0.9139,0.7301,0.366,0.3365,0.5882
6098,0.4473,0.447,0.8772,0.7544,0.5632
6099,0.9455,0.5822,0.0848,0.1486,0.5799
6100,0.2471,0.2849,0.1111,0.1195,0.1756
6101,0.7361,0.6557,0.2016,0.2703,0.6975
6102,0.8275,0.7441,0.8997,0.9507,0.2436
6103,0.211,0.4847,0.3355,0.8012,0.9063
6104,0.6915,0.2529,0.9433,0.5751,0.4564
6105,0.753,0.3152,0.5749,0.3209,0.7295
6106,0.6838,0.9355,0.5145,0.8471,0.4343
6107,0.8775,0.4803,0.764,0.9342,0.558
6108,0.8307,0.9249,0.6622,0.9752,0.8053
6109,0.9522,0.1899,0.4934,0.1039,0.0946
6110,0.9852,0.5031,0.1433,0.7307,0.6701
6111,0.568,0.3206,0.5724,0.6512,0.7704
6112,0.9675,0.2113,0.8618,0.8794,0.5209
6113,0.9351,0.6397,0.7355,0.8461,0.7193
6114,0.8637,0.4724,0.6129,0.5464,0.6734
6115,0.9557,0.6121,0.7934,0.8625,0.9132
6116,0.9804,0.9048,0.3295,0.9803,0.9153
6117,0.7264,0.7022,0.482,0.1234,0.4318
6118,0.2277,0.3037,0.5852,0.6261,0.8034
6119,0.3833,0.5775,0.7368,0.5218,0.3563
6120,0.9575,0.3497,0.8802,0.5482,0.1431
6121,0.4179,0.8887,0.5128,0.6726,0.7745
6122,0.8019,0.8175,0.9473,0.9807,0.5872
6123,0.9164,0.7235,0.8502,0.6989,0.8168
6124,0.9483,0.4239,0.8547,0.7315,0.6899
6125,0.8544,0.1449,0.8471,0.7815,0.409
6126,0.9866,0.9849,0.7564,0.9881,0.9836
6127,0.8203,0.7898,0.3418,0.722,0.3928
6128,0.8674,0.9105,0.5961,0.9533,0.7561
6129,0.8887,0.9754,0.6259,0.9628,0.9216
6130,0.9037,0.8774,0.7414,0.9134,0.8237
6131,0.9886,0.9532,0.6936,0.952,0.9763
6132,0.3641,0.8891,0.5611,0.5996,0.4905
6133,0.9396,0.4682,0.4579,0.8577,0.6307
6134,0.9385,0.8821,0.923,0.9969,0.803
6135,0.9204,0.9123,0.7958,0.9434,0.729
6136,0.7712,0.8697,0.1692,0.4469,0.5985
6137,0.9395,0.9376,0.7955,0.955,0.7918
6138,0.658,0.8273,0.23,0.509,0.4954
6139,0.149,0.9153,0.4124,0.8484,0.7537
6140,0.9867,0.7974,0.9077,0.8886,0.6894
6141,0.6986,0.7982,0.4047,0.5795,0.5194
6142,0.8921,0.7336,0.8283,0.7121,0.5226
6143,0.8189,0.9796,0.5795,0.8622,0.8746
6144,0.5664,0.8972,0.6198,0.965,0.5598
6145,0.958,0.9739,0.5779,0.9772,0.9351
6146,0.8796,0.8441,0.7681,0.9117,0.7915
6147,0.5206,0.9491,0.7434,0.9712,0.4401
6148,0.9485,0.9551,0.7969,0.9962,0.9117
6149,0.5065,0.9629,0.5692,0.96,0.6122
6150,0.622,0.8842,0.7016,0.9761,0.7879
6151,0.9864,0.9861,0.8184,0.9974,0.9606
6152,0.9667,0.9145,0.7921,0.9215,0.6973
6153,0.8786,0.8793,0.8788,0.9653,0.7319
6154,0.8944,0.8891,0.7909,0.9807,0.8202
6155,0.8001,0.9901,0.7116,0.8976,0.7599
6156,0.965,0.9532,0.7731,0.9756,0.8834
6157,0.0718,0.8037,0.1945,0.4389,0.2837
6158,0.9666,0.51,0.2502,0.2104,0.6358
6159,0.4899,0.6103,0.1959,0.4135,0.7402
6160,0.9205,0.85,0.7744,0.6096,0.6787
6161,0.9601,0.8035,0.7614,0.9413,0.6327
6162,0.5151,0.7524,0.2497,0.5811,0.3877
6163,0.9901,0.6695,0.4494,0.7326,0.5147
6164,0.8972,0.7872,0.314,0.7993,0.7489
6165,0.8609,0.4793,0.7089,0.7626,0.7646
6166,0.9275,0.9718,0.5078,0.9375,0.9346
6167,0.7821,0.8792,0.8586,0.9303,0.6176
6168,0.9924,0.7871,0.8445,0.638,0.5151
6169,0.646,0.6465,0.767,0.7524,0.5169
6170,0.9574,0.9108,0.5563,0.8867,0.4804
6171,0.8902,0.9058,0.7237,0.9676,0.8731
6172,0.9592,0.9518,0.5725,0.6776,0.7797
6173,0.9318,0.8995,0.3205,0.9353,0.8637
6174,0.937,0.7584,0.4878,0.8466,0.6542
6175,0.8791,0.7889,0.8938,0.6791,0.4231
6176,0.6785,0.3552,0.9054,0.9643,0.4635
6177,0.8358,0.7875,0.6332,0.8297,0.7993
6178,0.8894,0.7756,0.6948,0.8132,0.5
6179,0.8677,0.7267,0.7761,0.9263,0.5687
6180,0.9035,0.7946,0.5353,0.8728,0.731
6181,0.8338,0.8199,0.5153,0.6377,0.6313
6182,0.8756,0.9119,0.8697,0.9341,0.7892
6183,0.8752,0.7352,0.4028,0.4489,0.4037
6184,0.9641,0.8811,0.8053,0.9598,0.5755
6185,0.9586,0.935,0.7577,0.9593,0.8035
6186,0.968,0.8193,0.395,0.9522,0.8539
6187,0.505,0.6891,0.6146,0.7874,0.6387
6188,0.7168,0.6122,0.0801,0.1903,0.4227
6189,0.9935,0.8201,0.5296,0.6781,0.8487
6190,0.9873,0.4709,0.4809,0.3758,0.7051
6191,0.6027,0.1877,0.5767,0.6149,0.5756
6192,0.1789,0.132,0.5239,0.3878,0.5463
6193,0.2573,0.8953,0.4932,0.4195,0.5549
6194,0.261,0.6479,0.5822,0.8326,0.5537
6195,0.2563,0.301,0.4151,0.3053,0.5411
6196,0.4791,0.584,0.874,0.8536,0.6452
6197,0.8621,0.8189,0.4452,0.5991,0.5656
6198,0.9194,0.9223,0.3499,0.8199,0.3937
6199,0.1809,0.5259,0.5732,0.5752,0.568
6200,0.1519,0.6148,0.5384,0.9088,0.5297
6201,0.1765,0.4877,0.3701,0.4929,0.4323
6202,0.3771,0.7446,0.3716,0.4903,0.5751
6203,0.6183,0.6111,0.4666,0.1931,0.6157
6204,0.0165,0.5337,0.0636,0.0737,0.3025
6205,0.8219,0.8964,0.1521,0.3408,0.4115
6206,0.1073,0.0978,0.2534,0.3372,0.4446
6207,0.9606,0.6495,0.7817,0.3661,0.4516
6208,0.8345,0.3028,0.455,0.2955,0.4749
6209,0.7121,0.3746,0.6668,0.2783,0.4531
6210,0.2837,0.4388,0.6113,0.6422,0.4445
6211,0.7043,0.4418,0.847,0.8605,0.5818
6212,0.7999,0.1617,0.5436,0.4345,0.5325
6213,0.8737,0.3642,0.9454,0.836,0.3878
6214,0.4825,0.6458,0.3775,0.4321,0.5738
6215,0.6446,0.7693,0.6019,0.8803,0.3071
6216,0.9735,0.7911,0.7352,0.3767,0.4443
6217,0.7569,0.6588,0.7441,0.3052,0.514
6218,0.946,0.7458,0.5683,0.3095,0.5679
6219,0.2368,0.5187,0.1593,0.2909,0.5648
6220,0.6642,0.8485,0.2152,0.2789,0.4667
6221,0.911,0.6373,0.9041,0.5443,0.3761
6222,0.3136,0.5022,0.3666,0.3373,0.4901
6223,0.6754,0.5258,0.7717,0.3606,0.5645
6224,0.735,0.789,0.1785,0.4767,0.5098
6225,0.8629,0.8011,0.5844,0.3684,0.6103
6226,0.5804,0.894,0.5616,0.7206,0.4306
6227,0.5943,0.8591,0.3633,0.8295,0.585
6228,0.9354,0.8134,0.7677,0.5415,0.6324
6229,0.8709,0.5358,0.926,0.7242,0.3513
6230,0.4352,0.6901,0.4676,0.8623,0.4587
6231,0.7386,0.5043,0.7501,0.3758,0.4119
6232,0.4583,0.4819,0.5155,0.8072,0.5994
6233,0.563,0.8608,0.7889,0.5879,0.4971
6234,0.9363,0.8531,0.8057,0.3897,0.5426
6235,0.8713,0.8395,0.6225,0.8334,0.5467
6236,0.9029,0.7335,0.6757,0.6735,0.4268
6237,0.9136,0.8216,0.8781,0.7683,0.457
6238,0.1474,0.918,0.4237,0.4265,0.6595
6239,0.4139,0.6002,0.5863,0.5058,0.5947
6240,0.5746,0.6235,0.335,0.4803,0.5464
6241,0.7682,0.7762,0.7244,0.6876,0.478
6242,0.5157,0.3171,0.6953,0.5717,0.4647
6243,0.9287,0.6031,0.8498,0.9027,0.3113
6244,0.4678,0.2674,0.7468,0.8046,0.4607
6245,0.179,0.4043,0.7346,0.5646,0.5322
6246,0.5644,0.7502,0.5584,0.5915,0.537
6247,0.8446,0.2432,0.7424,0.6658,0.534
6248,0.9158,0.8275,0.5851,0.4002,0.6365
6249,0.7525,0.8531,0.4927,0.3551,0.6124
6250,0.2992,0.4692,0.0622,0.2333,0.4981
6251,0.5327,0.7905,0.4793,0.7515,0.3938
6252,0.6695,0.4705,0.6105,0.7258,0.4481
6253,0.859,0.6401,0.705,0.6623,0.4895
6254,0.7338,0.8815,0.555,0.4802,0.5733
6255,0.7191,0.202,0.765,0.897,0.5658
6256,0.6419,0.648,0.7314,0.1609,0.4411
6257,0.6726,0.1593,0.3188,0.5684,0.4668
6258,0.1212,0.3692,0.7693,0.719,0.4573
6259,0.4791,0.6362,0.304,0.2252,0.429
6260,0.8524,0.1995,0.8097,0.6509,0.4396
6261,0.3749,0.8252,0.5246,0.3356,0.5975
6262,0.966,0.7748,0.9446,0.7988,0.4893
6263,0.6311,0.7299,0.7171,0.8441,0.5138
6264,0.5828,0.7028,0.7754,0.7358,0.587
6265,0.2799,0.7995,0.5913,0.3456,0.5122
6266,0.3595,0.7565,0.4855,0.6943,0.5795
6267,0.117,0.8824,0.6443,0.377,0.4863
6268,0.7937,0.6624,0.6529,0.6735,0.3722
6269,0.9167,0.5828,0.6744,0.446,0.5807
6270,0.2437,0.8491,0.3557,0.7053,0.519
6271,0.9271,0.6257,0.9653,0.8522,0.5976
6272,0.7344,0.6327,0.5456,0.3919,0.5341
6273,0.8137,0.4597,0.7423,0.916,0.5453
6274,0.734,0.9227,0.6847,0.5179,0.5503
6275,0.8616,0.7049,0.6187,0.794,0.4601
6276,0.7691,0.8982,0.6577,0.6422,0.5215
6277,0.7702,0.6642,0.5781,0.5452,0.3422
6278,0.7646,0.382,0.8932,0.906,0.4719
6279,0.4719,0.5636,0.5226,0.736,0.4461
6280,0.6391,0.801,0.6786,0.7215,0.5496
6281,0.2984,0.7751,0.6387,0.6078,0.5701
6282,0.8465,0.9507,0.8611,0.6221,0.6046
6283,0.4648,0.889,0.7047,0.7931,0.5928
6284,0.5525,0.6453,0.5593,0.6771,0.5818
6285,0.7696,0.5279,0.8634,0.7055,0.5158
6286,0.659,0.6777,0.5981,0.4415,0.5765
6287,0.746,0.6952,0.9423,0.9494,0.4093
6288,0.7479,0.7755,0.759,0.8669,0.3836
6289,0.3754,0.7741,0.7034,0.6954,0.5751
6290,0.6242,0.8065,0.4707,0.4994,0.57
6291,0.3724,0.8686,0.4392,0.7539,0.5603
6292,0.8394,0.3905,0.5478,0.7749,0.433
6293,0.7848,0.4486,0.6349,0.3603,0.4099
6294,0.263,0.56,0.3934,0.1622,0.3901
6295,0.7498,0.8126,0.683,0.7323,0.4548
6296,0.579,0.8732,0.3298,0.564,0.4937
6297,0.8654,0.4236,0.659,0.551,0.4555
6298,0.8602,0.7465,0.4086,0.7556,0.5705
6299,0.5341,0.7677,0.6253,0.6574,0.4469
6300,0.4191,0.6844,0.5387,0.4798,0.5393
6301,0.7666,0.8716,0.574,0.7172,0.5704
6302,0.8305,0.8847,0.6918,0.2224,0.3909
6303,0.7013,0.7853,0.5503,0.1644,0.6183
6304,0.878,0.9848,0.6246,0.2138,0.8672
6305,0.8668,0.9237,0.8123,0.386,0.4479
6306,0.7859,0.3696,0.7897,0.6799,0.4664
6307,0.9496,0.959,0.702,0.4744,0.5586
6308,0.3,0.9015,0.7288,0.3409,0.5297
6309,0.3479,0.488,0.6599,0.2695,0.4247
6310,0.417,0.9102,0.4757,0.5441,0.522
6311,0.2004,0.8053,0.3185,0.5581,0.5522
6312,0.5259,0.685,0.3532,0.5286,0.5591
6313,0.206,0.6463,0.3921,0.6216,0.541
6314,0.5762,0.6896,0.5405,0.207,0.5632
6315,0.5219,0.8681,0.384,0.4095,0.5769
6316,0.6339,0.6958,0.8943,0.7282,0.3905
6317,0.7993,0.6046,0.7295,0.4629,0.5667
6318,0.9399,0.4446,0.7541,0.477,0.4084
6319,0.9514,0.7212,0.7781,0.7179,0.5346
6320,0.5104,0.953,0.9054,0.6861,0.574
6321,0.9071,0.4535,0.8896,0.828,0.5258
6322,0.8993,0.5424,0.3558,0.3402,0.4233
6323,0.7399,0.6483,0.2833,0.4206,0.5227
6324,0.8405,0.8835,0.8846,0.5816,0.5831
6325,0.9504,0.5938,0.7276,0.7816,0.5258
6326,0.887,0.8624,0.4136,0.3911,0.4611
6327,0.9631,0.7865,0.781,0.5334,0.5452
6328,0.9393,0.6211,0.959,0.9267,0.495
6329,0.8744,0.8954,0.8652,0.684,0.606
6330,0.3724,0.7442,0.3878,0.7268,0.5258
6331,0.875,0.8479,0.9272,0.865,0.4277
6332,0.18,0.2952,0.541,0.6275,0.4389
6333,0.9569,0.3082,0.7329,0.6366,0.3879
6334,0.848,0.789,0.8144,0.7956,0.4636
6335,0.6404,0.9711,0.82,0.7913,0.6185
6336,0.8165,0.3991,0.5449,0.6283,0.6457
6337,0.8034,0.7657,0.4483,0.5491,0.6076
6338,0.4531,0.8406,0.4905,0.4999,0.3617
6339,0.4215,0.5424,0.621,0.3191,0.4276
6340,0.2922,0.6037,0.3475,0.1983,0.7518
6341,0.0153,0.7114,0.0678,0.0359,0.5389
6342,0.8189,0.7015,0.8189,0.9724,0.6357
6343,0.6506,0.8017,0.0058,0.0261,0.7104
6344,0.8786,0.9081,0.9902,0.988,0.5669
6345,0.7731,0.7653,0.6522,0.6654,0.5195
6346,0.5482,0.5626,0.8279,0.9662,0.459
6347,0.7103,0.6019,0.967,0.9894,0.555
6348,0.6832,0.0614,0.8722,0.9789,0.6731
6349,0.7326,0.2134,0.5285,0.7661,0.3913
6350,0.8658,0.1463,0.5317,0.5298,0.4925
6351,0.5886,0.671,0.7721,0.74,0.4045
6352,0.5723,0.3957,0.5583,0.8679,0.6964
6353,0.8341,0.2724,0.8809,0.7901,0.4911
6354,0.2035,0.4425,0.6219,0.968,0.6096
6355,0.8712,0.3329,0.4099,0.6588,0.6151
6356,0.613,0.4844,0.6405,0.6217,0.4048
6357,0.8161,0.433,0.3564,0.2536,0.5911
6358,0.6451,0.3695,0.5909,0.8052,0.4596
6359,0.8118,0.9415,0.4532,0.7488,0.6529
6360,0.5859,0.6436,0.8574,0.9849,0.6198
6361,0.9176,0.4824,0.9365,0.987,0.5083
6362,0.9493,0.3599,0.8762,0.6967,0.4356
6363,0.7948,0.503,0.8492,0.8938,0.5213
6364,0.6487,0.6457,0.7049,0.9594,0.5821
6365,0.4144,0.7557,0.6139,0.5667,0.5424
6366,0.9311,0.7946,0.9357,0.9845,0.5326
6367,0.5788,0.4637,0.4859,0.6057,0.4829
6368,0.8045,0.0023,0.001,0.3252,0.6918
6369,0.5914,0.2549,0.9152,0.9308,0.3408
6370,0.384,0.2209,0.3211,0.2331,0.5091
6371,0.4213,0.8006,0.1782,0.3662,0.6732
6372,0.8483,0.7322,0.9442,0.8566,0.3417
6373,0.7138,0.6387,0.6334,0.5014,0.4777
6374,0.5003,0.634,0.2847,0.8466,0.5602
6375,0.9193,0.6133,0.6803,0.2759,0.4092
6376,0.7745,0.5813,0.16,0.1827,0.5254
6377,0.6579,0.6299,0.4596,0.5381,0.6186
6378,0.1951,0.8454,0.4912,0.9559,0.6036
6379,0.603,0.7267,0.2747,0.3203,0.551
6380,0.6978,0.7243,0.8875,0.7862,0.4427
6381,0.7493,0.7222,0.8943,0.9704,0.4414
6382,0.2827,0.6878,0.7357,0.7873,0.4002
6383,0.2643,0.8021,0.4461,0.6712,0.6767
6384,0.5383,0.5367,0.1521,0.5888,0.64
6385,0.3829,0.7631,0.5784,0.3882,0.5341
6386,0.7372,0.639,0.4625,0.4159,0.4939
6387,0.9329,0.9486,0.906,0.9775,0.4781
6388,0.2548,0.7735,0.188,0.6533,0.5692
6389,0.6337,0.4658,0.9053,0.9971,0.643
6390,0.846,0.814,0.7305,0.9741,0.6934
6391,0.782,0.8681,0.5822,0.7953,0.4568
6392,0.4595,0.3721,0.5952,0.5434,0.511
6393,0.475,0.2557,0.9557,0.861,0.4063
6394,0.3934,0.5008,0.3274,0.2523,0.5155
6395,0.5942,0.8413,0.6972,0.6689,0.5244
6396,0.5858,0.8695,0.4523,0.6433,0.5711
6397,0.8579,0.4084,0.7314,0.6656,0.3822
6398,0.4631,0.3003,0.6946,0.9195,0.473
6399,0.8514,0.7651,0.5173,0.9661,0.506
6400,0.8472,0.5989,0.7533,0.5556,0.6211
6401,0.6908,0.716,0.5149,0.4057,0.455
6402,0.9273,0.6169,0.9101,0.9717,0.4384
6403,0.2669,0.6296,0.62,0.9304,0.6679
6404,0.4152,0.616,0.7528,0.7231,0.4424
6405,0.6963,0.6602,0.5301,0.3738,0.382
6406,0.6447,0.4878,0.4106,0.7954,0.5005
6407,0.8053,0.8906,0.7665,0.6189,0.6872
6408,0.2501,0.4283,0.3631,0.8121,0.6444
6409,0.6095,0.9224,0.075,0.4675,0.6498
6410,0.5825,0.4769,0.9492,0.9329,0.6144
6411,0.1311,0.7206,0.6723,0.8374,0.5778
6412,0.3199,0.8654,0.1923,0.6146,0.5604
6413,0.3237,0.6112,0.4667,0.885,0.477
6414,0.9179,0.3946,0.9878,0.996,0.4526
6415,0.7495,0.9123,0.4893,0.2798,0.5527
6416,0.7546,0.3614,0.7878,0.7637,0.3919
6417,0.5059,0.7725,0.8724,0.9952,0.6575
6418,0.8224,0.8739,0.9701,0.9938,0.5328
6419,0.7327,0.6543,0.9339,0.933,0.4234
6420,0.748,0.6492,0.8743,0.7806,0.5287
6421,0.8424,0.6503,0.7244,0.9748,0.5259
6422,0.6813,0.8654,0.3922,0.6873,0.4832
6423,0.4787,0.7025,0.5456,0.8347,0.5553
6424,0.4826,0.1837,0.9087,0.7943,0.497
6425,0.1561,0.7737,0.2634,0.837,0.7422
6426,0.4755,0.5268,0.2696,0.4,0.4798
6427,0.4917,0.4516,0.4731,0.2592,0.4283
6428,0.7246,0.6728,0.9263,0.9743,0.5494
6429,0.6666,0.8737,0.58,0.635,0.5382
6430,0.9671,0.4811,0.9899,0.995,0.5231
6431,0.6245,0.8509,0.6027,0.6958,0.6149
6432,0.7151,0.7104,0.4527,0.4575,0.5291
6433,0.8155,0.9355,0.8547,0.9645,0.5657
6434,0.8066,0.9293,0.7001,0.9068,0.6793
6435,0.292,0.6743,0.3072,0.1573,0.4904
6436,0.6835,0.4784,0.747,0.9273,0.5422
6437,0.4638,0.6694,0.7136,0.4749,0.3973
6438,0.7314,0.8516,0.8547,0.9595,0.633
6439,0.6742,0.6307,0.6598,0.7387,0.5398
6440,0.4514,0.6844,0.3147,0.1699,0.4806
6441,0.9117,0.9195,0.9033,0.4149,0.4173
6442,0.6956,0.7337,0.493,0.191,0.4066
6443,0.9498,0.4013,0.9626,0.9947,0.5437
6444,0.8111,0.9021,0.8422,0.9919,0.825
6445,0.9858,0.9364,0.9297,0.9957,0.7226
6446,0.9041,0.9224,0.6547,0.7632,0.4562
6447,0.4968,0.5624,0.5622,0.9111,0.5911
6448,0.6235,0.0635,0.5598,0.5222,0.4802
6449,0.8082,0.2398,0.5172,0.538,0.4235
6450,0.7099,0.6094,0.9799,0.9978,0.5242
6451,0.3232,0.7347,0.5876,0.829,0.5077
6452,0.9088,0.7229,0.8207,0.8998,0.5934
6453,0.8591,0.4567,0.761,0.8298,0.5529
6454,0.5275,0.8724,0.7912,0.9658,0.656
6455,0.3976,0.8848,0.6665,0.8687,0.5801
6456,0.227,0.5454,0.2978,0.5002,0.5542
6457,0.9218,0.8706,0.9691,0.9986,0.482
6458,0.5793,0.8502,0.8253,0.8789,0.5678
6459,0.8105,0.772,0.8315,0.9775,0.624
6460,0.8291,0.3606,0.9092,0.9888,0.675
6461,0.7579,0.609,0.8907,0.9616,0.5472
6462,0.8466,0.5561,0.8751,0.8426,0.4522
6463,0.5171,0.8957,0.7634,0.8748,0.5716
6464,0.5994,0.2982,0.7047,0.7498,0.49
6465,0.5565,0.8333,0.6905,0.4646,0.3648
6466,0.8164,0.5154,0.8465,0.9672,0.4719
6467,0.8351,0.7828,0.9189,0.9445,0.5009
6468,0.9132,0.5599,0.7627,0.9666,0.5859
6469,0.7791,0.6784,0.5016,0.4566,0.515
6470,0.9264,0.8236,0.7535,0.9585,0.6799
6471,0.4369,0.6476,0.9738,0.9966,0.4887
6472,0.9792,0.9037,0.9124,0.9901,0.5363
6473,0.796,0.8297,0.8449,0.8424,0.4889
6474,0.7006,0.9189,0.6804,0.8555,0.4657
6475,0.5891,0.2997,0.7821,0.9483,0.6294
6476,0.733,0.4302,0.8249,0.8564,0.4837
6477,0.7866,0.3459,0.6445,0.548,0.4611
6478,0.8635,0.9591,0.8833,0.9483,0.5041
6479,0.8536,0.4895,0.9776,0.9914,0.4321
6480,0.6797,0.2531,0.4916,0.2934,0.4485
6481,0.606,0.6435,0.7832,0.6884,0.6809
6482,0.5123,0.435,0.8395,0.8085,0.4657
6483,0.0397,0.4576,0.1451,0.0407,0.5324
6484,0.9399,0.8768,0.9316,0.6143,0.3226
6485,0.9631,0.8871,0.9236,0.7568,0.4938
6486,0.7721,0.5208,0.8825,0.8392,0.3916
6487,0.383,0.7375,0.3703,0.1124,0.4383
6488,0.606,0.3551,0.7195,0.5565,0.3764
6489,0.7981,0.3411,0.8492,0.7669,0.5482
6490,0.9088,0.3853,0.8854,0.9243,0.4076
6491,0.7782,0.512,0.4705,0.5539,0.4526
6492,0.82,0.3539,0.7071,0.3388,0.4614
6493,0.3022,0.2992,0.5941,0.5769,0.5137
6494,0.336,0.3522,0.8831,0.9642,0.7057
6495,0.8108,0.4699,0.9783,0.969,0.613
6496,0.9243,0.6543,0.8995,0.8385,0.466
6497,0.927,0.4627,0.7949,0.751,0.5213
6498,0.5894,0.1194,0.5585,0.3484,0.3469
6499,0.4705,0.1092,0.4388,0.1799,0.4005
6500,0.6012,0.4223,0.348,0.6908,0.6305
6501,0.8733,0.7075,0.912,0.7375,0.4718
6502,0.6242,0.398,0.7833,0.9278,0.5633
6503,0.662,0.5366,0.8416,0.841,0.6239
6504,0.9472,0.5604,0.9655,0.9265,0.4943
6505,0.5162,0.637,0.3824,0.3344,0.4664
6506,0.3379,0.8453,0.6683,0.5301,0.5247
6507,0.2751,0.6911,0.2384,0.6386,0.5916
6508,0.8405,0.2972,0.966,0.9768,0.3701
6509,0.2525,0.834,0.1314,0.1695,0.4826
6510,0.2882,0.7442,0.607,0.5386,0.4515
6511,0.8376,0.7509,0.6397,0.4461,0.3818
6512,0.8622,0.4982,0.931,0.839,0.5426
6513,0.8917,0.4225,0.9102,0.5543,0.4455
6514,0.5331,0.4757,0.9171,0.9364,0.4218
6515,0.7773,0.4871,0.7378,0.6748,0.6052
6516,0.7279,0.2574,0.9209,0.8706,0.5144
6517,0.5074,0.6944,0.4803,0.1359,0.5238
6518,0.3686,0.7851,0.2311,0.4486,0.5856
6519,0.2056,0.8662,0.0488,0.0452,0.3562
6520,0.9743,0.5984,0.9741,0.962,0.4154
6521,0.9342,0.7494,0.8755,0.7233,0.3185
6522,0.368,0.7779,0.565,0.1903,0.5541
6523,0.6799,0.5833,0.4633,0.3239,0.6565
6524,0.1387,0.6204,0.6127,0.5834,0.4804
6525,0.4825,0.6422,0.8404,0.7564,0.4911
6526,0.7499,0.8004,0.5497,0.5217,0.536
6527,0.9553,0.5747,0.9874,0.9733,0.4573
6528,0.4554,0.8837,0.768,0.7136,0.5891
6529,0.2495,0.6253,0.373,0.7206,0.5732
6530,0.5619,0.7619,0.4716,0.7452,0.5128
6531,0.4003,0.3567,0.6608,0.4765,0.502
6532,0.8132,0.9013,0.671,0.7779,0.4252
6533,0.4846,0.6354,0.4608,0.6706,0.4642
6534,0.6182,0.4704,0.467,0.3796,0.4264
6535,0.398,0.6617,0.6401,0.5875,0.3493
6536,0.6937,0.4964,0.5598,0.4157,0.4656
6537,0.2954,0.2239,0.4871,0.1422,0.3483
6538,0.8694,0.489,0.9559,0.8439,0.4534
6539,0.2284,0.6703,0.6285,0.5442,0.3838
6540,0.4447,0.5097,0.6503,0.6262,0.5461
6541,0.8153,0.2946,0.6693,0.47,0.5433
6542,0.7823,0.1854,0.3004,0.2092,0.4951
6543,0.423,0.3013,0.752,0.5943,0.4783
6544,0.6091,0.5413,0.7487,0.8585,0.6244
6545,0.5307,0.7936,0.6617,0.8115,0.648
6546,0.9333,0.3783,0.9299,0.9804,0.5411
6547,0.856,0.7457,0.7428,0.5204,0.5104
6548,0.3265,0.7047,0.5579,0.4116,0.5606
6549,0.8086,0.7225,0.713,0.5321,0.4151
6550,0.4448,0.6778,0.2001,0.2741,0.5027
6551,0.4535,0.7646,0.343,0.4014,0.5016
6552,0.9104,0.6719,0.8362,0.4693,0.5131
6553,0.4623,0.8399,0.3105,0.4334,0.5133
6554,0.7469,0.5775,0.6198,0.7314,0.5388
6555,0.6849,0.7226,0.5769,0.4315,0.3459
6556,0.2948,0.4031,0.2302,0.2155,0.537
6557,0.7051,0.5858,0.5594,0.2639,0.3934
6558,0.4835,0.2899,0.9888,0.9861,0.6051
6559,0.0785,0.8922,0.1818,0.1648,0.4495
6560,0.6633,0.3328,0.9935,0.9369,0.3412
6561,0.0884,0.8358,0.5262,0.531,0.473
6562,0.8447,0.7187,0.948,0.9764,0.5533
6563,0.578,0.78,0.7612,0.7352,0.5837
6564,0.8988,0.7928,0.8418,0.8401,0.491
6565,0.2816,0.8897,0.681,0.8618,0.6064
6566,0.9053,0.4997,0.6372,0.3049,0.4827
6567,0.8345,0.7807,0.5555,0.8101,0.4766
6568,0.2854,0.7837,0.1782,0.2349,0.389
6569,0.7905,0.7272,0.7258,0.6621,0.5327
6570,0.9764,0.771,0.9697,0.8963,0.5449
6571,0.9283,0.7636,0.9891,0.7857,0.3873
6572,0.7245,0.6937,0.4647,0.8106,0.5576
6573,0.9053,0.6234,0.8093,0.5757,0.4336
6574,0.5343,0.6708,0.5872,0.4397,0.5383
6575,0.7619,0.6444,0.7679,0.7402,0.5494
6576,0.4998,0.4338,0.4986,0.4915,0.4425
6577,0.2848,0.8595,0.4175,0.7809,0.5654
6578,0.7889,0.6723,0.6891,0.8485,0.5984
6579,0.4542,0.5563,0.7898,0.8533,0.5673
6580,0.9446,0.606,0.8394,0.8614,0.5797
6581,0.5017,0.6703,0.3611,0.3192,0.567
6582,0.3336,0.8971,0.8822,0.9738,0.6164
6583,0.4515,0.7014,0.7947,0.7348,0.5896
6584,0.8349,0.7571,0.8909,0.9407,0.5997
6585,0.0881,0.6455,0.1775,0.3112,0.3992
6586,0.7812,0.7612,0.8222,0.8552,0.4967
6587,0.77,0.1985,0.7918,0.1918,0.2975
6588,0.6537,0.6706,0.3104,0.5681,0.6626
6589,0.889,0.4629,0.9672,0.9179,0.3655
6590,0.4354,0.6873,0.329,0.6266,0.4575
6591,0.4019,0.0664,0.8596,0.7644,0.4555
6592,0.6578,0.6934,0.705,0.8464,0.5565
6593,0.6364,0.6626,0.764,0.6616,0.5634
6594,0.8976,0.8878,0.9586,0.948,0.3973
6595,0.1257,0.4172,0.0988,0.0496,0.3643
6596,0.897,0.7391,0.6481,0.7237,0.5927
6597,0.5977,0.8812,0.8003,0.9221,0.5415
6598,0.7105,0.833,0.846,0.9469,0.6507
6599,0.8163,0.6168,0.9189,0.9443,0.5663
6600,0.5663,0.6485,0.8049,0.8563,0.6028
6601,0.6561,0.173,0.9603,0.8907,0.4513
6602,0.5936,0.7498,0.7008,0.5817,0.5563
6603,0.9114,0.9433,0.325,0.7117,0.5813
6604,0.8934,0.8215,0.8243,0.8761,0.4423
6605,0.8178,0.8399,0.9502,0.8942,0.5237
6606,0.6915,0.8387,0.8303,0.9182,0.5402
6607,0.4483,0.8199,0.3541,0.0751,0.4809
6608,0.7971,0.7333,0.4146,0.2017,0.5607
6609,0.6066,0.5452,0.6597,0.8329,0.4376
6610,0.6173,0.8349,0.5501,0.7251,0.7186
6611,0.872,0.2632,0.9404,0.4719,0.4125
6612,0.4878,0.7327,0.7216,0.4537,0.5199
6613,0.3559,0.8579,0.6877,0.7168,0.467
6614,0.8491,0.5713,0.7781,0.2937,0.3529
6615,0.5555,0.9263,0.6488,0.3759,0.4917
6616,0.2534,0.3739,0.7375,0.6127,0.5384
6617,0.4605,0.5579,0.2526,0.1351,0.5084
6618,0.4093,0.1786,0.7935,0.7556,0.5689
6619,0.6493,0.2928,0.8855,0.9613,0.4899
6620,0.8,0.3735,0.7648,0.7422,0.4576
6621,0.8724,0.5599,0.9282,0.546,0.48
6622,0.7953,0.8638,0.9448,0.9232,0.6876
6623,0.2946,0.5332,0.0577,0.2497,0.7262
6624,0.1959,0.4287,0.3843,0.8948,0.6571
6625,0.7844,0.3998,0.7484,0.2624,0.5487
6626,0.077,0.5882,0.0434,0.146,0.5145
6627,0.7859,0.2291,0.8998,0.865,0.3777
6628,0.7282,0.5658,0.6596,0.412,0.4088
6629,0.6927,0.3867,0.3511,0.7291,0.5392
6630,0.12,0.2719,0.1613,0.3346,0.4213
6631,0.9097,0.7331,0.5655,0.5644,0.5142
6632,0.8362,0.7385,0.8337,0.717,0.3765
6633,0.4887,0.7581,0.5426,0.4812,0.4373
6634,0.4533,0.8027,0.364,0.0999,0.5668
6635,0.6763,0.7344,0.7303,0.7667,0.602
6636,0.8111,0.1402,0.5699,0.533,0.5169
6637,0.3487,0.789,0.879,0.5584,0.3408
6638,0.8905,0.4933,0.8447,0.8424,0.4163
6639,0.6179,0.747,0.8101,0.6703,0.6404
6640,0.6474,0.372,0.5811,0.4963,0.5635
6641,0.3491,0.9151,0.3422,0.4058,0.6494
6642,0.2747,0.8337,0.661,0.3352,0.6323
6643,0.2783,0.2347,0.6579,0.7752,0.6697
6644,0.9224,0.4416,0.943,0.7569,0.409
6645,0.7066,0.2544,0.6774,0.7978,0.6427
6646,0.9808,0.4958,0.9763,0.8322,0.4109
6647,0.969,0.3089,0.7243,0.6326,0.3268
6648,0.9408,0.6441,0.5904,0.5223,0.6524
6649,0.4272,0.5937,0.568,0.2276,0.3544
6650,0.8675,0.4872,0.8659,0.8423,0.5845
6651,0.385,0.3487,0.4062,0.3233,0.4349
6652,0.8106,0.7344,0.6454,0.7696,0.5001
6653,0.8595,0.7886,0.5125,0.5809,0.5393
6654,0.9588,0.5553,0.9392,0.9269,0.4768
6655,0.9896,0.5259,0.8996,0.8445,0.5832
6656,0.9353,0.4468,0.7171,0.7474,0.5596
6657,0.2131,0.5765,0.2941,0.3729,0.4327
6658,0.7781,0.8136,0.815,0.6377,0.4811
6659,0.6833,0.3656,0.7851,0.6076,0.3952
6660,0.4913,0.6349,0.6303,0.6167,0.5137
6661,0.8656,0.3834,0.7669,0.8782,0.6124
6662,0.488,0.4595,0.6556,0.2745,0.2508
6663,0.4595,0.7091,0.2273,0.3829,0.5324
6664,0.2619,0.6084,0.6327,0.4286,0.3689
6665,0.0707,0.302,0.0532,0.2296,0.5765
6666,0.956,0.3623,0.8986,0.9052,0.4373
6667,0.6611,0.4994,0.9334,0.7831,0.5248
6668,0.9434,0.7061,0.9318,0.8581,0.4044
6669,0.5001,0.5022,0.5038,0.3491,0.5421
6670,0.7246,0.8227,0.6332,0.6409,0.4745
6671,0.8695,0.3437,0.6648,0.6292,0.5478
6672,0.7632,0.5612,0.4821,0.6024,0.5273
6673,0.6133,0.8125,0.2791,0.2194,0.5016
6674,0.5273,0.6072,0.6104,0.703,0.5988
6675,0.8649,0.2646,0.8759,0.893,0.4604
6676,0.9005,0.2336,0.7673,0.8131,0.4638
6677,0.8944,0.7707,0.7817,0.6493,0.5685
6678,0.8645,0.7357,0.7745,0.7353,0.3937
6679,0.4186,0.8411,0.3781,0.1415,0.4003
6680,0.8678,0.7523,0.4087,0.4917,0.5344
6681,0.2446,0.9256,0.2516,0.3128,0.7206
6682,0.8021,0.8761,0.4398,0.6444,0.4302
6683,0.9818,0.8598,0.6048,0.5256,0.3418
6684,0.6007,0.8431,0.6657,0.6412,0.5677
6685,0.9398,0.7841,0.6993,0.8266,0.47
6686,0.7048,0.5882,0.6757,0.7865,0.6072
6687,0.9783,0.2019,0.7261,0.464,0.5077
6688,0.1213,0.5221,0.8608,0.9049,0.5341
6689,0.9418,0.5809,0.4955,0.469,0.3943
6690,0.8244,0.8262,0.5139,0.3746,0.4365
6691,0.8521,0.4967,0.9653,0.9213,0.6963
6692,0.8642,0.843,0.8016,0.9328,0.4755
6693,0.9413,0.8543,0.7135,0.5481,0.3999
6694,0.84,0.6474,0.6636,0.4497,0.5387
6695,0.8933,0.8219,0.337,0.3544,0.4367
6696,0.2011,0.4351,0.7198,0.5371,0.3745
6697,0.5239,0.7189,0.4295,0.5734,0.5955
6698,0.9647,0.5273,0.8909,0.7945,0.5843
6699,0.7448,0.8293,0.4945,0.3586,0.6641
6700,0.2473,0.6205,0.61,0.6362,0.6819
6701,0.9155,0.6084,0.6566,0.9147,0.5191
6702,0.8887,0.7626,0.9684,0.8791,0.4059
6703,0.8086,0.3279,0.9314,0.8573,0.4744
6704,0.2175,0.8635,0.3135,0.6479,0.5629
6705,0.9389,0.5652,0.9048,0.5525,0.4812
6706,0.0265,0.5808,0.1163,0.1753,0.4901
6707,0.7075,0.7696,0.8867,0.7733,0.5521
6708,0.2658,0.4908,0.7091,0.5197,0.4869
6709,0.9431,0.9149,0.6965,0.3659,0.5285
6710,0.7588,0.6333,0.8101,0.6355,0.4379
6711,0.6839,0.7894,0.2429,0.4476,0.4478
6712,0.9656,0.4684,0.9127,0.8746,0.6059
6713,0.989,0.5286,0.9645,0.8386,0.3535
6714,0.1761,0.9359,0.6321,0.4871,0.464
6715,0.4459,0.8792,0.4488,0.5743,0.4725
6716,0.8738,0.5568,0.582,0.6459,0.5708
6717,0.8607,0.8562,0.6454,0.4221,0.4838
6718,0.2485,0.7969,0.4365,0.3651,0.4283
6719,0.6209,0.6845,0.9123,0.776,0.4198
6720,0.1506,0.5893,0.1982,0.421,0.4708
6721,0.7698,0.3989,0.5618,0.444,0.4886
6722,0.8997,0.5625,0.8267,0.7197,0.4573
6723,0.7565,0.8671,0.6177,0.6339,0.6313
6724,0.4996,0.5538,0.2653,0.8334,0.7008
6725,0.9854,0.7428,0.8435,0.7119,0.5522
6726,0.1507,0.557,0.4762,0.5157,0.6074
6727,0.5627,0.6225,0.743,0.9092,0.5681
6728,0.9073,0.6006,0.8139,0.8908,0.5624
6729,0.9345,0.6385,0.834,0.8038,0.5463
6730,0.5859,0.7227,0.7482,0.7424,0.5242
6731,0.8943,0.6918,0.6164,0.6775,0.5437
6732,0.9444,0.775,0.9548,0.9162,0.5901
6733,0.908,0.1924,0.8634,0.6115,0.2663
6734,0.1506,0.6504,0.1117,0.4763,0.631
6735,0.8664,0.9105,0.835,0.8476,0.5401
6736,0.9944,0.8013,0.9523,0.8609,0.3982
6737,0.901,0.7882,0.7175,0.5886,0.5207
6738,0.3937,0.5604,0.5418,0.4622,0.3249
6739,0.2691,0.7095,0.7801,0.7969,0.4003
6740,0.7889,0.6709,0.6428,0.5563,0.4232
6741,0.7817,0.7956,0.5522,0.1929,0.4705
6742,0.967,0.7549,0.7963,0.7912,0.5458
6743,0.9782,0.7532,0.7959,0.5353,0.4677
6744,0.7729,0.6538,0.6449,0.8746,0.594
6745,0.5456,0.9202,0.5431,0.9041,0.4289
6746,0.2537,0.5555,0.5696,0.4607,0.5763
6747,0.6063,0.3212,0.7454,0.6808,0.3123
6748,0.7452,0.8681,0.6981,0.6387,0.468
6749,0.1659,0.7117,0.3304,0.6358,0.4961
6750,0.8224,0.8638,0.7519,0.8251,0.5808
6751,0.3435,0.571,0.6152,0.4122,0.4026
6752,0.1822,0.8504,0.3242,0.1223,0.541
6753,0.5336,0.7821,0.8293,0.8565,0.6003
6754,0.9817,0.8747,0.6977,0.9501,0.3856
6755,0.4784,0.3914,0.5117,0.8315,0.4898
6756,0.8407,0.7823,0.8585,0.7162,0.3689
6757,0.9899,0.7715,0.682,0.7996,0.6482
6758,0.3821,0.4169,0.4681,0.2027,0.5328
6759,0.4367,0.892,0.4544,0.3457,0.5412
6760,0.924,0.9002,0.547,0.4668,0.5662
6761,0.5905,0.4475,0.7895,0.7668,0.3414
6762,0.9542,0.672,0.8877,0.9711,0.588
6763,0.9896,0.7753,0.9531,0.7822,0.5143
6764,0.721,0.7242,0.6693,0.7994,0.4724
6765,0.909,0.8726,0.7503,0.631,0.3613
6766,0.7655,0.8663,0.4418,0.4348,0.5857
6767,0.8777,0.7982,0.8233,0.8113,0.3862
6768,0.4705,0.8866,0.3178,0.6203,0.5947
6769,0.7428,0.8376,0.6737,0.8144,0.5708
6770,0.9135,0.8124,0.9343,0.8232,0.5465
6771,0.4579,0.1429,0.1521,0.4342,0.5284
6772,0.9582,0.9432,0.7819,0.6344,0.5236
6773,0.8059,0.3591,0.6984,0.8951,0.5936
6774,0.5833,0.6653,0.4485,0.1978,0.3817
6775,0.75,0.6434,0.3104,0.144,0.5523
6776,0.369,0.8642,0.3041,0.4144,0.4972
6777,0.2663,0.5128,0.577,0.5551,0.5148
6778,0.184,0.1732,0.1786,0.6842,0.607
6779,0.2716,0.8626,0.7138,0.6219,0.4596
6780,0.2073,0.6437,0.4813,0.7893,0.5123
6781,0.8059,0.2123,0.7909,0.7903,0.4787
6782,0.4555,0.5835,0.8593,0.8394,0.5148
6783,0.2717,0.3101,0.5516,0.8209,0.5054
6784,0.7138,0.7494,0.8114,0.8568,0.5103
6785,0.5463,0.6475,0.3728,0.1354,0.5447
6786,0.9169,0.4076,0.7775,0.7369,0.52
6787,0.3611,0.7654,0.523,0.4415,0.6736
6788,0.7417,0.0867,0.6947,0.9647,0.3461
6789,0.898,0.9716,0.7927,0.9002,0.5818
6790,0.2945,0.526,0.2832,0.335,0.5669
6791,0.7657,0.4175,0.8216,0.8243,0.4872
6792,0.4613,0.2513,0.4871,0.6489,0.5442
6793,0.8487,0.1965,0.5645,0.6099,0.5645
6794,0.4527,0.2258,0.9473,0.9912,0.4355
6795,0.7534,0.7203,0.9496,0.9618,0.619
6796,0.8744,0.7265,0.7479,0.9662,0.5069
6797,0.9407,0.3468,0.8021,0.7448,0.5022
6798,0.1366,0.7261,0.0975,0.3764,0.545
6799,0.6261,0.6755,0.7313,0.7142,0.5436
6800,0.6104,0.1643,0.5544,0.5093,0.5839
6801,0.8547,0.5049,0.8817,0.8458,0.4218
6802,0.8994,0.3493,0.7528,0.7447,0.5153
6803,0.9248,0.697,0.8541,0.716,0.4627
6804,0.2472,0.1954,0.4912,0.6445,0.6119
6805,0.1916,0.6847,0.2614,0.1251,0.4655
6806,0.4447,0.7211,0.455,0.3344,0.4415
6807,0.9236,0.8178,0.6082,0.637,0.5168
6808,0.9506,0.3179,0.7331,0.5815,0.5135
6809,0.1121,0.8152,0.5707,0.6881,0.552
6810,0.6413,0.3263,0.7752,0.7664,0.5342
6811,0.7573,0.5004,0.9586,0.9581,0.4167
6812,0.2844,0.728,0.4241,0.3118,0.53
6813,0.4629,0.5222,0.6152,0.8342,0.3634
6814,0.9467,0.7923,0.9153,0.8906,0.4312
6815,0.8278,0.9652,0.6038,0.6849,0.4951
6816,0.3096,0.6243,0.3018,0.7444,0.5334
6817,0.7187,0.4655,0.4976,0.3922,0.4428
6818,0.676,0.4271,0.6008,0.2041,0.4928
6819,0.3862,0.1968,0.7121,0.8293,0.459
6820,0.1744,0.2886,0.6833,0.9374,0.5316
6821,0.7087,0.7133,0.6518,0.632,0.4662
6822,0.9503,0.5849,0.7432,0.8986,0.4677
6823,0.7884,0.9049,0.5555,0.268,0.4023
6824,0.6684,0.8426,0.8125,0.9055,0.6211
6825,0.4144,0.9413,0.8743,0.9564,0.5413
6826,0.5767,0.8196,0.6458,0.6096,0.4392
6827,0.7125,0.5935,0.7689,0.8715,0.3879
6828,0.357,0.5553,0.5526,0.5966,0.6115
6829,0.7073,0.7495,0.8677,0.907,0.5036
6830,0.5254,0.6843,0.6935,0.5244,0.5269
6831,0.8079,0.9336,0.6005,0.5581,0.5328
6832,0.7882,0.7692,0.6645,0.5471,0.4933
6833,0.7675,0.8295,0.5408,0.944,0.5751
6834,0.6851,0.7799,0.427,0.4458,0.5181
6835,0.0962,0.661,0.4191,0.6019,0.5399
6836,0.7557,0.8167,0.4249,0.3328,0.5155
6837,0.9402,0.7886,0.8676,0.6394,0.49
6838,0.9202,0.9165,0.766,0.7331,0.4859
6839,0.805,0.8868,0.8695,0.9057,0.4962
6840,0.4154,0.7033,0.7616,0.7053,0.4427
6841,0.9496,0.8699,0.6965,0.7718,0.5711
6842,0.4399,0.7882,0.5792,0.7239,0.533
6843,0.1734,0.3371,0.7357,0.6693,0.6374
6844,0.4723,0.8851,0.6638,0.7465,0.52
6845,0.5996,0.7843,0.52,0.6793,0.4485
6846,0.1287,0.8294,0.2892,0.8559,0.547
6847,0.337,0.5877,0.1011,0.3539,0.5109
6848,0.5289,0.9161,0.6426,0.7291,0.5799
6849,0.3613,0.8312,0.6964,0.7482,0.5066
6850,0.077,0.8543,0.2053,0.233,0.5876
6851,0.8125,0.1118,0.8685,0.9088,0.37
6852,0.4803,0.8805,0.4461,0.4547,0.5519
6853,0.6903,0.9764,0.8145,0.865,0.6214
6854,0.9214,0.8767,0.4727,0.238,0.3925
6855,0.4175,0.7041,0.2845,0.1314,0.4681
6856,0.927,0.2786,0.9551,0.9497,0.5158
6857,0.7149,0.65,0.9656,0.9908,0.4903
6858,0.6671,0.9364,0.6428,0.751,0.4975
6859,0.4396,0.855,0.6327,0.3702,0.4241
6860,0.7843,0.7922,0.8423,0.6223,0.4963
6861,0.4682,0.9585,0.6159,0.8024,0.5435
6862,0.3613,0.8816,0.6165,0.8548,0.5078
6863,0.6551,0.8267,0.6432,0.3261,0.5171
6864,0.679,0.8131,0.863,0.7656,0.4558
6865,0.2442,0.41,0.6883,0.807,0.5065
6866,0.7667,0.6214,0.7757,0.8677,0.4988
6867,0.2897,0.4269,0.8439,0.7131,0.5905
6868,0.9881,0.5591,0.8132,0.8396,0.4618
6869,0.5951,0.4366,0.4439,0.505,0.5269
6870,0.845,0.6718,0.8672,0.871,0.5443
6871,0.6337,0.8851,0.6086,0.7967,0.5365
6872,0.7356,0.4336,0.4957,0.2943,0.5009
6873,0.4486,0.83,0.7596,0.8026,0.5956
6874,0.4357,0.4934,0.4156,0.6109,0.5751
6875,0.8201,0.6431,0.6382,0.8047,0.5649
6876,0.6804,0.7672,0.4463,0.6619,0.4214
6877,0.9065,0.9499,0.9383,0.6076,0.4623
6878,0.6734,0.9083,0.859,0.9175,0.5525
6879,0.9347,0.5059,0.8709,0.8789,0.5219
6880,0.8851,0.7485,0.8534,0.8821,0.5829
6881,0.8274,0.789,0.6836,0.6235,0.471
6882,0.447,0.5531,0.31,0.8435,0.4989
6883,0.942,0.5575,0.8423,0.4702,0.5233
6884,0.7699,0.6851,0.5634,0.5454,0.509
6885,0.8586,0.9083,0.7363,0.8205,0.4722
6886,0.9858,0.7729,0.6707,0.6327,0.4935
6887,0.6327,0.829,0.7827,0.8275,0.4353
6888,0.3944,0.1622,0.8029,0.9642,0.4951
6889,0.9724,0.5194,0.8815,0.6255,0.5147
6890,0.6706,0.8715,0.7579,0.8182,0.5086
6891,0.4167,0.3434,0.557,0.5264,0.5314
6892,0.9471,0.4214,0.8089,0.5423,0.525
6893,0.6297,0.9436,0.3085,0.6906,0.6443
6894,0.3361,0.7164,0.6352,0.7737,0.4837
6895,0.9152,0.585,0.7835,0.6964,0.4145
6896,0.6185,0.4835,0.6515,0.7786,0.5806
6897,0.776,0.8283,0.836,0.8581,0.5722
6898,0.8238,0.9591,0.9029,0.9663,0.513
6899,0.4501,0.8982,0.6349,0.5071,0.4556
6900,0.7562,0.1896,0.9245,0.9343,0.4784
6901,0.7869,0.6924,0.9333,0.9139,0.419
6902,0.6431,0.8729,0.6453,0.6296,0.5829
6903,0.9031,0.9197,0.9644,0.8144,0.5642
6904,0.4919,0.3856,0.7089,0.7906,0.5194
6905,0.9578,0.4553,0.958,0.9959,0.4718
6906,0.6041,0.4655,0.6498,0.7155,0.443
6907,0.7791,0.3993,0.8336,0.8864,0.5866
6908,0.8543,0.85,0.6398,0.502,0.5337
6909,0.8526,0.704,0.6385,0.5183,0.5047
6910,0.7053,0.9428,0.8812,0.7052,0.5587
6911,0.6693,0.8992,0.6637,0.4957,0.4466
6912,0.2449,0.8236,0.3928,0.2755,0.4548
6913,0.645,0.3696,0.3597,0.22,0.2812
6914,0.6005,0.8626,0.4701,0.0102,0.0356
6915,0.1147,0.2481,0.3513,0.2193,0.5138
6916,0.7528,0.7527,0.3233,0.9423,0.5405
6917,0.9031,0.4506,0.6353,0.4382,0.6083
6918,0.8031,0.1867,0.8085,0.6233,0.5941
6919,0.7648,0.3367,0.48,0.4596,0.4783
6920,0.5798,0.6083,0.5524,0.3719,0.3711
6921,0.8964,0.9114,0.4756,0.792,0.7723
6922,0.5754,0.3195,0.4777,0.4938,0.874
6923,0.6203,0.0053,0.317,0.3976,0.4332
6924,0.6548,0.7923,0.7381,0.7552,0.3685
6925,0.8352,0.9654,0.7869,0.2289,0.0786
6926,0.906,0.6504,0.6748,0.7952,0.5977
6927,0.4099,0.7083,0.7051,0.1014,0.2716
6928,0.6805,0.9429,0.7724,0.8753,0.8379
6929,0.2606,0.2682,0.3123,0.8227,0.7765
6930,0.1767,0.9372,0.1657,0.3488,0.579
6931,0.5895,0.8785,0.3647,0.2294,0.598
6932,0.7709,0.156,0.6657,0.523,0.5106
6933,0.3434,0.8095,0.4201,0.4806,0.4057
6934,0.7787,0.6039,0.7261,0.4698,0.2987
6935,0.6029,0.9105,0.3953,0.8696,0.74
6936,0.2471,0.2507,0.415,0.4104,0.2895
6937,0.9229,0.4961,0.8001,0.6825,0.5693
6938,0.906,0.8614,0.8151,0.8732,0.6293
6939,0.2278,0.1252,0.5449,0.2209,0.6135
6940,0.6268,0.8194,0.5422,0.5306,0.7333
6941,0.294,0.3302,0.5229,0.3997,0.5126
6942,0.4567,0.8456,0.1724,0.2643,0.8647
6943,0.8883,0.7133,0.3961,0.5495,0.3812
6944,0.6547,0.8844,0.2954,0.5808,0.5553
6945,0.6631,0.7069,0.2231,0.4488,0.7519
6946,0.1873,0.6874,0.7838,0.8687,0.7992
6947,0.9037,0.6553,0.7386,0.8736,0.3008
6948,0.8886,0.4659,0.7871,0.5156,0.4707
6949,0.2144,0.7275,0.2564,0.2819,0.6577
6950,0.3429,0.5178,0.7666,0.6174,0.3601
6951,0.8491,0.7948,0.7544,0.9484,0.7131
6952,0.8812,0.3913,0.5017,0.7846,0.3938
6953,0.5505,0.668,0.2104,0.5865,0.5803
6954,0.2903,0.8546,0.6092,0.5411,0.8576
6955,0.3232,0.7886,0.7841,0.7921,0.6932
6956,0.9013,0.4883,0.8384,0.8253,0.3528
6957,0.2399,0.7827,0.4912,0.3041,0.7338
6958,0.4035,0.5029,0.7552,0.5266,0.5552
6959,0.7563,0.7413,0.7833,0.4302,0.4101
6960,0.9235,0.3323,0.7526,0.89,0.4307
6961,0.9601,0.5186,0.5986,0.6574,0.3054
6962,0.9373,0.1641,0.9195,0.7609,0.1185
6963,0.9584,0.1671,0.7022,0.9558,0.3839
6964,0.8899,0.6265,0.8723,0.916,0.557
6965,0.6562,0.1198,0.8163,0.7646,0.3747
6966,0.9704,0.2222,0.4891,0.5898,0.1393
6967,0.8346,0.1487,0.8341,0.7057,0.4023
6968,0.8998,0.934,0.7896,0.7106,0.8162
6969,0.9872,0.9195,0.6167,0.9788,0.7536
6970,0.9855,0.9821,0.967,0.9955,0.8537
6971,0.6962,0.9013,0.5566,0.6672,0.7944
6972,0.6732,0.7614,0.7389,0.8744,0.7685
6973,0.6257,0.8856,0.8385,0.8055,0.9013
6974,0.9188,0.9266,0.6282,0.8252,0.8607
6975,0.4756,0.9042,0.5423,0.6178,0.7325
6976,0.9582,0.979,0.6185,0.9211,0.8026
6977,0.7158,0.9179,0.883,0.82,0.5626
6978,0.6529,0.9808,0.6029,0.7359,0.664
6979,0.9302,0.9777,0.8024,0.9102,0.4447
6980,0.3347,0.9346,0.6639,0.8383,0.6892
6981,0.3172,0.4013,0.3899,0.4988,0.3906
6982,0.8638,0.7499,0.8152,0.6974,0.7994
6983,0.8048,0.9832,0.403,0.6377,0.822
6984,0.4439,0.8139,0.5254,0.5693,0.5491
6985,0.9566,0.9449,0.7803,0.8545,0.8377
6986,0.987,0.8123,0.8875,0.9583,0.727
6987,0.9371,0.9916,0.7928,0.8612,0.5494
6988,0.979,0.8424,0.8191,0.968,0.7498
6989,0.9618,0.9221,0.8777,0.9215,0.544
6990,0.6605,0.9548,0.6701,0.717,0.7001
6991,0.2898,0.9814,0.6065,0.6192,0.7807
6992,0.2416,0.6432,0.2646,0.4476,0.4975
6993,0.8669,0.9184,0.5224,0.8006,0.7186
6994,0.3462,0.9628,0.4392,0.0683,0.2383
6995,0.9853,0.9722,0.9409,0.9668,0.5269
6996,0.8929,0.9959,0.7212,0.9382,0.8735
6997,0.9763,0.9431,0.897,0.974,0.6696
6998,0.2024,0.9626,0.4572,0.6596,0.6704
6999,0.7368,0.8559,0.5489,0.7099,0.6958
7000,0.5072,0.9096,0.5048,0.5401,0.6516
7001,0.6283,0.8873,0.8027,0.7932,0.8179
7002,0.3869,0.8076,0.5904,0.7997,0.6177
7003,0.4465,0.3255,0.4304,0.8564,0.6046
7004,0.9636,0.9817,0.9016,0.9703,0.6465
7005,0.7989,0.8068,0.8954,0.9887,0.8533
7006,0.9171,0.7349,0.9067,0.9058,0.4153
7007,0.3583,0.9494,0.3619,0.4936,0.5864
7008,0.479,0.9671,0.8236,0.9764,0.7398
7009,0.8848,0.8276,0.7223,0.9178,0.507
7010,0.7858,0.5007,0.7857,0.8425,0.7897
7011,0.2503,0.973,0.454,0.8307,0.8737
7012,0.7724,0.8508,0.7515,0.9063,0.7851
7013,0.8326,0.8717,0.8276,0.5541,0.4297
7014,0.9766,0.8606,0.8659,0.989,0.6647
7015,0.7191,0.9677,0.4608,0.9395,0.8812
7016,0.9299,0.3751,0.7938,0.8115,0.4785
7017,0.2386,0.3862,0.1254,0.0148,0.422
7018,0.8343,0.7393,0.5771,0.7573,0.306
7019,0.4938,0.967,0.6641,0.4798,0.5169
7020,0.4831,0.8499,0.6916,0.8109,0.8495
7021,0.8967,0.8869,0.5728,0.9662,0.7128
7022,0.8367,0.9537,0.7209,0.8373,0.6272
7023,0.5879,0.8251,0.4205,0.4745,0.6356
7024,0.3154,0.9761,0.8375,0.9795,0.8529
7025,0.6073,0.6163,0.499,0.2665,0.3073
7026,0.876,0.9609,0.3796,0.364,0.5364
7027,0.404,0.9162,0.4536,0.8724,0.6159
7028,0.1496,0.9729,0.4324,0.6717,0.6784
7029,0.8438,0.9324,0.8071,0.9032,0.3185
7030,0.5485,0.3889,0.7169,0.4378,0.4746
7031,0.8854,0.5144,0.6609,0.6328,0.1559
7032,0.981,0.9827,0.9683,0.9345,0.2609
7033,0.9957,0.5216,0.8428,0.9445,0.6248
7034,0.8995,0.5509,0.6504,0.9196,0.3389
7035,0.8546,0.8827,0.3313,0.4388,0.5942
7036,0.9753,0.8727,0.8126,0.282,0.5816
7037,0.8604,0.9564,0.7003,0.7148,0.6047
7038,0.8744,0.9501,0.8496,0.9631,0.8476
7039,0.9004,0.9512,0.883,0.9473,0.4537
7040,0.4793,0.7096,0.7111,0.8446,0.8033
7041,0.9565,0.6084,0.577,0.9038,0.6998
7042,0.5118,0.8802,0.7136,0.8459,0.3815
7043,0.6413,0.957,0.5725,0.3967,0.7043
7044,0.8808,0.8352,0.3633,0.4663,0.4983
7045,0.9467,0.7455,0.9403,0.6265,0.2491
7046,0.8979,0.6441,0.7555,0.9632,0.8152
7047,0.8086,0.8187,0.9151,0.8367,0.3126
7048,0.9354,0.9291,0.9013,0.9961,0.6551
7049,0.8817,0.6831,0.7869,0.8391,0.3508
7050,0.7968,0.9926,0.6178,0.5616,0.5951
7051,0.2482,0.7653,0.6953,0.6242,0.2653
7052,0.4321,0.679,0.6807,0.3505,0.4401
7053,0.213,0.6961,0.374,0.8879,0.6684
7054,0.7952,0.9502,0.9084,0.8024,0.5037
7055,0.9873,0.8573,0.927,0.9383,0.5416
7056,0.245,0.0576,0.405,0.0642,0.0856
7057,0.7192,0.6439,0.6073,0.4188,0.3577
7058,0.6727,0.5189,0.586,0.5538,0.4294
7059,0.5082,0.7282,0.2466,0.1843,0.2659
7060,0.7243,0.6179,0.7095,0.9017,0.5879
7061,0.3704,0.931,0.5937,0.5192,0.6303
7062,0.4309,0.7712,0.6601,0.5292,0.4635
7063,0.8977,0.872,0.8338,0.7673,0.4978
7064,0.697,0.7057,0.4653,0.4339,0.6408
7065,0.9709,0.7883,0.3066,0.8057,0.5555
7066,0.1765,0.5529,0.5164,0.4669,0.5582
7067,0.1499,0.1884,0.5175,0.4349,0.404
7068,0.3534,0.2501,0.4111,0.7942,0.8521
7069,0.9439,0.5629,0.6065,0.6756,0.6482
7070,0.2342,0.733,0.6249,0.1541,0.1335
7071,0.2925,0.3199,0.5045,0.6203,0.7901
7072,0.6325,0.5987,0.6644,0.6424,0.5687
7073,0.7674,0.5857,0.3122,0.6058,0.3476
7074,0.9116,0.9067,0.7599,0.7522,0.6155
7075,0.7621,0.7804,0.7687,0.3551,0.2978
7076,0.1958,0.4066,0.2728,0.4808,0.5235
7077,0.532,0.3859,0.3462,0.6525,0.6142
7078,0.7125,0.1384,0.8898,0.9035,0.7807
7079,0.6612,0.9665,0.1046,0.1147,0.2962
7080,0.7692,0.7826,0.8469,0.889,0.6371
7081,0.6787,0.8947,0.6919,0.9014,0.8837
7082,0.2965,0.8757,0.5053,0.1734,0.3946
7083,0.6143,0.7191,0.7055,0.9364,0.9124
7084,0.862,0.2881,0.9258,0.6848,0.2986
7085,0.3211,0.6177,0.3047,0.4039,0.3483
7086,0.4318,0.8838,0.6785,0.5664,0.5432
7087,0.4261,0.8138,0.2531,0.4313,0.5131
7088,0.7644,0.6002,0.4392,0.2199,0.4303
7089,0.7457,0.7941,0.783,0.4423,0.3082
7090,0.8948,0.729,0.2788,0.0608,0.4276
7091,0.6775,0.3789,0.6822,0.8697,0.609
7092,0.9451,0.2746,0.6435,0.5969,0.2713
7093,0.0327,0.6431,0.0891,0.0999,0.5674
7094,0.8836,0.9348,0.9063,0.7882,0.4781
7095,0.6975,0.6944,0.1048,0.2084,0.7029
7096,0.9751,0.5882,0.8949,0.9078,0.4236
7097,0.9848,0.7481,0.8416,0.9478,0.6088
7098,0.7393,0.67,0.8008,0.759,0.5688
7099,0.9032,0.8147,0.8182,0.9566,0.8501
7100,0.4575,0.7458,0.1703,0.696,0.774
7101,0.6522,0.8395,0.7971,0.8758,0.8132
7102,0.7783,0.426,0.6714,0.6915,0.4862
7103,0.3351,0.195,0.6341,0.6208,0.4094
7104,0.7948,0.779,0.9431,0.8143,0.2504
7105,0.6699,0.6006,0.6774,0.4738,0.5512
7106,0.8172,0.3422,0.418,0.9099,0.72
7107,0.9299,0.8259,0.5024,0.8843,0.6063
7108,0.8453,0.4355,0.8013,0.5135,0.3594
7109,0.9317,0.8068,0.7547,0.7656,0.6724
7110,0.9813,0.8907,0.6496,0.8591,0.7192
7111,0.9496,0.8499,0.582,0.6844,0.5115
7112,0.4629,0.9815,0.6743,0.8963,0.7692
7113,0.8403,0.9322,0.7108,0.9153,0.7101
7114,0.4708,0.9276,0.6903,0.9048,0.8216
7115,0.936,0.927,0.711,0.9284,0.6056
7116,0.2376,0.9752,0.7146,0.8902,0.8938
7117,0.9194,0.7871,0.8358,0.8887,0.8989
7118,0.6812,0.9846,0.5796,0.7236,0.717
7119,0.9484,0.9806,0.973,0.9677,0.645
7120,0.5823,0.9818,0.5353,0.8134,0.6848
7121,0.4707,0.9698,0.3385,0.7466,0.7175
7122,0.562,0.8933,0.5195,0.3885,0.5513
7123,0.9731,0.9451,0.8314,0.9263,0.7683
7124,0.5601,0.1477,0.5875,0.3761,0.4965
7125,0.8539,0.9344,0.6319,0.8544,0.6658
7126,0.7086,0.7703,0.4742,0.4113,0.7226
7127,0.9576,0.912,0.8442,0.8524,0.6052
7128,0.7759,0.9233,0.4077,0.9087,0.8402
7129,0.8717,0.9068,0.9131,0.9331,0.6223
7130,0.9424,0.9288,0.8508,0.9216,0.6342
7131,0.5123,0.743,0.5442,0.6797,0.4895
7132,0.8557,0.769,0.7553,0.8487,0.5648
7133,0.7999,0.9141,0.8532,0.7404,0.5803
7134,0.5278,0.6477,0.7245,0.4209,0.283
7135,0.8524,0.8959,0.3264,0.6878,0.6648
7136,0.4979,0.9285,0.656,0.8585,0.6787
7137,0.4807,0.8748,0.3689,0.423,0.4584
7138,0.238,0.9328,0.5377,0.4814,0.29
7139,0.7284,0.8087,0.4517,0.3678,0.3675
7140,0.9341,0.6938,0.8975,0.9457,0.6783
7141,0.1716,0.6295,0.4076,0.726,0.674
7142,0.9451,0.9671,0.7955,0.939,0.8388
7143,0.7354,0.8818,0.8316,0.7531,0.5186
7144,0.9528,0.8747,0.9203,0.9561,0.6457
7145,0.9356,0.863,0.669,0.9508,0.8744
7146,0.3848,0.9589,0.534,0.5547,0.6178
7147,0.4711,0.8751,0.3259,0.648,0.765
7148,0.9853,0.9773,0.8457,0.9665,0.8097
7149,0.4499,0.983,0.5187,0.6025,0.8223
7150,0.9364,0.756,0.8201,0.8721,0.7093
7151,0.7895,0.9138,0.4875,0.5017,0.7142
7152,0.5221,0.2406,0.5879,0.9146,0.7082
7153,0.1278,0.4392,0.2698,0.7815,0.7704
7154,0.645,0.3474,0.5006,0.4841,0.4273
7155,0.8232,0.8879,0.7494,0.6253,0.579
7156,0.6441,0.9611,0.9799,0.9811,0.6206
7157,0.8236,0.7781,0.9079,0.915,0.6698
7158,0.6763,0.9454,0.6155,0.6174,0.6593
7159,0.6622,0.7472,0.3442,0.2789,0.6734
7160,0.6292,0.8951,0.4406,0.6423,0.682
7161,0.8938,0.6872,0.9578,0.7912,0.2422
7162,0.8486,0.935,0.6869,0.8175,0.6541
7163,0.8295,0.9225,0.878,0.9322,0.6893
7164,0.1789,0.4306,0.3502,0.1994,0.5371
7165,0.6585,0.7985,0.6107,0.7945,0.4446
7166,0.3102,0.7757,0.5064,0.3114,0.4589
7167,0.6384,0.8576,0.9329,0.8145,0.3961
7168,0.822,0.1295,0.7185,0.6977,0.4179
7169,0.7001,0.7736,0.715,0.7724,0.4674
7170,0.5019,0.3719,0.6301,0.7418,0.7228
7171,0.6299,0.5147,0.498,0.7929,0.6227
7172,0.5337,0.5117,0.7586,0.8774,0.738
7173,0.8993,0.7376,0.7386,0.8464,0.6172
7174,0.9179,0.7991,0.7113,0.66,0.5494
7175,0.4909,0.8828,0.8458,0.8314,0.3986
7176,0.3574,0.9714,0.241,0.3355,0.5884
7177,0.415,0.8738,0.8925,0.8876,0.4815
7178,0.614,0.824,0.7492,0.7849,0.6874
7179,0.9159,0.1271,0.9265,0.8285,0.3722
7180,0.3751,0.5406,0.7347,0.5192,0.5191
7181,0.9099,0.966,0.9423,0.828,0.2406
7182,0.6341,0.9669,0.5338,0.8155,0.6709
7183,0.6931,0.7526,0.6208,0.6166,0.5452
7184,0.3011,0.5199,0.5016,0.4886,0.3659
7185,0.2363,0.4337,0.5493,0.5794,0.5677
7186,0.6217,0.8242,0.3276,0.7414,0.7822
7187,0.5492,0.1311,0.6651,0.5926,0.3594
7188,0.1758,0.7487,0.327,0.2783,0.6085
7189,0.9624,0.8534,0.5782,0.9423,0.6532
7190,0.7112,0.8842,0.4242,0.6832,0.3233
7191,0.371,0.1495,0.5274,0.5396,0.7656
7192,0.8895,0.3872,0.5914,0.6074,0.6433
7193,0.6561,0.789,0.4703,0.4857,0.623
7194,0.8986,0.7513,0.5123,0.5041,0.2166
7195,0.4094,0.9368,0.5765,0.6758,0.6906
7196,0.8847,0.8379,0.522,0.3508,0.5624
7197,0.3799,0.8642,0.2756,0.1173,0.1988
7198,0.6352,0.513,0.5716,0.639,0.3408
7199,0.833,0.8004,0.301,0.1886,0.4082
7200,0.7706,0.7976,0.5624,0.5352,0.8381
7201,0.812,0.5388,0.706,0.4149,0.5504
7202,0.3715,0.8375,0.445,0.753,0.7728
7203,0.8709,0.6597,0.5749,0.3209,0.4203
7204,0.3789,0.9537,0.5095,0.7058,0.6205
7205,0.5032,0.2106,0.3402,0.5785,0.5367
7206,0.6603,0.2649,0.472,0.8041,0.7064
7207,0.8483,0.5054,0.5048,0.367,0.2652
7208,0.8421,0.1623,0.4105,0.5763,0.516
7209,0.5113,0.284,0.6054,0.4517,0.2841
7210,0.6395,0.8515,0.6061,0.6417,0.3745
7211,0.9762,0.8966,0.3203,0.3989,0.356
7212,0.5478,0.3118,0.3889,0.4887,0.4551
7213,0.7812,0.819,0.4253,0.7498,0.7912
7214,0.1027,0.452,0.499,0.497,0.5577
7215,0.6405,0.9366,0.6204,0.749,0.6206
7216,0.5938,0.9745,0.4424,0.9544,0.7963
7217,0.9443,0.32,0.5455,0.724,0.5607
7218,0.8902,0.629,0.2524,0.3844,0.7135
7219,0.7161,0.7653,0.8763,0.8438,0.6006
7220,0.5093,0.6274,0.8072,0.9724,0.5708
7221,0.8753,0.7618,0.4578,0.5151,0.5812
7222,0.5388,0.4977,0.6921,0.6537,0.6612
7223,0.386,0.8637,0.3616,0.6092,0.5291
7224,0.5736,0.6765,0.3942,0.5939,0.5005
7225,0.4028,0.6296,0.7651,0.5912,0.5098
7226,0.7515,0.7709,0.7286,0.7132,0.3361
7227,0.841,0.5361,0.8389,0.4972,0.4722
7228,0.28,0.8406,0.2059,0.5304,0.8101
7229,0.6723,0.7228,0.6834,0.5394,0.2919
7230,0.6154,0.5998,0.7658,0.6597,0.6421
7231,0.6912,0.9184,0.1164,0.4706,0.5051
7232,0.7125,0.5846,0.777,0.8744,0.6953
7233,0.7497,0.6993,0.8215,0.8575,0.803
7234,0.6264,0.5038,0.1874,0.1576,0.3573
7235,0.6812,0.7851,0.8425,0.8076,0.8248
7236,0.3895,0.8608,0.2268,0.5285,0.4193
7237,0.8337,0.7014,0.7511,0.5714,0.5182
7238,0.8724,0.4153,0.6798,0.9315,0.7846
7239,0.4169,0.7715,0.1955,0.2162,0.2812
7240,0.9729,0.4153,0.816,0.9135,0.7704
7241,0.866,0.95,0.4302,0.7676,0.4508
7242,0.8374,0.6625,0.6751,0.7835,0.5414
7243,0.7268,0.8555,0.7664,0.8153,0.5097
7244,0.8739,0.8908,0.5374,0.8093,0.599
7245,0.754,0.0978,0.7539,0.1114,0.3273
7246,0.6241,0.8611,0.7796,0.9093,0.5598
7247,0.2465,0.8518,0.288,0.099,0.4713
7248,0.9899,0.3322,0.9395,0.9928,0.644
7249,0.9024,0.9123,0.4963,0.9433,0.7974
7250,0.7845,0.77,0.7259,0.7724,0.6986
7251,0.9057,0.6878,0.8956,0.9889,0.6105
7252,0.9755,0.99,0.848,0.869,0.4998
7253,0.9711,0.1575,0.7248,0.8392,0.6179
7254,0.9125,0.9394,0.8716,0.8827,0.5178
7255,0.3576,0.9073,0.2627,0.2479,0.5119
7256,0.9006,0.9006,0.8087,0.8903,0.6923
7257,0.9002,0.936,0.8212,0.9912,0.8512
7258,0.7169,0.8556,0.7092,0.9545,0.7263
7259,0.9644,0.7285,0.8344,0.9226,0.6763
7260,0.7629,0.2065,0.6143,0.643,0.5202
7261,0.9822,0.983,0.9015,0.9702,0.7867
7262,0.4892,0.9901,0.6194,0.6215,0.5317
7263,0.8161,0.9008,0.5113,0.8559,0.7277
7264,0.8134,0.8261,0.6552,0.9021,0.5459
7265,0.2768,0.8538,0.7938,0.9042,0.8391
7266,0.7533,0.8284,0.6357,0.1643,0.404
7267,0.8809,0.9616,0.4793,0.8443,0.5506
7268,0.5477,0.9536,0.811,0.8439,0.5869
7269,0.9121,0.9346,0.5651,0.9548,0.8471
7270,0.6701,0.9943,0.5767,0.9341,0.8703
7271,0.9305,0.9516,0.6277,0.9222,0.7184
7272,0.8184,0.9859,0.5897,0.9009,0.8548
7273,0.3186,0.949,0.3478,0.5961,0.6828
7274,0.9888,0.883,0.9504,0.9455,0.4608
7275,0.9213,0.7813,0.4352,0.5971,0.4759
7276,0.9831,0.0805,0.8658,0.7306,0.2173
7277,0.7041,0.987,0.4117,0.8771,0.8329
7278,0.7886,0.9695,0.8572,0.9328,0.7399
7279,0.6531,0.9548,0.8048,0.931,0.7099
7280,0.5332,0.941,0.3765,0.9129,0.6657
7281,0.887,0.9694,0.6912,0.8348,0.5853
7282,0.9712,0.9973,0.9058,0.9974,0.6939
7283,0.429,0.9873,0.3838,0.894,0.8159
7284,0.1691,0.5937,0.4583,0.3512,0.3351
7285,0.7467,0.9472,0.5614,0.9406,0.7859
7286,0.5264,0.5568,0.301,0.4784,0.4038
7287,0.8775,0.9454,0.6418,0.8705,0.767
7288,0.9438,0.9621,0.8088,0.9261,0.5032
7289,0.912,0.9071,0.8234,0.9559,0.51
7290,0.3817,0.9749,0.546,0.7696,0.759
7291,0.4945,0.9702,0.661,0.8375,0.5454
7292,0.8086,0.6176,0.8095,0.8659,0.4656
7293,0.8488,0.9764,0.6405,0.9776,0.5698
7294,0.6548,0.7605,0.3201,0.0983,0.3723
7295,0.9354,0.9898,0.8338,0.9968,0.7225
7296,0.428,0.3547,0.8049,0.7965,0.3956
7297,0.7421,0.5187,0.7202,0.5991,0.4973
7298,0.67,0.9632,0.6962,0.8419,0.7087
7299,0.819,0.9342,0.7618,0.836,0.6942
7300,0.9367,0.9962,0.7862,0.7988,0.5717
7301,0.7006,0.9635,0.6847,0.6965,0.5795
7302,0.6304,0.8503,0.1257,0.2215,0.2758
7303,0.5125,0.9172,0.4991,0.9004,0.9037
7304,0.2222,0.9901,0.3225,0.1194,0.473
7305,0.7861,0.9894,0.6042,0.9875,0.7597
7306,0.9731,0.8089,0.3765,0.5158,0.7155
7307,0.0411,0.9339,0.0374,0.0059,0.3678
7308,0.4746,0.9041,0.3759,0.832,0.6986
7309,0.8684,0.9863,0.9215,0.9857,0.5782
7310,0.895,0.9033,0.496,0.6519,0.4849
7311,0.7325,0.9206,0.2437,0.1146,0.4289
7312,0.8463,0.4057,0.7288,0.7039,0.4969
7313,0.5184,0.3842,0.4636,0.7333,0.454
7314,0.7542,0.8662,0.6076,0.4965,0.3146
7315,0.8924,0.8413,0.87,0.9345,0.6987
7316,0.9886,0.3734,0.8039,0.9533,0.7593
7317,0.0171,0.8384,0.0586,0.0372,0.8271
7318,0.9576,0.8741,0.8722,0.9543,0.7045
7319,0.6022,0.5611,0.5698,0.1713,0.3077
7320,0.9757,0.6635,0.7687,0.9761,0.3375
7321,0.8174,0.6043,0.7337,0.8998,0.5076
7322,0.7455,0.5354,0.6607,0.6684,0.5455
7323,0.537,0.1135,0.4477,0.3349,0.2187
7324,0.488,0.8269,0.6396,0.7664,0.3949
7325,0.7287,0.4613,0.7382,0.7202,0.4114
7326,0.9358,0.6426,0.9168,0.9649,0.6363
7327,0.8999,0.8766,0.8266,0.8825,0.3042
7328,0.5999,0.9629,0.7194,0.8102,0.6028
7329,0.3251,0.7322,0.7238,0.7025,0.3255
7330,0.5789,0.7697,0.298,0.5327,0.4623
7331,0.5517,0.976,0.7441,0.9366,0.6295
7332,0.8173,0.9814,0.7062,0.884,0.3675
7333,0.3744,0.8545,0.2969,0.3832,0.6287
7334,0.7226,0.6326,0.7955,0.8941,0.5124
7335,0.1476,0.7696,0.5855,0.4482,0.3897
7336,0.3179,0.1365,0.6397,0.6141,0.299
7337,0.5699,0.7824,0.7471,0.8118,0.4074
7338,0.9032,0.9541,0.7533,0.8519,0.73
7339,0.5681,0.7175,0.4869,0.916,0.6625
7340,0.9268,0.3493,0.9001,0.9764,0.7331
7341,0.8903,0.8566,0.6261,0.9564,0.7261
7342,0.7118,0.9835,0.6045,0.8629,0.5137
7343,0.627,0.8237,0.8533,0.9411,0.726
7344,0.4896,0.7665,0.3501,0.3752,0.1218
7345,0.4567,0.651,0.5703,0.6451,0.6285
7346,0.1222,0.6802,0.3697,0.1099,0.2548
7347,0.6953,0.8703,0.6924,0.6577,0.6537
7348,0.9546,0.3202,0.7121,0.6677,0.6032
7349,0.2868,0.6493,0.3585,0.5474,0.6883
7350,0.8788,0.0477,0.725,0.7209,0.4184
7351,0.5411,0.2069,0.4927,0.5592,0.2909
7352,0.7186,0.8782,0.4704,0.7843,0.5742
7353,0.2743,0.7857,0.3314,0.3703,0.4775
7354,0.232,0.5333,0.6371,0.8176,0.663
7355,0.668,0.1709,0.6336,0.7417,0.5628
7356,0.6565,0.9582,0.6596,0.3618,0.3355
7357,0.6179,0.4641,0.552,0.5639,0.8393
7358,0.6877,0.9175,0.6951,0.5611,0.5859
7359,0.3664,0.5737,0.3371,0.7251,0.7591
7360,0.8996,0.9983,0.976,0.9833,0.8423
7361,0.5274,0.6536,0.7961,0.7973,0.3428
7362,0.3845,0.937,0.2778,0.8004,0.4237
7363,0.5563,0.9353,0.1785,0.2985,0.6412
7364,0.3126,0.6779,0.6237,0.5713,0.4375
7365,0.8583,0.3628,0.2664,0.6873,0.3309
7366,0.6387,0.4638,0.4424,0.504,0.2686
7367,0.2771,0.8562,0.408,0.2146,0.4414
7368,0.4106,0.9166,0.1664,0.532,0.7732
7369,0.527,0.7354,0.8964,0.7242,0.7133
7370,0.2584,0.8301,0.2648,0.3,0.6065
7371,0.0546,0.7948,0.1734,0.0808,0.5038
7372,0.9652,0.6745,0.5355,0.8931,0.7719
7373,0.4884,0.7504,0.1885,0.3723,0.6466
7374,0.7567,0.9558,0.087,0.3655,0.585
7375,0.7406,0.6721,0.8714,0.7605,0.6427
7376,0.9683,0.7821,0.6302,0.9097,0.5432
7377,0.8399,0.6603,0.8601,0.8825,0.7119
7378,0.6819,0.1517,0.9316,0.9691,0.8973
7379,0.2919,0.8192,0.2868,0.4786,0.6717
7380,0.1814,0.4311,0.544,0.6993,0.553
7381,0.9855,0.8018,0.8558,0.5515,0.1434
7382,0.7149,0.7111,0.68,0.743,0.7794
7383,0.2442,0.8829,0.4587,0.886,0.9349
7384,0.7309,0.7624,0.7322,0.8564,0.6691
7385,0.6709,0.9239,0.4393,0.7278,0.3753
7386,0.3115,0.8076,0.6994,0.9265,0.8028
7387,0.9766,0.3661,0.3866,0.3202,0.1605
7388,0.9234,0.475,0.6007,0.4925,0.3494
7389,0.9512,0.8571,0.9688,0.9933,0.6448
7390,0.864,0.8837,0.6424,0.6509,0.4954
7391,0.9811,0.0355,0.7218,0.9607,0.5597
7392,0.9203,0.3853,0.5451,0.7647,0.2011
7393,0.9881,0.7757,0.9588,0.9953,0.9202
7394,0.8758,0.5101,0.5843,0.7522,0.4477
7395,0.9898,0.8082,0.9466,0.8832,0.5345
7396,0.6424,0.9683,0.8888,0.9765,0.8133
7397,0.8829,0.9774,0.7502,0.9734,0.7876
7398,0.8464,0.9671,0.8261,0.7045,0.6015
7399,0.9426,0.894,0.7992,0.9824,0.8556
7400,0.6085,0.3869,0.5784,0.9382,0.6886
7401,0.5531,0.9806,0.8499,0.9512,0.8803
7402,0.8664,0.8817,0.8366,0.5065,0.2794
7403,0.8425,0.9474,0.7041,0.8123,0.7107
7404,0.9757,0.6955,0.9605,0.9198,0.8144
7405,0.5112,0.9667,0.7375,0.9798,0.8335
7406,0.9611,0.8246,0.8388,0.8956,0.4604
7407,0.094,0.972,0.6173,0.8839,0.5253
7408,0.7471,0.5407,0.6711,0.4027,0.0908
7409,0.8538,0.5608,0.8325,0.9415,0.6891
7410,0.4436,0.1427,0.2421,0.291,0.2166
7411,0.6975,0.8901,0.6998,0.4916,0.637
7412,0.676,0.8455,0.6235,0.7674,0.7235
7413,0.7604,0.884,0.8063,0.8591,0.7331
7414,0.3745,0.9548,0.5195,0.8544,0.8984
7415,0.8648,0.988,0.9372,0.8103,0.6467
7416,0.8821,0.958,0.5454,0.8726,0.7434
7417,0.5387,0.9854,0.8199,0.9234,0.6055
7418,0.4908,0.9098,0.6308,0.7933,0.5785
7419,0.4194,0.8946,0.2582,0.6882,0.6524
7420,0.8859,0.9409,0.9263,0.8349,0.5827
7421,0.9836,0.8551,0.8235,0.8252,0.5633
7422,0.8819,0.7061,0.6091,0.4522,0.4455
7423,0.0997,0.9168,0.049,0.33,0.8057
7424,0.9679,0.886,0.9108,0.9326,0.2938
7425,0.9771,0.9638,0.7528,0.78,0.7155
7426,0.1564,0.9864,0.4567,0.882,0.8009
7427,0.9507,0.9828,0.6605,0.8973,0.6102
7428,0.993,0.9487,0.9889,0.985,0.5177
7429,0.4973,0.8885,0.6771,0.629,0.5767
7430,0.291,0.9607,0.1979,0.609,0.7164
7431,0.3971,0.978,0.6696,0.403,0.5253
7432,0.7689,0.7392,0.5711,0.5392,0.4278
7433,0.7363,0.8155,0.3797,0.2847,0.3022
7434,0.9192,0.8576,0.8788,0.7431,0.5677
7435,0.8228,0.9014,0.6736,0.9411,0.7637
7436,0.4195,0.8221,0.4399,0.2343,0.5235
7437,0.5292,0.6152,0.5078,0.71,0.5254
7438,0.994,0.9452,0.9552,0.9681,0.6898
7439,0.9191,0.9476,0.7059,0.7457,0.4181
7440,0.9709,0.7479,0.9336,0.9514,0.4656
7441,0.8769,0.1881,0.8931,0.8547,0.3005
7442,0.9095,0.8959,0.504,0.2196,0.2687
7443,0.9354,0.959,0.7187,0.595,0.5812
7444,0.7919,0.9125,0.8239,0.7295,0.4983
7445,0.218,0.9847,0.2111,0.5261,0.8092
7446,0.9866,0.9852,0.9735,0.9927,0.9566
7447,0.9984,0.9615,0.9949,0.9987,0.8155
7448,0.0148,0.9836,0.0002,0.0004,0.9144
7449,0.9709,0.4057,0.9151,0.9833,0.6549
7450,0.3613,0.9365,0.5204,0.4038,0.4169
7451,0.8676,0.6411,0.8738,0.8585,0.611
7452,0.605,0.4216,0.74,0.5535,0.5869
7453,0.3671,0.7351,0.4799,0.8919,0.7553
7454,0.436,0.8166,0.6906,0.4193,0.4461
7455,0.4623,0.9478,0.3483,0.5738,0.7311
7456,0.3887,0.9095,0.752,0.9259,0.7827
7457,0.0742,0.8971,0.4192,0.2556,0.5137
7458,0.5873,0.5034,0.6721,0.885,0.517
7459,0.9168,0.2471,0.5997,0.892,0.5607
7460,0.5937,0.8362,0.442,0.8876,0.6782
7461,0.7033,0.482,0.8797,0.9565,0.9028
7462,0.5476,0.5155,0.5015,0.9432,0.8651
7463,0.421,0.7169,0.3835,0.599,0.3408
7464,0.773,0.8802,0.5526,0.5553,0.7167
7465,0.6034,0.4419,0.4194,0.4392,0.4615
7466,0.3822,0.9691,0.9298,0.9443,0.8754
7467,0.9413,0.7306,0.7054,0.3865,0.3865
7468,0.9019,0.1403,0.9389,0.6581,0.2547
7469,0.237,0.8306,0.1588,0.307,0.5553
7470,0.988,0.7717,0.9625,0.9401,0.6568
7471,0.9607,0.9487,0.9636,0.9812,0.5665
7472,0.2911,0.7774,0.7627,0.9342,0.5839
7473,0.049,0.9337,0.3833,0.7037,0.7149
7474,0.2677,0.6915,0.5284,0.6617,0.8134
7475,0.1879,0.9081,0.2876,0.6935,0.5564
7476,0.5014,0.9779,0.6562,0.6916,0.6311
7477,0.6993,0.9592,0.8697,0.6767,0.462
7478,0.5996,0.9841,0.8461,0.8914,0.8324
7479,0.7869,0.8578,0.8693,0.8506,0.6274
7480,0.9013,0.7963,0.6279,0.9751,0.7839
7481,0.7974,0.9604,0.8518,0.6003,0.2397
7482,0.3486,0.8907,0.4548,0.4453,0.4848
7483,0.2975,0.9576,0.1369,0.6766,0.7583
7484,0.9464,0.9095,0.556,0.9458,0.824
7485,0.7629,0.4818,0.7954,0.7751,0.3823
7486,0.2572,0.74,0.267,0.7594,0.7204
7487,0.8709,0.497,0.9522,0.8775,0.4247
7488,0.6509,0.9627,0.4587,0.8021,0.5796
7489,0.4559,0.6674,0.6549,0.3663,0.4715
7490,0.8214,0.8634,0.6673,0.8824,0.7763
7491,0.8405,0.9574,0.6489,0.8853,0.6718
7492,0.8368,0.7652,0.6459,0.5538,0.3866
7493,0.4322,0.7298,0.6897,0.8376,0.3499
7494,0.9429,0.3307,0.4873,0.6938,0.6217
7495,0.8266,0.6973,0.4389,0.1412,0.3054
7496,0.7934,0.6193,0.7223,0.4564,0.3986
7497,0.8621,0.3689,0.5766,0.7275,0.6688
7498,0.5292,0.5005,0.5395,0.57,0.5769
7499,0.2562,0.6479,0.4585,0.4173,0.4876
7500,0.3734,0.5358,0.4839,0.5373,0.706
7501,0.2483,0.3036,0.211,0.0236,0.4229
7502,0.7194,0.9408,0.6798,0.7495,0.6655
7503,0.7607,0.3487,0.7077,0.1778,0.3426
7504,0.6918,0.8109,0.7913,0.8585,0.4315
7505,0.8949,0.0158,0.4564,0.1126,0.0753
7506,0.3055,0.1509,0.5691,0.3045,0.5887
7507,0.2327,0.7606,0.1768,0.0776,0.6163
7508,0.9065,0.3666,0.834,0.8347,0.1719
7509,0.7283,0.6723,0.2696,0.0545,0.9296
7510,0.8817,0.3065,0.59,0.1525,0.0893
7511,0.5257,0.3868,0.3806,0.5296,0.5022
7512,0.9287,0.0361,0.8228,0.2268,0.3449
7513,0.1843,0.9948,0.3599,0.9685,0.8041
7514,0.6777,0.6423,0.3243,0.6427,0.5252
7515,0.1033,0.3925,0.4849,0.1835,0.4761
7516,0.8486,0.88,0.5752,0.7474,0.7854
7517,0.3079,0.9243,0.5463,0.7002,0.7836
7518,0.3202,0.9276,0.8295,0.8989,0.4587
7519,0.8081,0.8318,0.6577,0.7171,0.4702
7520,0.9195,0.865,0.4469,0.5572,0.8419
7521,0.6107,0.48,0.8895,0.8062,0.7448
7522,0.2917,0.9337,0.3183,0.6625,0.7628
7523,0.2962,0.9296,0.2621,0.1174,0.6007
7524,0.8225,0.7081,0.6408,0.8025,0.8113
7525,0.83,0.6518,0.7541,0.219,0.843
7526,0.1919,0.8584,0.4836,0.7416,0.2891
7527,0.8493,0.4689,0.8851,0.9028,0.6188
7528,0.7705,0.2798,0.4806,0.4406,0.5449
7529,0.7033,0.8056,0.7781,0.9305,0.5433
7530,0.625,0.8519,0.488,0.9035,0.7664
7531,0.5758,0.7256,0.5064,0.1894,0.1937
7532,0.8162,0.4007,0.7363,0.3211,0.7305
7533,0.8558,0.9143,0.5117,0.5785,0.7937
7534,0.6759,0.4124,0.3228,0.5005,0.7874
7535,0.9203,0.8054,0.8409,0.6098,0.5819
7536,0.26,0.8852,0.0982,0.0588,0.7178
7537,0.8818,0.4713,0.8795,0.9855,0.3716
7538,0.9445,0.52,0.8032,0.8915,0.5816
7539,0.9764,0.8799,0.7209,0.9405,0.8612
7540,0.8609,0.3535,0.8066,0.7795,0.5533
7541,0.9564,0.0327,0.8464,0.605,0.2329
7542,0.5183,0.2473,0.2458,0.127,0.2953
7543,0.9794,0.7996,0.7426,0.9164,0.5523
7544,0.7515,0.5036,0.8706,0.7018,0.8879
7545,0.8324,0.7003,0.6997,0.7079,0.4806
7546,0.856,0.973,0.7321,0.8208,0.4431
7547,0.7408,0.925,0.6312,0.9372,0.8208
7548,0.1008,0.6176,0.493,0.4876,0.4434
7549,0.8261,0.9736,0.7249,0.9275,0.9137
7550,0.519,0.9697,0.5945,0.8625,0.6714
7551,0.9342,0.9275,0.7502,0.989,0.7465
7552,0.5675,0.5485,0.221,0.4489,0.634
7553,0.5906,0.9404,0.5507,0.3081,0.2081
7554,0.6942,0.8299,0.4492,0.561,0.3615
7555,0.934,0.9769,0.8878,0.9613,0.8677
7556,0.9049,0.8837,0.6782,0.9525,0.7163
7557,0.8374,0.9285,0.831,0.9833,0.5796
7558,0.5927,0.9672,0.7653,0.9399,0.7403
7559,0.9763,0.9736,0.7486,0.7767,0.284
7560,0.6078,0.9811,0.5641,0.6901,0.8014
7561,0.9432,0.958,0.5756,0.8949,0.4143
7562,0.7504,0.9714,0.3907,0.8975,0.7179
7563,0.7023,0.9852,0.6427,0.9591,0.9387
7564,0.9648,0.8654,0.9131,0.9664,0.6209
7565,0.9351,0.9523,0.8028,0.9611,0.6163
7566,0.7485,0.186,0.7941,0.7304,0.6068
7567,0.9277,0.8453,0.7381,0.874,0.5812
7568,0.323,0.9558,0.5731,0.418,0.7663
7569,0.8835,0.8259,0.8649,0.8155,0.3092
7570,0.992,0.8542,0.942,0.9989,0.8899
7571,0.9709,0.8475,0.9146,0.9897,0.5791
7572,0.7337,0.4678,0.7268,0.876,0.5678
7573,0.8026,0.98,0.5545,0.5889,0.7121
7574,0.3756,0.7188,0.7226,0.7058,0.6133
7575,0.9182,0.9038,0.9498,0.9772,0.767
7576,0.3346,0.7665,0.6169,0.7688,0.5941
7577,0.5811,0.8955,0.6277,0.6528,0.5482
7578,0.1247,0.4262,0.4547,0.1852,0.5503
7579,0.6347,0.9405,0.5428,0.8919,0.4608
7580,0.3787,0.9023,0.3382,0.6127,0.6492
7581,0.9297,0.774,0.9253,0.9941,0.6871
7582,0.6954,0.8621,0.6383,0.6135,0.3343
7583,0.7351,0.9161,0.5714,0.7881,0.6911
7584,0.4427,0.4765,0.5937,0.5426,0.4758
7585,0.8794,0.85,0.6459,0.9495,0.7829
7586,0.9652,0.3926,0.7565,0.842,0.2447
7587,0.4401,0.5771,0.451,0.2831,0.3908
7588,0.349,0.9661,0.8181,0.8713,0.7025
7589,0.6575,0.9778,0.3898,0.0735,0.4866
7590,0.6799,0.948,0.4587,0.8261,0.9062
7591,0.7836,0.931,0.7977,0.9325,0.4861
7592,0.834,0.9368,0.8798,0.9899,0.8101
7593,0.794,0.6278,0.5799,0.96,0.8704
7594,0.7836,0.9836,0.8499,0.9772,0.7829
7595,0.6212,0.9309,0.6346,0.7305,0.8419
7596,0.4415,0.921,0.3586,0.8253,0.52
7597,0.7946,0.9181,0.6479,0.5111,0.3101
7598,0.6708,0.2768,0.6103,0.4228,0.2271
7599,0.8791,0.9054,0.846,0.9403,0.7483
7600,0.9916,0.8706,0.8726,0.9844,0.6157
7601,0.9718,0.893,0.6923,0.969,0.7073
7602,0.8303,0.3663,0.8851,0.8399,0.2173
7603,0.8493,0.8437,0.6945,0.966,0.371
7604,0.6664,0.4036,0.7401,0.6685,0.3184
7605,0.6148,0.5869,0.7763,0.6701,0.2455
7606,0.863,0.5346,0.7137,0.7511,0.7503
7607,0.4891,0.6137,0.4152,0.8627,0.6163
7608,0.2728,0.9313,0.6075,0.6223,0.6112
7609,0.535,0.7843,0.5999,0.4469,0.3583
7610,0.952,0.533,0.875,0.7829,0.4398
7611,0.9073,0.9188,0.9146,0.9988,0.7416
7612,0.9403,0.9844,0.8389,0.9662,0.648
7613,0.946,0.8762,0.7428,0.6072,0.5226
7614,0.909,0.9869,0.9037,0.9963,0.8259
7615,0.8756,0.8521,0.8946,0.9978,0.6326
7616,0.7922,0.6517,0.6104,0.9902,0.4905
7617,0.3245,0.946,0.7589,0.9713,0.7837
7618,0.8482,0.9711,0.8897,0.9882,0.7209
7619,0.954,0.7471,0.9188,0.2771,0.5393
7620,0.225,0.9863,0.3541,0.4474,0.7754
7621,0.894,0.7484,0.8232,0.9347,0.7824
7622,0.4792,0.5182,0.5632,0.6294,0.7664
7623,0.9613,0.7296,0.9586,0.934,0.4865
7624,0.9174,0.6277,0.6931,0.5822,0.6718
7625,0.9218,0.8255,0.6554,0.9689,0.5072
7626,0.4321,0.4868,0.5482,0.2576,0.4002
7627,0.8677,0.8985,0.469,0.8144,0.5686
7628,0.8836,0.8986,0.752,0.8598,0.694
7629,0.873,0.9238,0.8933,0.9233,0.538
7630,0.6355,0.9563,0.7381,0.2573,0.1733
7631,0.8999,0.7255,0.9072,0.8987,0.4613
7632,0.7069,0.1958,0.9734,0.9618,0.5272
7633,0.1208,0.6624,0.674,0.5136,0.5524
7634,0.5404,0.6713,0.7014,0.5333,0.4543
7635,0.6801,0.5194,0.9451,0.8563,0.5419
7636,0.7779,0.3874,0.8795,0.891,0.5043
7637,0.2658,0.4093,0.538,0.3541,0.4437
7638,0.4074,0.719,0.2587,0.5705,0.6143
7639,0.6881,0.4752,0.3888,0.5214,0.511
7640,0.1969,0.3097,0.1204,0.0483,0.496
7641,0.3088,0.2601,0.369,0.0967,0.5122
7642,0.5882,0.4229,0.4155,0.1238,0.4217
7643,0.0793,0.8672,0.0729,0.1088,0.4312
7644,0.4661,0.6114,0.5114,0.3738,0.3764
7645,0.3383,0.7081,0.5803,0.6431,0.6199
7646,0.352,0.2239,0.4147,0.2077,0.3969
7647,0.5995,0.3475,0.1153,0.0548,0.4634
7648,0.388,0.8106,0.4269,0.4956,0.4741
7649,0.3003,0.6809,0.5843,0.4412,0.5824
7650,0.8495,0.4308,0.1862,0.2641,0.5616
7651,0.3616,0.5377,0.2787,0.3577,0.5539
7652,0.2769,0.3749,0.7429,0.6004,0.5143
7653,0.8227,0.3481,0.6983,0.5491,0.615
7654,0.4971,0.7834,0.2612,0.3647,0.5372
7655,0.482,0.511,0.4794,0.3004,0.458
7656,0.6332,0.569,0.1973,0.1934,0.3468
7657,0.5703,0.2769,0.4794,0.4548,0.4789
7658,0.9184,0.724,0.8405,0.5455,0.4148
7659,0.5767,0.4525,0.6253,0.5818,0.4616
7660,0.6351,0.5518,0.4063,0.8088,0.5604
7661,0.4026,0.654,0.2186,0.4691,0.5844
7662,0.3862,0.2391,0.3457,0.7421,0.5593
7663,0.4947,0.4716,0.4859,0.8197,0.4869
7664,0.7008,0.47,0.7625,0.5829,0.4924
7665,0.3109,0.7246,0.6401,0.7273,0.6454
7666,0.9136,0.5279,0.9494,0.9583,0.5247
7667,0.4259,0.66,0.4643,0.379,0.5642
7668,0.2805,0.81,0.438,0.6196,0.4858
7669,0.5804,0.151,0.6543,0.3263,0.431
7670,0.432,0.3825,0.5557,0.4678,0.4927
7671,0.2158,0.6979,0.8101,0.7266,0.4925
7672,0.9031,0.4761,0.9048,0.9583,0.4339
7673,0.76,0.7094,0.8916,0.5786,0.4676
7674,0.5179,0.3598,0.9702,0.9525,0.5937
7675,0.2189,0.8163,0.1713,0.0611,0.4511
7676,0.6708,0.2958,0.8706,0.8188,0.4259
7677,0.7443,0.6918,0.8864,0.8676,0.4942
7678,0.4355,0.4203,0.4903,0.1545,0.4152
7679,0.5008,0.516,0.8116,0.8742,0.5111
7680,0.6739,0.8397,0.9074,0.8597,0.467
7681,0.8129,0.684,0.6882,0.5911,0.4148
7682,0.247,0.3467,0.0611,0.0593,0.3351
7683,0.5164,0.544,0.8126,0.9256,0.4899
7684,0.1415,0.2736,0.1985,0.245,0.5182
7685,0.6989,0.4456,0.2346,0.1321,0.4577
7686,0.3823,0.3661,0.6012,0.7507,0.61
7687,0.4582,0.1275,0.3862,0.7023,0.5073
7688,0.7197,0.7345,0.6932,0.5805,0.4651
7689,0.5955,0.4953,0.7424,0.7623,0.5177
7690,0.0689,0.5458,0.453,0.5303,0.5877
7691,0.5524,0.7956,0.7976,0.7255,0.4151
7692,0.5821,0.8391,0.7633,0.6411,0.6094
7693,0.3003,0.5763,0.8762,0.9264,0.4933
7694,0.6817,0.3425,0.3642,0.74,0.5962
7695,0.9048,0.6582,0.9641,0.9662,0.3963
7696,0.6123,0.7619,0.1771,0.5493,0.5859
7697,0.9013,0.5553,0.9931,0.9868,0.5224
7698,0.7376,0.732,0.8125,0.8557,0.6609
7699,0.9265,0.6062,0.9546,0.9725,0.5294
7700,0.7097,0.6853,0.9869,0.9768,0.5079
7701,0.1842,0.5021,0.4447,0.3207,0.5277
7702,0.5475,0.6126,0.5675,0.737,0.4734
7703,0.6521,0.5056,0.8285,0.5925,0.3362
7704,0.9304,0.4659,0.9675,0.9157,0.4001
7705,0.5788,0.5752,0.4768,0.3264,0.4208
7706,0.5943,0.8048,0.6382,0.6004,0.5986
7707,0.6174,0.8203,0.9514,0.9904,0.5636
7708,0.8365,0.7335,0.7227,0.6264,0.5968
7709,0.1708,0.7389,0.8555,0.9662,0.5368
7710,0.3308,0.3458,0.8903,0.9315,0.602
7711,0.955,0.2227,0.9747,0.9835,0.3797
7712,0.8974,0.5561,0.974,0.9911,0.3962
7713,0.8534,0.5188,0.957,0.8888,0.6611
7714,0.889,0.532,0.9817,0.9878,0.4995
7715,0.7646,0.5109,0.9956,0.9972,0.5236
7716,0.8191,0.6187,0.7866,0.8504,0.587
7717,0.1686,0.6973,0.273,0.0261,0.5342
7718,0.9516,0.6629,0.9815,0.9737,0.4202
7719,0.6379,0.5229,0.9384,0.9609,0.575
7720,0.1621,0.6434,0.3991,0.6412,0.4664
7721,0.8478,0.6762,0.9093,0.9629,0.3742
7722,0.4671,0.6637,0.9665,0.8776,0.521
7723,0.9655,0.6026,0.9926,0.9841,0.6337
7724,0.4713,0.5965,0.6569,0.5349,0.4293
7725,0.8393,0.6079,0.938,0.9463,0.5213
7726,0.9276,0.522,0.9783,0.993,0.5283
7727,0.7125,0.6631,0.629,0.7864,0.5035
7728,0.7545,0.5938,0.4661,0.8858,0.4639
7729,0.5685,0.4104,0.6447,0.6509,0.4853
7730,0.8297,0.3939,0.929,0.9529,0.4541
7731,0.6374,0.338,0.9119,0.945,0.4604
7732,0.9427,0.383,0.9806,0.9921,0.4324
7733,0.7228,0.1952,0.8551,0.7575,0.4322
7734,0.7996,0.6136,0.52,0.6744,0.4323
7735,0.8052,0.4563,0.8951,0.5866,0.4766
7736,0.7039,0.5478,0.8544,0.9165,0.5926
7737,0.5242,0.328,0.3826,0.1376,0.5036
7738,0.8315,0.8087,0.9909,0.9907,0.5276
7739,0.4461,0.475,0.653,0.9801,0.4334
7740,0.832,0.8783,0.6962,0.2972,0.4848
7741,0.9744,0.6151,0.9947,0.9942,0.5196
7742,0.1904,0.4023,0.6175,0.6157,0.4462
7743,0.7873,0.2376,0.5184,0.5226,0.562
7744,0.8763,0.5532,0.9541,0.9686,0.4632
7745,0.852,0.4195,0.9821,0.9892,0.4367
7746,0.7468,0.4991,0.9416,0.9701,0.4307
7747,0.9713,0.5239,0.9725,0.9879,0.44
7748,0.2213,0.7058,0.8837,0.9362,0.633
7749,0.5787,0.6729,0.4221,0.541,0.5456
7750,0.3477,0.5599,0.4271,0.3584,0.447
7751,0.7102,0.713,0.7488,0.7277,0.5251
7752,0.5219,0.6509,0.9418,0.9116,0.4687
7753,0.8587,0.6389,0.9873,0.9772,0.3903
7754,0.5497,0.7304,0.4772,0.6563,0.5977
7755,0.9314,0.6252,0.986,0.9444,0.4225
7756,0.6893,0.7158,0.796,0.4709,0.4907
7757,0.832,0.8449,0.961,0.9217,0.5113
7758,0.8905,0.3606,0.9605,0.9779,0.4173
7759,0.8395,0.4903,0.8142,0.8791,0.5294
7760,0.7651,0.4812,0.9792,0.9922,0.4867
7761,0.9109,0.4887,0.9974,0.9992,0.4381
7762,0.9003,0.4883,0.9757,0.9832,0.6119
7763,0.813,0.6435,0.9634,0.9632,0.5865
7764,0.9235,0.6674,0.9625,0.9864,0.6189
7765,0.6386,0.8395,0.9626,0.9957,0.5909
7766,0.6147,0.3272,0.449,0.7488,0.6523
7767,0.7848,0.7213,0.9316,0.9543,0.5955
7768,0.9397,0.6666,0.9202,0.9812,0.6646
7769,0.7162,0.7037,0.9687,0.9703,0.5424
7770,0.591,0.9331,0.9665,0.9921,0.5977
7771,0.4682,0.6612,0.7988,0.6597,0.4407
7772,0.5412,0.9409,0.8978,0.9815,0.6197
7773,0.8656,0.9356,0.9218,0.9599,0.6369
7774,0.8389,0.804,0.8035,0.7843,0.4598
7775,0.8381,0.6154,0.9812,0.9738,0.5171
7776,0.5702,0.7344,0.9568,0.9902,0.4769
7777,0.8532,0.7867,0.9943,0.9981,0.6638
7778,0.7458,0.8528,0.7412,0.762,0.4361
7779,0.664,0.7041,0.813,0.9029,0.5171
7780,0.7307,0.6893,0.785,0.8091,0.4261
7781,0.5259,0.8254,0.9861,0.9947,0.5904
7782,0.83,0.7815,0.9637,0.9874,0.6049
7783,0.406,0.6183,0.9201,0.9758,0.5743
7784,0.7919,0.4064,0.5076,0.6714,0.5058
7785,0.7477,0.7116,0.6382,0.696,0.4963
7786,0.6687,0.8504,0.591,0.7772,0.5855
7787,0.4031,0.5178,0.226,0.599,0.5901
7788,0.2439,0.4386,0.6917,0.8431,0.526
7789,0.9376,0.5591,0.9898,0.9515,0.4537
7790,0.7244,0.2449,0.7776,0.8568,0.4959
7791,0.5272,0.6047,0.5409,0.5323,0.6105
7792,0.7702,0.462,0.5926,0.4571,0.5674
7793,0.6666,0.5453,0.441,0.3136,0.5364
7794,0.4319,0.2423,0.2892,0.4488,0.595
7795,0.7596,0.3427,0.8033,0.8013,0.5281
7796,0.4407,0.5413,0.7733,0.7455,0.3906
7797,0.7252,0.4933,0.772,0.8655,0.4551
7798,0.9271,0.687,0.9076,0.7536,0.4987
7799,0.7341,0.4747,0.7359,0.5362,0.3701
7800,0.8197,0.4511,0.6666,0.5726,0.3909
7801,0.3507,0.6914,0.4979,0.6261,0.5647
7802,0.6689,0.5147,0.7652,0.7231,0.4701
7803,0.6839,0.5426,0.4353,0.4187,0.5122
7804,0.4985,0.6219,0.6997,0.5687,0.4976
7805,0.2568,0.6409,0.3407,0.4598,0.5497
7806,0.3884,0.6129,0.2071,0.2669,0.4033
7807,0.5275,0.5676,0.5286,0.4673,0.5031
7808,0.8946,0.4782,0.7953,0.6814,0.4553
7809,0.5317,0.5332,0.3149,0.4663,0.595
7810,0.7893,0.532,0.8776,0.9359,0.5598
7811,0.2761,0.7214,0.237,0.2681,0.4869
7812,0.5659,0.2396,0.6335,0.7758,0.6162
7813,0.4663,0.6474,0.3891,0.5927,0.4944
7814,0.6652,0.5727,0.7366,0.8462,0.5724
7815,0.6355,0.5505,0.6664,0.6029,0.5658
7816,0.5752,0.5389,0.4257,0.261,0.5096
7817,0.7102,0.453,0.5641,0.6071,0.4284
7818,0.4117,0.3404,0.3119,0.4634,0.4347
7819,0.5887,0.6006,0.458,0.4773,0.5609
7820,0.5476,0.6059,0.3599,0.586,0.3814
7821,0.9684,0.5327,0.9527,0.8807,0.4923
7822,0.2283,0.6209,0.4495,0.3468,0.4651
7823,0.4979,0.4048,0.4419,0.3451,0.5285
7824,0.2765,0.5192,0.4384,0.4051,0.4131
7825,0.8159,0.301,0.9179,0.8476,0.4534
7826,0.5561,0.3272,0.7905,0.5768,0.3154
7827,0.1695,0.2227,0.4372,0.4245,0.5371
7828,0.8709,0.5315,0.9628,0.9308,0.3733
7829,0.5184,0.244,0.4605,0.4653,0.4555
7830,0.7598,0.4181,0.6363,0.5523,0.5296
7831,0.5377,0.7919,0.4965,0.7004,0.6267
7832,0.8331,0.6672,0.9509,0.8699,0.3801
7833,0.2706,0.6234,0.3073,0.1213,0.4829
7834,0.7835,0.8003,0.9413,0.8737,0.563
7835,0.4983,0.76,0.4581,0.503,0.5682
7836,0.0414,0.5479,0.0134,0.0193,0.5141
7837,0.7479,0.4474,0.9334,0.9373,0.4004
7838,0.3631,0.4862,0.3674,0.4102,0.4092
7839,0.1786,0.4261,0.3884,0.5232,0.4197
7840,0.6859,0.7091,0.9254,0.9202,0.4706
7841,0.5846,0.4422,0.9856,0.9919,0.4607
7842,0.4898,0.6159,0.9683,0.969,0.4981
7843,0.8695,0.5629,0.9613,0.9654,0.5676
7844,0.5163,0.3041,0.3082,0.1033,0.4132
7845,0.9078,0.4572,0.925,0.9392,0.3409
7846,0.916,0.5977,0.9729,0.9682,0.337
7847,0.7905,0.7005,0.8212,0.9696,0.5418
7848,0.6994,0.727,0.8812,0.9439,0.5752
7849,0.2005,0.3151,0.4802,0.5398,0.6229
7850,0.7867,0.5965,0.9327,0.8928,0.4091
7851,0.6767,0.407,0.5301,0.286,0.3795
7852,0.6133,0.8127,0.7831,0.9409,0.4897
7853,0.7456,0.8285,0.8894,0.9032,0.5227
7854,0.6756,0.6271,0.9728,0.9784,0.4674
7855,0.3084,0.2727,0.3064,0.28,0.4911
7856,0.9104,0.5178,0.8239,0.809,0.4781
7857,0.7559,0.3258,0.7638,0.8945,0.5113
7858,0.9584,0.5309,0.9731,0.9117,0.4605
7859,0.6494,0.652,0.9523,0.9712,0.6372
7860,0.676,0.3622,0.9685,0.9711,0.4731
7861,0.3353,0.7588,0.4965,0.293,0.3802
7862,0.7302,0.3516,0.8697,0.9683,0.5849
7863,0.4718,0.678,0.9441,0.9856,0.5376
7864,0.5787,0.4748,0.68,0.8111,0.5273
7865,0.7945,0.5902,0.9096,0.8127,0.3782
7866,0.9509,0.4117,0.9878,0.9628,0.3736
7867,0.0592,0.7151,0.2029,0.3017,0.5691
7868,0.8468,0.8429,0.9481,0.9548,0.5454
7869,0.459,0.4987,0.821,0.8433,0.4236
7870,0.7509,0.7169,0.8935,0.8583,0.4765
7871,0.7134,0.7236,0.929,0.9597,0.4523
7872,0.8581,0.7499,0.9424,0.9501,0.545
7873,0.8899,0.6105,0.9243,0.9389,0.5572
7874,0.5929,0.6086,0.6874,0.7099,0.6933
7875,0.3258,0.5602,0.4875,0.3887,0.5601
7876,0.9392,0.512,0.948,0.8814,0.4498
7877,0.6251,0.4922,0.9467,0.9729,0.5861
7878,0.4191,0.4952,0.9238,0.9261,0.5276
7879,0.8784,0.7615,0.9858,0.989,0.4837
7880,0.8533,0.6966,0.9455,0.9394,0.4416
7881,0.4381,0.8309,0.7051,0.7144,0.5626
7882,0.6928,0.346,0.944,0.9451,0.3842
7883,0.9105,0.3443,0.9931,0.9739,0.4935
7884,0.8684,0.5362,0.5859,0.4359,0.4772
7885,0.9513,0.7413,0.8979,0.9196,0.4646
7886,0.363,0.4844,0.6324,0.866,0.5269
7887,0.7292,0.2463,0.954,0.8955,0.335
7888,0.8165,0.3434,0.9706,0.9504,0.4605
7889,0.5698,0.7157,0.7105,0.7939,0.4614
7890,0.7882,0.4288,0.9379,0.9601,0.455
7891,0.8523,0.5044,0.952,0.9572,0.5567
7892,0.3956,0.5036,0.8345,0.7894,0.5668
7893,0.4761,0.5737,0.3652,0.7352,0.5223
7894,0.962,0.5272,0.9758,0.9746,0.4239
7895,0.4503,0.6974,0.4405,0.3685,0.3831
7896,0.3441,0.3482,0.4604,0.5034,0.4474
7897,0.6623,0.4374,0.8499,0.6337,0.5103
7898,0.1625,0.7897,0.3074,0.199,0.6026
7899,0.945,0.5057,0.9852,0.9866,0.5091
7900,0.3973,0.5415,0.6367,0.8453,0.4968
7901,0.9455,0.6598,0.9946,0.9959,0.3871
7902,0.7234,0.4357,0.9485,0.9546,0.5987
7903,0.924,0.6038,0.9979,0.9995,0.5101
7904,0.8205,0.4428,0.8887,0.8798,0.4463
7905,0.8043,0.2619,0.9247,0.9185,0.3659
7906,0.6632,0.592,0.8484,0.9045,0.5391
7907,0.6392,0.5726,0.8244,0.7697,0.3472
7908,0.9268,0.7201,0.949,0.9588,0.5514
7909,0.8578,0.5756,0.9171,0.8986,0.4762
7910,0.785,0.5423,0.9568,0.9847,0.5895
7911,0.9733,0.7667,0.9956,0.9986,0.4598
7912,0.6671,0.8629,0.8362,0.9289,0.4857
7913,0.6085,0.679,0.9364,0.9669,0.5102
7914,0.9277,0.8258,0.9817,0.9886,0.6214
7915,0.731,0.6564,0.9238,0.8961,0.398
7916,0.9059,0.5598,0.832,0.804,0.3917
7917,0.6642,0.3072,0.9964,0.999,0.5466
7918,0.3488,0.7046,0.8555,0.922,0.5726
7919,0.7968,0.4276,0.941,0.9374,0.5437
7920,0.4238,0.5607,0.1783,0.078,0.5204
7921,0.5227,0.6716,0.9054,0.9385,0.475
7922,0.6509,0.6852,0.8611,0.8777,0.4289
7923,0.8043,0.6865,0.9844,0.9918,0.5463
7924,0.9246,0.7907,0.9926,0.998,0.5754
7925,0.8612,0.8075,0.9699,0.9651,0.5045
7926,0.6582,0.7349,0.9422,0.9764,0.4428
7927,0.8975,0.7418,0.9694,0.9619,0.4026
7928,0.9493,0.9403,0.9718,0.9834,0.6719
7929,0.6599,0.8283,0.7631,0.9396,0.5728
7930,0.5909,0.7938,0.9059,0.9114,0.4578
7931,0.9408,0.8952,0.9964,0.9969,0.5337
7932,0.9398,0.8938,0.9908,0.9876,0.4884
7933,0.8103,0.9272,0.7878,0.9163,0.6038
7934,0.5813,0.6315,0.9478,0.9659,0.5097
7935,0.8082,0.8598,0.7445,0.8268,0.4041
7936,0.7196,0.6607,0.844,0.7733,0.273
7937,0.6686,0.5183,0.8762,0.867,0.4362
7938,0.7636,0.8535,0.809,0.8551,0.3828
7939,0.8023,0.4131,0.8923,0.9541,0.5365
7940,0.2878,0.7241,0.1512,0.1517,0.5305
7941,0.4116,0.212,0.104,0.1684,0.4673
7942,0.8208,0.82,0.8895,0.9076,0.5124
7943,0.4374,0.7682,0.7232,0.5569,0.4325
7944,0.601,0.7016,0.8339,0.8676,0.543
7945,0.7306,0.8516,0.4674,0.4991,0.4081
7946,0.4255,0.6959,0.6201,0.7388,0.398
7947,0.9169,0.4426,0.3541,0.5274,0.5584
7948,0.3437,0.361,0.2161,0.058,0.4517
7949,0.3117,0.4658,0.7031,0.6644,0.3737
7950,0.7098,0.7698,0.7849,0.8103,0.6758
7951,0.731,0.4433,0.5738,0.3525,0.4176
7952,0.1994,0.7325,0.2049,0.3306,0.6384
7953,0.8273,0.6694,0.7209,0.5395,0.5072
7954,0.3182,0.3013,0.2771,0.2707,0.52
7955,0.3603,0.5078,0.3597,0.3409,0.5085
7956,0.6139,0.7384,0.757,0.9726,0.5308
7957,0.2392,0.5247,0.1394,0.0329,0.4404
7958,0.4145,0.0357,0.8267,0.8227,0.6484
7959,0.3985,0.4369,0.8271,0.717,0.5968
7960,0.9525,0.3899,0.9091,0.9597,0.5314
7961,0.6704,0.5744,0.9058,0.8692,0.4351
7962,0.4572,0.8295,0.51,0.5369,0.4809
7963,0.4026,0.5399,0.488,0.5125,0.5553
7964,0.7809,0.4811,0.7169,0.5771,0.5182
7965,0.2298,0.1998,0.5183,0.513,0.3765
7966,0.5673,0.4409,0.9792,0.759,0.8234
7967,0.6625,0.5388,0.8849,0.8385,0.4974
7968,0.6186,0.5582,0.6275,0.7808,0.537
7969,0.7204,0.3974,0.4537,0.2518,0.4563
7970,0.9038,0.1193,0.8948,0.9302,0.5204
7971,0.7128,0.2595,0.609,0.4348,0.4477
7972,0.1056,0.5934,0.3451,0.1672,0.5204
7973,0.8397,0.3725,0.9493,0.9668,0.5084
7974,0.5688,0.7166,0.7891,0.8988,0.5317
7975,0.5356,0.3061,0.6808,0.9169,0.5351
7976,0.9397,0.6422,0.8337,0.9053,0.4663
7977,0.2726,0.9402,0.0593,0.0909,0.7119
7978,0.3368,0.381,0.8039,0.9042,0.5553
7979,0.4697,0.8328,0.6185,0.4454,0.5518
7980,0.7087,0.2136,0.5306,0.6022,0.4031
7981,0.6697,0.6342,0.5332,0.357,0.3931
7982,0.2578,0.8164,0.6766,0.2455,0.492
7983,0.2452,0.516,0.4733,0.4045,0.4579
7984,0.9329,0.5681,0.96,0.9736,0.5271
7985,0.3591,0.5723,0.4837,0.4007,0.5016
7986,0.2003,0.4136,0.5132,0.4693,0.5525
7987,0.8839,0.697,0.9602,0.9897,0.4435
7988,0.6841,0.7668,0.897,0.9683,0.6031
7989,0.9373,0.6462,0.9238,0.9648,0.4418
7990,0.4101,0.6899,0.4444,0.4829,0.5409
7991,0.8617,0.6606,0.9866,0.9811,0.4468
7992,0.5967,0.6807,0.796,0.8194,0.4654
7993,0.0276,0.68,0.4133,0.4849,0.522
7994,0.9657,0.858,0.96,0.9509,0.6433
7995,0.8886,0.4318,0.9828,0.9784,0.4213
7996,0.8856,0.3483,0.5414,0.4076,0.443
7997,0.2462,0.597,0.2183,0.1709,0.5676
7998,0.2086,0.7398,0.5191,0.5756,0.5807
7999,0.2127,0.7397,0.38,0.6279,0.5403
8000,0.7323,0.8279,0.9514,0.9808,0.6255
8001,0.0594,0.946,0.2122,0.5328,0.4738
8002,0.4847,0.3757,0.6357,0.3346,0.4102
8003,0.6785,0.5707,0.5859,0.4973,0.4371
8004,0.1416,0.7924,0.3244,0.5289,0.6417
8005,0.737,0.3368,0.8659,0.9051,0.4145
8006,0.2162,0.4192,0.569,0.7289,0.5843
8007,0.9307,0.3698,0.9675,0.9612,0.3854
8008,0.9176,0.6576,0.9376,0.939,0.4258
8009,0.8321,0.8167,0.7328,0.8577,0.5674
8010,0.74,0.5348,0.8061,0.6466,0.6158
8011,0.5602,0.4727,0.4842,0.7037,0.4435
8012,0.3738,0.2004,0.6928,0.8147,0.4247
8013,0.785,0.5343,0.9243,0.9718,0.6031
8014,0.6909,0.3664,0.9807,0.9745,0.4334
8015,0.9075,0.5814,0.9935,0.9909,0.4252
8016,0.9543,0.5297,0.9895,0.9824,0.411
8017,0.4295,0.2694,0.806,0.8614,0.4196
8018,0.2495,0.3941,0.7359,0.7444,0.496
8019,0.7321,0.4286,0.923,0.9458,0.5508
8020,0.8945,0.7194,0.9245,0.9618,0.4639
8021,0.8672,0.3566,0.9497,0.9443,0.4185
8022,0.8882,0.5398,0.9749,0.9756,0.4703
8023,0.9786,0.7247,0.9759,0.9814,0.5324
8024,0.7254,0.72,0.8946,0.9197,0.5944
8025,0.473,0.5861,0.7118,0.7846,0.4689
8026,0.6441,0.3693,0.8942,0.905,0.4701
8027,0.8892,0.515,0.9803,0.9906,0.515
8028,0.8821,0.631,0.9626,0.9702,0.4239
8029,0.2115,0.7201,0.4805,0.8186,0.5871
8030,0.3837,0.5112,0.1762,0.2381,0.5283
8031,0.5881,0.7057,0.9505,0.9673,0.6169
8032,0.8195,0.467,0.944,0.9563,0.4756
8033,0.908,0.4884,0.9644,0.9908,0.5467
8034,0.7421,0.6595,0.6435,0.9209,0.4037
8035,0.0741,0.7237,0.0355,0.0562,0.4889
8036,0.6951,0.7211,0.696,0.7568,0.6122
8037,0.8675,0.3641,0.9738,0.9718,0.4656
8038,0.9415,0.5024,0.9666,0.9559,0.4821
8039,0.785,0.719,0.6399,0.7392,0.5449
8040,0.6743,0.3962,0.6721,0.7999,0.38
8041,0.8931,0.2189,0.9861,0.9886,0.4365
8042,0.8419,0.7757,0.7892,0.6344,0.4933
8043,0.9545,0.5885,0.9674,0.9906,0.514
8044,0.7376,0.4117,0.7832,0.6885,0.4877
8045,0.8929,0.2803,0.8849,0.9511,0.522
8046,0.9266,0.8215,0.9197,0.9837,0.5685
8047,0.8085,0.3912,0.9339,0.9098,0.4958
8048,0.7615,0.7966,0.6593,0.6919,0.5176
8049,0.892,0.694,0.9295,0.9624,0.5155
8050,0.9214,0.4824,0.5491,0.6136,0.5341
8051,0.4135,0.5958,0.8332,0.7925,0.4226
8052,0.3048,0.6408,0.533,0.7593,0.5766
8053,0.9078,0.6034,0.8748,0.7521,0.4848
8054,0.9447,0.3461,0.875,0.9838,0.406
8055,0.6643,0.5637,0.9488,0.8972,0.5329
8056,0.7597,0.293,0.7544,0.8663,0.5353
8057,0.8236,0.7693,0.9435,0.9675,0.4686
8058,0.3467,0.3107,0.6593,0.731,0.473
8059,0.9073,0.2397,0.9912,0.9912,0.4816
8060,0.4211,0.5726,0.9333,0.9795,0.5305
8061,0.8879,0.5251,0.985,0.9934,0.5325
8062,0.7367,0.4803,0.9957,0.9976,0.5056
8063,0.7658,0.8924,0.8511,0.7888,0.5017
8064,0.7072,0.3624,0.9273,0.9362,0.4439
8065,0.761,0.5395,0.796,0.9042,0.4683
8066,0.1938,0.3829,0.2152,0.2971,0.6111
8067,0.6999,0.6449,0.9331,0.9556,0.5767
8068,0.8874,0.8609,0.8462,0.9493,0.6588
8069,0.8012,0.3035,0.9867,0.9959,0.4714
8070,0.7532,0.576,0.8715,0.9449,0.5392
8071,0.7956,0.6351,0.7949,0.7996,0.5207
8072,0.9821,0.5475,0.996,0.9987,0.5574
8073,0.8621,0.8396,0.9022,0.9563,0.5454
8074,0.3683,0.8481,0.7987,0.9342,0.5424
8075,0.9498,0.8604,0.9522,0.9861,0.547
8076,0.9636,0.5907,0.911,0.9145,0.5618
8077,0.8363,0.7726,0.986,0.991,0.4408
8078,0.319,0.5897,0.4822,0.5994,0.4
8079,0.8323,0.9215,0.7578,0.7657,0.5835
8080,0.6853,0.7985,0.9775,0.9768,0.4562
8081,0.8029,0.5642,0.718,0.574,0.4394
8082,0.8926,0.8952,0.8343,0.9091,0.5923
8083,0.7655,0.6924,0.9341,0.9641,0.5051
8084,0.8136,0.8802,0.9965,0.9982,0.5755
8085,0.7958,0.8966,0.9315,0.9669,0.4653
8086,0.8501,0.4251,0.9126,0.9211,0.6455
8087,0.9614,0.8662,0.9645,0.9745,0.4816
8088,0.4261,0.3352,0.4215,0.8011,0.5437
8089,0.2619,0.9248,0.2837,0.3687,0.5776
8090,0.8885,0.2149,0.9432,0.9258,0.4285
8091,0.2885,0.4862,0.5366,0.3434,0.5121
8092,0.8984,0.4864,0.8695,0.8449,0.4558
8093,0.1999,0.6699,0.6309,0.2493,0.6364
8094,0.2615,0.5428,0.3846,0.5237,0.5035
8095,0.4664,0.6691,0.3676,0.3823,0.5375
8096,0.5095,0.6802,0.5697,0.2141,0.4741
8097,0.727,0.4248,0.4712,0.2445,0.5788
8098,0.8667,0.5359,0.8926,0.8847,0.5026
8099,0.7044,0.5534,0.7238,0.8695,0.4033
8100,0.6298,0.5521,0.9297,0.8654,0.529
8101,0.5189,0.634,0.9287,0.9698,0.4964
8102,0.7763,0.4343,0.4894,0.5301,0.5517
8103,0.4752,0.6894,0.5964,0.6124,0.5182
8104,0.3815,0.6698,0.3031,0.2206,0.5169
8105,0.6486,0.3718,0.8659,0.8136,0.3561
8106,0.7819,0.557,0.7277,0.8493,0.5702
8107,0.9194,0.6087,0.5085,0.6762,0.4175
8108,0.3658,0.8433,0.1335,0.8164,0.6531
8109,0.5954,0.5718,0.5246,0.6841,0.5054
8110,0.765,0.4719,0.762,0.5059,0.5446
8111,0.4847,0.6036,0.5307,0.3265,0.4697
8112,0.3237,0.3691,0.0507,0.0196,0.5334
8113,0.6453,0.7507,0.4608,0.3708,0.4024
8114,0.6043,0.4233,0.5182,0.3935,0.5002
8115,0.2538,0.4078,0.2376,0.1428,0.4893
8116,0.498,0.4745,0.3187,0.212,0.4492
8117,0.5569,0.5264,0.7665,0.6097,0.5205
8118,0.8607,0.7293,0.7854,0.642,0.4265
8119,0.5789,0.1679,0.5883,0.6034,0.5193
8120,0.7033,0.5163,0.8229,0.6556,0.4843
8121,0.7244,0.7679,0.7914,0.8333,0.4767
8122,0.759,0.7346,0.8383,0.9227,0.5526
8123,0.7269,0.2985,0.8136,0.5524,0.4611
8124,0.8142,0.2546,0.699,0.7942,0.5744
8125,0.0973,0.4573,0.1751,0.2528,0.5319
8126,0.657,0.5942,0.9144,0.9795,0.4444
8127,0.6974,0.5005,0.8023,0.9091,0.5237
8128,0.7143,0.6617,0.6342,0.9072,0.4826
8129,0.3725,0.7359,0.8622,0.5803,0.4981
8130,0.8837,0.4879,0.9406,0.9379,0.4998
8131,0.632,0.9156,0.4477,0.4234,0.5254
8132,0.3568,0.5826,0.19,0.3227,0.5074
8133,0.4353,0.2881,0.505,0.9979,0.598
8134,0.662,0.3182,0.8543,0.7022,0.4634
8135,0.6666,0.3532,0.5921,0.7945,0.4875
8136,0.7949,0.4856,0.806,0.0138,0.3975
8137,0.6216,0.1983,0.7003,0.2276,0.4828
8138,0.6341,0.2171,0.4053,0.3687,0.5453
8139,0.1813,0.3036,0.2494,0.439,0.4539
8140,0.5788,0.4471,0.3506,0.4551,0.4448
8141,0.8454,0.4889,0.9485,0.9347,0.5415
8142,0.5826,0.3386,0.9496,0.9898,0.4432
8143,0.9121,0.5909,0.9805,0.9842,0.4724
8144,0.4945,0.4936,0.7365,0.956,0.5367
8145,0.7111,0.6788,0.6434,0.8925,0.5619
8146,0.6573,0.4166,0.9542,0.949,0.5228
8147,0.845,0.5895,0.4232,0.4771,0.4105
8148,0.8496,0.4225,0.6814,0.6055,0.4844
8149,0.9809,0.3675,0.9705,0.9602,0.3876
8150,0.9616,0.7038,0.9915,0.9942,0.6005
8151,0.688,0.1181,0.7859,0.5205,0.4893
8152,0.6884,0.5451,0.7367,0.5455,0.5476
8153,0.7169,0.6143,0.959,0.9948,0.5408
8154,0.878,0.5739,0.9791,0.9548,0.457
8155,0.2951,0.4952,0.7687,0.7672,0.4023
8156,0.8851,0.7302,0.9703,0.9904,0.4453
8157,0.9218,0.6559,0.9848,0.9967,0.5744
8158,0.8201,0.456,0.9754,0.9328,0.4787
8159,0.9476,0.5933,0.9787,0.9857,0.5891
8160,0.9437,0.6418,0.9661,0.9866,0.4377
8161,0.7789,0.3245,0.9396,0.9076,0.4925
8162,0.6866,0.6597,0.7816,0.831,0.4341
8163,0.904,0.5884,0.9692,0.9806,0.5547
8164,0.7262,0.5628,0.7283,0.829,0.5443
8165,0.8682,0.7206,0.9105,0.8929,0.4498
8166,0.8144,0.4963,0.9514,0.9596,0.5158
8167,0.3751,0.7808,0.5122,0.6871,0.5789
8168,0.8244,0.7924,0.9808,0.9939,0.5481
8169,0.7407,0.7258,0.6832,0.8319,0.5453
8170,0.9205,0.4828,0.9551,0.9791,0.5252
8171,0.5603,0.6948,0.9064,0.8657,0.5599
8172,0.7607,0.7393,0.9591,0.9353,0.4822
8173,0.3898,0.7161,0.4345,0.6103,0.5409
8174,0.8367,0.4868,0.9828,0.9817,0.5243
8175,0.8502,0.3538,0.8704,0.9766,0.4541
8176,0.7477,0.5299,0.8764,0.9397,0.5419
8177,0.2398,0.7707,0.6545,0.8727,0.4957
8178,0.8242,0.4046,0.936,0.9635,0.4296
8179,0.7766,0.4839,0.8867,0.6926,0.5173
8180,0.7172,0.5973,0.7415,0.4838,0.5878
8181,0.8862,0.5069,0.9481,0.9676,0.5775
8182,0.9501,0.5072,0.982,0.941,0.4858
8183,0.7185,0.5055,0.7918,0.6445,0.408
8184,0.9042,0.6289,0.976,0.9973,0.4854
8185,0.9114,0.5116,0.9231,0.9137,0.5447
8186,0.9309,0.514,0.9824,0.9705,0.472
8187,0.6124,0.7297,0.7173,0.7975,0.4608
8188,0.5963,0.5886,0.6417,0.4196,0.443
8189,0.188,0.5147,0.4212,0.6497,0.5155
8190,0.5118,0.7795,0.8834,0.8785,0.4867
8191,0.847,0.4827,0.9831,0.9916,0.3884
8192,0.8996,0.3325,0.8299,0.9413,0.5595
8193,0.6404,0.4158,0.709,0.7998,0.5731
8194,0.439,0.5714,0.1987,0.3389,0.4663
8195,0.6165,0.3472,0.7722,0.7932,0.477
8196,0.3572,0.5895,0.4273,0.5073,0.5846
8197,0.9532,0.5434,0.8171,0.884,0.5205
8198,0.3338,0.5975,0.117,0.2051,0.5355
8199,0.5104,0.595,0.4811,0.755,0.4884
8200,0.4961,0.7664,0.6034,0.5784,0.5675
8201,0.7757,0.4815,0.4685,0.875,0.5265
8202,0.4679,0.8192,0.8664,0.4122,0.5089
8203,0.8575,0.5306,0.9163,0.9248,0.5277
8204,0.5362,0.5972,0.4515,0.272,0.5099
8205,0.871,0.5137,0.9429,0.8129,0.5332
8206,0.8501,0.4666,0.9319,0.9361,0.4471
8207,0.5782,0.197,0.9623,0.9806,0.5296
8208,0.9076,0.693,0.9825,0.9531,0.5311
8209,0.9187,0.5193,0.9976,0.9988,0.5499
8210,0.6498,0.8667,0.9382,0.9612,0.559
8211,0.8509,0.8149,0.9054,0.8377,0.4425
8212,0.4396,0.6542,0.8603,0.8576,0.671
8213,0.928,0.5333,0.9301,0.9184,0.5393
8214,0.5724,0.593,0.4967,0.4477,0.4683
8215,0.6175,0.5227,0.9579,0.9618,0.4946
8216,0.952,0.493,0.9969,0.9977,0.4878
8217,0.6191,0.4742,0.9612,0.9962,0.5294
8218,0.8533,0.756,0.9317,0.9564,0.5787
8219,0.9448,0.691,0.996,0.9987,0.5381
8220,0.3902,0.7443,0.9714,0.9965,0.5526
8221,0.8584,0.524,0.9896,0.9814,0.5117
8222,0.8025,0.77,0.8697,0.9209,0.4928
8223,0.5944,0.6782,0.9658,0.9835,0.541
8224,0.5953,0.6324,0.9691,0.9866,0.5575
8225,0.5819,0.837,0.9287,0.9705,0.5415
8226,0.5688,0.4329,0.949,0.9476,0.5112
8227,0.7359,0.7304,0.6215,0.86,0.5379
8228,0.3133,0.8422,0.4049,0.5899,0.5382
8229,0.634,0.879,0.8982,0.9015,0.5178
8230,0.8884,0.8481,0.8506,0.9493,0.5083
8231,0.8126,0.4943,0.9522,0.9736,0.4891
8232,0.2654,0.767,0.2182,0.1347,0.471
8233,0.7618,0.7658,0.9768,0.9865,0.5164
8234,0.9309,0.3966,0.9972,0.9979,0.5635
8235,0.8959,0.7363,0.9296,0.9445,0.5544
8236,0.9419,0.8908,0.9349,0.9805,0.5716
8237,0.5418,0.4924,0.9752,0.9939,0.4955
8238,0.7545,0.6732,0.9318,0.9223,0.5588
8239,0.8736,0.5787,0.8662,0.926,0.5347
8240,0.5787,0.682,0.2255,0.359,0.4013
8241,0.6332,0.5986,0.3858,0.6598,0.4602
8242,0.522,0.7157,0.6646,0.5623,0.4174
8243,0.5718,0.5294,0.411,0.3476,0.4448
8244,0.3859,0.5097,0.7087,0.5794,0.4693
8245,0.8618,0.7275,0.9691,0.9347,0.5377
8246,0.2785,0.243,0.5078,0.2701,0.4905
8247,0.7529,0.651,0.9473,0.9274,0.4671
8248,0.9101,0.1356,0.9211,0.7394,0.3986
8249,0.9198,0.7466,0.8127,0.7884,0.487
8250,0.2155,0.3851,0.3413,0.4479,0.4738
8251,0.2077,0.1653,0.0553,0.1182,0.4398
8252,0.8931,0.7021,0.962,0.9267,0.4464
8253,0.351,0.3346,0.2941,0.1829,0.4049
8254,0.8892,0.2529,0.8981,0.9615,0.541
8255,0.6173,0.7616,0.553,0.5143,0.4778
8256,0.9279,0.6206,0.888,0.8374,0.4157
8257,0.8164,0.5193,0.7808,0.8566,0.4092
8258,0.1917,0.6757,0.3638,0.4221,0.6041
8259,0.0893,0.8506,0.3722,0.5553,0.4998
8260,0.1787,0.8202,0.1461,0.2643,0.5309
8261,0.1588,0.607,0.0415,0.0479,0.4994
8262,0.4325,0.5629,0.4438,0.6546,0.4647
8263,0.589,0.3189,0.7858,0.7628,0.4414
8264,0.4723,0.6906,0.279,0.4842,0.6169
8265,0.6646,0.4067,0.4717,0.4036,0.4268
8266,0.733,0.525,0.7099,0.5172,0.4467
8267,0.6208,0.6395,0.4435,0.6955,0.4616
8268,0.2095,0.4806,0.1007,0.1266,0.5299
8269,0.0728,0.573,0.2096,0.315,0.6085
8270,0.0585,0.689,0.2114,0.1295,0.4752
8271,0.3289,0.2135,0.2388,0.3408,0.5496
8272,0.306,0.7662,0.3051,0.3651,0.5336
8273,0.1911,0.3688,0.3529,0.2114,0.494
8274,0.0975,0.642,0.414,0.5165,0.5477
8275,0.1311,0.7078,0.0749,0.0425,0.4494
8276,0.7679,0.6885,0.8108,0.9113,0.5416
8277,0.6711,0.2839,0.4279,0.4,0.5119
8278,0.6787,0.6485,0.9412,0.911,0.4636
8279,0.3419,0.7824,0.1674,0.2367,0.4721
8280,0.5993,0.3347,0.5823,0.8076,0.5543
8281,0.8707,0.473,0.9258,0.9422,0.4944
8282,0.9274,0.7445,0.9919,0.9905,0.5543
8283,0.2051,0.286,0.1237,0.1255,0.5382
8284,0.4309,0.1643,0.2512,0.4163,0.4688
8285,0.1494,0.5264,0.0295,0.0486,0.5042
8286,0.2502,0.3942,0.4755,0.3526,0.4701
8287,0.5053,0.3913,0.298,0.4961,0.5017
8288,0.5779,0.6546,0.7276,0.6466,0.4796
8289,0.1957,0.7459,0.166,0.2733,0.6149
8290,0.5831,0.8782,0.1347,0.2934,0.6149
8291,0.4794,0.6649,0.4068,0.4075,0.5644
8292,0.7719,0.3214,0.6294,0.7492,0.4963
8293,0.7751,0.6484,0.7139,0.5134,0.6
8294,0.5809,0.5657,0.6039,0.6665,0.5637
8295,0.2106,0.5826,0.4082,0.3201,0.4257
8296,0.3646,0.6255,0.2837,0.3334,0.5133
8297,0.8041,0.4382,0.9294,0.8686,0.5639
8298,0.5968,0.5519,0.8281,0.6971,0.4459
8299,0.8805,0.4972,0.7384,0.7415,0.4961
8300,0.9338,0.551,0.989,0.9885,0.5009
8301,0.5334,0.5194,0.5132,0.5683,0.4441
8302,0.1664,0.812,0.5006,0.7807,0.5443
8303,0.4193,0.6218,0.5497,0.6521,0.599
8304,0.9564,0.7564,0.9625,0.9726,0.5682
8305,0.7986,0.5814,0.9878,0.992,0.5398
8306,0.1939,0.3646,0.3855,0.6151,0.5606
8307,0.9352,0.8438,0.9888,0.9871,0.5463
8308,0.8423,0.787,0.982,0.981,0.5414
8309,0.8029,0.5723,0.9722,0.9813,0.4514
8310,0.9493,0.4763,0.9683,0.9819,0.4222
8311,0.4568,0.6787,0.8013,0.8981,0.5294
8312,0.7222,0.6467,0.9837,0.9903,0.5186
8313,0.0937,0.7971,0.4212,0.5046,0.5222
8314,0.9763,0.7898,0.9827,0.9896,0.4824
8315,0.8202,0.3707,0.9852,0.9896,0.4736
8316,0.4199,0.2634,0.9556,0.9552,0.5066
8317,0.5628,0.8605,0.8698,0.9441,0.5346
8318,0.7202,0.5558,0.9517,0.9631,0.4202
8319,0.7666,0.3833,0.8994,0.7252,0.6536
8320,0.9545,0.6772,0.9856,0.9904,0.5106
8321,0.5959,0.6405,0.9086,0.949,0.5484
8322,0.8744,0.4348,0.9307,0.9599,0.4361
8323,0.8275,0.8615,0.8851,0.9449,0.5186
8324,0.8956,0.5854,0.9736,0.9844,0.4647
8325,0.5089,0.5504,0.7906,0.8662,0.5427
8326,0.9383,0.5524,0.9721,0.9699,0.5814
8327,0.6734,0.146,0.6821,0.3302,0.4054
8328,0.473,0.6381,0.9411,0.8835,0.4913
8329,0.8006,0.3934,0.9683,0.9716,0.4281
8330,0.9748,0.2435,0.9942,0.9807,0.4279
8331,0.3943,0.5534,0.6239,0.7033,0.5486
8332,0.6756,0.4611,0.7071,0.6677,0.4998
8333,0.9441,0.6099,0.9972,0.9968,0.5852
8334,0.3807,0.5217,0.6082,0.5584,0.5854
8335,0.7501,0.557,0.7529,0.7143,0.5538
8336,0.3122,0.67,0.5399,0.6604,0.5272
8337,0.9821,0.576,0.976,0.9768,0.4906
8338,0.923,0.203,0.9834,0.9825,0.504
8339,0.786,0.2321,0.7569,0.7492,0.4531
8340,0.3855,0.5299,0.7963,0.8479,0.5192
8341,0.8479,0.5604,0.9127,0.9121,0.4933
8342,0.8723,0.2626,0.9073,0.944,0.4422
8343,0.4424,0.6296,0.7681,0.5001,0.4464
8344,0.8948,0.4427,0.9739,0.9731,0.4602
8345,0.9841,0.6328,0.9683,0.9751,0.5301
8346,0.8486,0.5433,0.9296,0.9513,0.5529
8347,0.9849,0.4774,0.9649,0.9802,0.5036
8348,0.9425,0.5771,0.99,0.9934,0.5541
8349,0.901,0.4726,0.9256,0.9612,0.4291
8350,0.9032,0.6616,0.9517,0.9501,0.4629
8351,0.3999,0.5197,0.49,0.4425,0.4972
8352,0.5325,0.4016,0.9075,0.9269,0.4206
8353,0.5157,0.2048,0.7913,0.7355,0.4796
8354,0.8053,0.557,0.5822,0.6889,0.4651
8355,0.5833,0.6809,0.9568,0.9573,0.5415
8356,0.9845,0.4346,0.9922,0.9947,0.5387
8357,0.3002,0.7102,0.8398,0.9115,0.528
8358,0.5946,0.6746,0.6135,0.7607,0.5437
8359,0.8811,0.8059,0.797,0.9514,0.6794
8360,0.9027,0.4752,0.777,0.9274,0.6342
8361,0.8391,0.5299,0.9745,0.9825,0.4979
8362,0.3155,0.7665,0.292,0.2854,0.5189
8363,0.9329,0.86,0.8183,0.7646,0.4547
8364,0.2765,0.6721,0.4978,0.742,0.5181
8365,0.2565,0.7994,0.8495,0.9289,0.5224
8366,0.8432,0.8274,0.9356,0.9735,0.5612
8367,0.8275,0.7931,0.9077,0.966,0.5324
8368,0.6006,0.7125,0.9307,0.9673,0.5891
8369,0.8758,0.6743,0.9524,0.9733,0.5623
8370,0.8955,0.7476,0.9779,0.9702,0.4874
8371,0.5403,0.9051,0.9209,0.9676,0.5298
8372,0.882,0.8646,0.9692,0.9884,0.5465
8373,0.1888,0.8132,0.6221,0.7666,0.521
8374,0.9776,0.6462,0.9855,0.9835,0.4493
8375,0.8495,0.7207,0.8115,0.8777,0.4936
8376,0.8957,0.741,0.8626,0.889,0.5042
8377,0.317,0.7138,0.9456,0.9844,0.4868
8378,0.5029,0.7432,0.8627,0.9277,0.4859
8379,0.7657,0.6549,0.9376,0.9669,0.5309
8380,0.9127,0.8264,0.9767,0.9812,0.5025
8381,0.7041,0.8855,0.9256,0.9694,0.5289
8382,0.9395,0.7145,0.9938,0.9974,0.5184
8383,0.8968,0.662,0.9852,0.9965,0.3893
8384,0.8721,0.9197,0.9802,0.9427,0.3893
8385,0.4361,0.8625,0.8925,0.9493,0.5201
8386,0.9501,0.7524,0.9567,0.9656,0.4429
8387,0.4589,0.8316,0.8826,0.9523,0.5807
8388,0.9682,0.8832,0.9989,0.998,0.5023
8389,0.9574,0.8257,0.9945,0.9961,0.5075
8390,0.8177,0.5147,0.9011,0.9635,0.506
8391,0.7535,0.8772,0.9634,0.9638,0.506
8392,0.6825,0.378,0.5901,0.6048,0.5456
8393,0.8797,0.4682,0.9391,0.9654,0.4839
8394,0.8466,0.5629,0.8864,0.9069,0.5091
8395,0.327,0.523,0.5377,0.3316,0.4749
8396,0.3396,0.4785,0.7188,0.8009,0.3885
8397,0.766,0.381,0.4208,0.6828,0.6018
8398,0.8113,0.2317,0.7481,0.8309,0.459
8399,0.9487,0.3458,0.8488,0.9359,0.4999
8400,0.3059,0.4244,0.766,0.8885,0.4129
8401,0.6786,0.4166,0.115,0.1133,0.6225
8402,0.1836,0.5702,0.1513,0.0873,0.4772
8403,0.9223,0.2509,0.7929,0.9348,0.4675
8404,0.7373,0.6088,0.8014,0.9326,0.3542
8405,0.2175,0.6394,0.5441,0.3517,0.4928
8406,0.7307,0.5366,0.6526,0.8989,0.5381
8407,0.9116,0.4622,0.9684,0.9473,0.4366
8408,0.5792,0.4994,0.128,0.0452,0.4576
8409,0.1673,0.4194,0.7591,0.8524,0.4323
8410,0.6324,0.3104,0.529,0.3546,0.4743
8411,0.3806,0.3791,0.2705,0.2989,0.4124
8412,0.4526,0.4507,0.4165,0.3083,0.5689
8413,0.7978,0.4076,0.8543,0.9379,0.5307
8414,0.5952,0.6212,0.6118,0.3782,0.5919
8415,0.8695,0.5512,0.7124,0.9435,0.5597
8416,0.8293,0.3862,0.6224,0.8426,0.5224
8417,0.8197,0.5376,0.9857,0.9684,0.4191
8418,0.4123,0.4755,0.6591,0.8179,0.5098
8419,0.2887,0.5742,0.1835,0.2962,0.5309
8420,0.462,0.4488,0.1693,0.2606,0.5505
8421,0.7774,0.4878,0.9059,0.9574,0.4546
8422,0.4051,0.6438,0.6618,0.6655,0.5139
8423,0.9172,0.3387,0.7586,0.8337,0.4846
8424,0.3191,0.3189,0.6563,0.472,0.4292
8425,0.6766,0.2805,0.606,0.4258,0.353
8426,0.7316,0.3827,0.6199,0.8131,0.6044
8427,0.7654,0.5833,0.6787,0.8123,0.5489
8428,0.8853,0.2975,0.8096,0.9674,0.4595
8429,0.4836,0.7352,0.5532,0.3103,0.5453
8430,0.7006,0.3691,0.9233,0.7729,0.4377
8431,0.9765,0.4407,0.8928,0.9013,0.3748
8432,0.8839,0.5886,0.7836,0.9225,0.4124
8433,0.3608,0.4956,0.7939,0.8691,0.4811
8434,0.5568,0.3767,0.7872,0.5087,0.5294
8435,0.4574,0.5477,0.4779,0.4224,0.4814
8436,0.1395,0.4889,0.1577,0.2123,0.4465
8437,0.5282,0.5771,0.3687,0.3648,0.5459
8438,0.6938,0.5666,0.5856,0.4883,0.6345
8439,0.8429,0.6037,0.2959,0.5532,0.5269
8440,0.9397,0.5944,0.6551,0.8603,0.4613
8441,0.9802,0.6944,0.7346,0.6502,0.532
8442,0.3719,0.4768,0.8156,0.8505,0.4392
8443,0.6841,0.5454,0.772,0.7785,0.4711
8444,0.7192,0.4865,0.3433,0.3573,0.5682
8445,0.6239,0.3065,0.4633,0.5068,0.5583
8446,0.1719,0.2566,0.1549,0.0846,0.4427
8447,0.8978,0.3619,0.9621,0.9546,0.5209
8448,0.9447,0.7362,0.8873,0.9761,0.5659
8449,0.4944,0.5032,0.6226,0.6716,0.435
8450,0.5408,0.4221,0.5076,0.5991,0.471
8451,0.9732,0.7314,0.7541,0.8483,0.4667
8452,0.9378,0.7061,0.8122,0.7334,0.5667
8453,0.8744,0.4993,0.7517,0.9567,0.5257
8454,0.856,0.6417,0.8881,0.9215,0.4759
8455,0.9529,0.4438,0.7066,0.8322,0.4515
8456,0.8802,0.7314,0.5232,0.6778,0.5869
8457,0.9173,0.6196,0.9041,0.9287,0.6118
8458,0.9389,0.6074,0.9299,0.9559,0.3415
8459,0.8636,0.5567,0.9817,0.9234,0.5046
8460,0.3755,0.3954,0.9173,0.8855,0.5488
8461,0.1777,0.4724,0.2259,0.3378,0.4621
8462,0.8554,0.5714,0.5404,0.8155,0.4162
8463,0.3753,0.6241,0.5027,0.6221,0.5648
8464,0.8813,0.374,0.8537,0.9599,0.4992
8465,0.9518,0.3817,0.8959,0.9255,0.5102
8466,0.249,0.261,0.666,0.4311,0.5475
8467,0.4118,0.5447,0.8895,0.9132,0.4693
8468,0.6962,0.6972,0.5318,0.3896,0.502
8469,0.1492,0.7001,0.4888,0.3908,0.5005
8470,0.7753,0.5766,0.9209,0.7176,0.5604
8471,0.7335,0.5242,0.1702,0.5405,0.5536
8472,0.8874,0.2628,0.9587,0.9657,0.3483
8473,0.8461,0.38,0.659,0.9055,0.5102
8474,0.9639,0.6,0.9825,0.9873,0.4347
8475,0.3624,0.665,0.083,0.0829,0.597
8476,0.7353,0.5262,0.8831,0.9543,0.4498
8477,0.5551,0.5518,0.7745,0.785,0.4109
8478,0.3115,0.5658,0.3768,0.4439,0.6199
8479,0.7853,0.4816,0.5112,0.7275,0.4614
8480,0.6864,0.2404,0.8437,0.845,0.4489
8481,0.9715,0.5466,0.9069,0.8506,0.3764
8482,0.7824,0.4664,0.941,0.8966,0.5169
8483,0.8952,0.4816,0.9816,0.9811,0.3759
8484,0.8314,0.6789,0.8552,0.9132,0.5469
8485,0.7222,0.6893,0.8288,0.9431,0.5218
8486,0.9548,0.6258,0.4115,0.8644,0.5795
8487,0.7182,0.7326,0.6764,0.3582,0.4446
8488,0.3581,0.4119,0.8117,0.8655,0.4716
8489,0.8825,0.6379,0.6939,0.9437,0.5736
8490,0.8555,0.4226,0.8764,0.9446,0.5536
8491,0.6068,0.5939,0.5321,0.325,0.4306
8492,0.9681,0.536,0.7936,0.7184,0.518
8493,0.3597,0.4762,0.6821,0.5574,0.6296
8494,0.9281,0.4678,0.6326,0.7666,0.4156
8495,0.7744,0.534,0.8382,0.8059,0.6154
8496,0.8503,0.5475,0.787,0.6399,0.5684
8497,0.9768,0.5288,0.6626,0.5556,0.5245
8498,0.8436,0.4414,0.7965,0.8817,0.55
8499,0.5353,0.7269,0.8034,0.8878,0.6084
8500,0.9372,0.6697,0.6922,0.8438,0.4597
8501,0.8689,0.4947,0.8219,0.908,0.5738
8502,0.8747,0.6581,0.6541,0.7841,0.489
8503,0.5497,0.4919,0.5917,0.5729,0.6
8504,0.4401,0.6362,0.9144,0.7881,0.5664
8505,0.7678,0.5096,0.9772,0.9803,0.4442
8506,0.6699,0.418,0.8736,0.9567,0.4081
8507,0.6048,0.6793,0.6566,0.5903,0.5422
8508,0.8808,0.6252,0.9521,0.9385,0.491
8509,0.8133,0.5685,0.5451,0.776,0.6021
8510,0.8163,0.6713,0.4889,0.7417,0.6075
8511,0.8969,0.6316,0.9389,0.9701,0.4452
8512,0.3705,0.478,0.3624,0.5421,0.5107
8513,0.503,0.4897,0.5256,0.234,0.5996
8514,0.8864,0.3651,0.969,0.983,0.375
8515,0.8923,0.5015,0.5644,0.9238,0.4973
8516,0.6302,0.6552,0.7841,0.6535,0.5116
8517,0.8518,0.5246,0.7478,0.8868,0.4853
8518,0.6537,0.4544,0.6143,0.6037,0.5461
8519,0.9588,0.7915,0.9633,0.9581,0.4615
8520,0.9102,0.6449,0.8237,0.8889,0.4806
8521,0.7886,0.6907,0.7203,0.6383,0.4826
8522,0.6154,0.5622,0.5756,0.262,0.4769
8523,0.5723,0.5939,0.7738,0.7756,0.4826
8524,0.2622,0.6794,0.4728,0.2965,0.538
8525,0.6937,0.6644,0.9692,0.9698,0.5598
8526,0.9888,0.766,0.713,0.9677,0.4692
8527,0.8343,0.5072,0.9769,0.9867,0.4883
8528,0.767,0.6374,0.946,0.9554,0.4433
8529,0.4772,0.5171,0.7766,0.6573,0.4796
8530,0.4052,0.6173,0.7653,0.6582,0.5248
8531,0.8973,0.5172,0.8412,0.9389,0.4834
8532,0.9,0.3797,0.911,0.8773,0.4706
8533,0.8379,0.3814,0.8181,0.8001,0.5323
8534,0.9381,0.5682,0.622,0.3019,0.5178
8535,0.6327,0.2212,0.564,0.2849,0.4082
8536,0.5401,0.4051,0.8326,0.7971,0.515
8537,0.7449,0.4714,0.7608,0.8907,0.5539
8538,0.2825,0.5642,0.4015,0.3378,0.4272
8539,0.1645,0.7476,0.6343,0.6014,0.5744
8540,0.7407,0.2234,0.8572,0.8749,0.5484
8541,0.5149,0.4595,0.1881,0.4068,0.4563
8542,0.5437,0.5788,0.2213,0.3714,0.4747
8543,0.1042,0.2758,0.4019,0.6477,0.4614
8544,0.1326,0.7236,0.2415,0.0767,0.4713
8545,0.8273,0.4402,0.3085,0.6459,0.4136
8546,0.9449,0.7384,0.8767,0.8728,0.5886
8547,0.7667,0.7278,0.7844,0.504,0.6144
8548,0.7825,0.3454,0.8855,0.9786,0.5275
8549,0.2199,0.6893,0.7767,0.7649,0.4972
8550,0.3875,0.5104,0.9383,0.9785,0.4992
8551,0.112,0.6102,0.7936,0.8067,0.6025
8552,0.8911,0.6912,0.356,0.3317,0.5295
8553,0.7673,0.5029,0.7524,0.8087,0.4398
8554,0.8233,0.5583,0.9382,0.9646,0.5188
8555,0.857,0.6577,0.7532,0.8762,0.5651
8556,0.1718,0.3167,0.3906,0.3496,0.516
8557,0.9671,0.6544,0.9678,0.9789,0.5355
8558,0.9485,0.7888,0.9432,0.7583,0.4787
8559,0.9766,0.4149,0.8456,0.9454,0.5116
8560,0.6322,0.3863,0.6966,0.5827,0.479
8561,0.5811,0.591,0.3022,0.1386,0.5338
8562,0.8726,0.7289,0.6932,0.7652,0.4556
8563,0.7814,0.5093,0.5364,0.6036,0.533
8564,0.4729,0.6359,0.1496,0.2332,0.5154
8565,0.8487,0.3889,0.5627,0.7943,0.5801
8566,0.0699,0.6616,0.3467,0.2007,0.6333
8567,0.6938,0.3921,0.472,0.5237,0.4902
8568,0.2555,0.3909,0.2518,0.4532,0.4879
8569,0.5211,0.1242,0.6177,0.4084,0.507
8570,0.0718,0.2604,0.2567,0.2439,0.4737
8571,0.5982,0.7273,0.2966,0.9799,0.4002
8572,0.6266,0.7072,0.3053,0.4524,0.4333
8573,0.0167,0.2934,0.1271,0.082,0.3965
8574,0.742,0.4397,0.6382,0.4104,0.4139
8575,0.9274,0.6067,0.8954,0.7296,0.6006
8576,0.7928,0.4281,0.393,0.9453,0.3543
8577,0.5467,0.7163,0.888,0.8889,0.5189
8578,0.7268,0.376,0.7857,0.9027,0.5354
8579,0.4018,0.1733,0.799,0.8265,0.4646
8580,0.2504,0.3743,0.2011,0.3068,0.4475
8581,0.1878,0.5987,0.8256,0.9447,0.4921
8582,0.3325,0.4758,0.1024,0.08,0.5295
8583,0.303,0.4773,0.3177,0.2302,0.4299
8584,0.1756,0.7327,0.1884,0.4385,0.4975
8585,0.9098,0.2997,0.9686,0.9765,0.4228
8586,0.6641,0.6553,0.439,0.7881,0.4919
8587,0.0794,0.5312,0.2464,0.216,0.5019
8588,0.4424,0.5911,0.9383,0.8805,0.453
8589,0.823,0.7038,0.5802,0.8928,0.5815
8590,0.8703,0.5603,0.6252,0.6522,0.5202
8591,0.2572,0.5164,0.2431,0.3002,0.4166
8592,0.4793,0.5497,0.6151,0.6117,0.5836
8593,0.6691,0.7193,0.4627,0.7014,0.599
8594,0.9127,0.6694,0.6307,0.9268,0.4956
8595,0.8373,0.6527,0.737,0.7581,0.4747
8596,0.2899,0.5778,0.3178,0.6143,0.4951
8597,0.8068,0.4856,0.7535,0.9007,0.4042
8598,0.9302,0.5548,0.9384,0.922,0.4961
8599,0.579,0.5789,0.7939,0.9586,0.5254
8600,0.7601,0.3951,0.779,0.6507,0.5285
8601,0.6686,0.6363,0.9646,0.9438,0.4902
8602,0.8011,0.4687,0.6685,0.6496,0.4215
8603,0.6214,0.3679,0.6347,0.7955,0.3879
8604,0.1302,0.561,0.7598,0.5168,0.5183
8605,0.994,0.4791,0.9451,0.9666,0.5754
8606,0.9928,0.684,0.9644,0.959,0.5398
8607,0.792,0.3897,0.8583,0.8757,0.5827
8608,0.7645,0.5621,0.6313,0.6205,0.5716
8609,0.7102,0.612,0.9585,0.8659,0.4556
8610,0.871,0.741,0.9259,0.9908,0.5006
8611,0.9589,0.7008,0.6794,0.6753,0.5218
8612,0.6759,0.548,0.6527,0.4537,0.5271
8613,0.441,0.4936,0.8251,0.9827,0.4409
8614,0.3006,0.2208,0.7476,0.8819,0.5533
8615,0.9806,0.5143,0.9055,0.771,0.5686
8616,0.7153,0.4422,0.9198,0.9347,0.4796
8617,0.9313,0.3977,0.7712,0.8763,0.4596
8618,0.1705,0.6826,0.4276,0.4647,0.4334
8619,0.752,0.3484,0.5037,0.6979,0.5343
8620,0.2413,0.463,0.3135,0.145,0.5536
8621,0.9477,0.5453,0.6613,0.9387,0.4794
8622,0.838,0.305,0.9031,0.9413,0.3641
8623,0.6668,0.6665,0.88,0.9535,0.4756
8624,0.0703,0.2814,0.4408,0.3161,0.459
8625,0.9537,0.4509,0.9043,0.9322,0.5447
8626,0.8705,0.5834,0.6804,0.781,0.545
8627,0.5528,0.1783,0.7517,0.5951,0.4283
8628,0.8957,0.2754,0.9011,0.9601,0.4349
8629,0.9687,0.6459,0.9172,0.9587,0.5792
8630,0.5962,0.2996,0.9612,0.9717,0.5229
8631,0.922,0.5751,0.8723,0.8598,0.4692
8632,0.993,0.6902,0.8565,0.9395,0.5251
8633,0.8005,0.3118,0.4876,0.9064,0.3384
8634,0.8814,0.7009,0.6344,0.8229,0.4814
8635,0.8019,0.431,0.4736,0.4292,0.5043
8636,0.7419,0.548,0.497,0.5867,0.4161
8637,0.4283,0.6076,0.3877,0.5784,0.4326
8638,0.5599,0.4943,0.6432,0.593,0.4558
8639,0.5648,0.3064,0.7897,0.7351,0.4306
8640,0.3021,0.5674,0.8636,0.8648,0.5146
8641,0.5006,0.5317,0.3118,0.4089,0.4792
8642,0.8519,0.5024,0.6654,0.8636,0.4213
8643,0.7898,0.5717,0.4669,0.3132,0.5421
8644,0.9836,0.4319,0.9431,0.9252,0.5313
8645,0.8024,0.3869,0.9291,0.9642,0.5395
8646,0.4575,0.5217,0.6562,0.3143,0.4936
8647,0.2127,0.5118,0.4058,0.6929,0.4472
8648,0.8414,0.5571,0.4815,0.769,0.4713
8649,0.9329,0.5691,0.8389,0.8218,0.5378
8650,0.7363,0.7339,0.4583,0.5589,0.5132
8651,0.8242,0.7912,0.519,0.674,0.5315
8652,0.8241,0.6331,0.5395,0.7505,0.4291
8653,0.7232,0.6661,0.3609,0.3358,0.5542
8654,0.067,0.5446,0.5839,0.2008,0.4901
8655,0.6742,0.6915,0.1115,0.1974,0.5081
8656,0.2076,0.6962,0.3455,0.1371,0.4826
8657,0.3605,0.5958,0.657,0.5182,0.5105
8658,0.6462,0.5318,0.6437,0.7272,0.4073
8659,0.4553,0.6499,0.1462,0.4831,0.5386
8660,0.5689,0.5445,0.2695,0.3754,0.3774
8661,0.8649,0.4955,0.9256,0.8855,0.5416
8662,0.5593,0.613,0.8014,0.5972,0.4816
8663,0.4122,0.5705,0.3898,0.6488,0.4454
8664,0.9688,0.5122,0.794,0.8464,0.5204
8665,0.9639,0.4921,0.9464,0.9881,0.4622
8666,0.5701,0.6516,0.2831,0.3257,0.5262
8667,0.2262,0.5392,0.3381,0.4959,0.4734
8668,0.5803,0.5361,0.6439,0.6754,0.5263
8669,0.069,0.5398,0.2656,0.132,0.4707
8670,0.1049,0.4536,0.3179,0.4026,0.4865
8671,0.9312,0.3941,0.7818,0.754,0.5832
8672,0.9308,0.7098,0.7938,0.8513,0.4998
8673,0.9928,0.4895,0.9554,0.9018,0.5007
8674,0.9555,0.6102,0.7583,0.9477,0.4509
8675,0.5392,0.7112,0.6755,0.6802,0.4913
8676,0.8946,0.1969,0.4403,0.7664,0.4705
8677,0.571,0.4661,0.7893,0.677,0.5084
8678,0.8891,0.6042,0.8864,0.6883,0.5196
8679,0.8999,0.688,0.9675,0.9632,0.5142
8680,0.1511,0.5303,0.6483,0.7285,0.4833
8681,0.631,0.527,0.9489,0.8742,0.4666
8682,0.7797,0.5114,0.7197,0.6359,0.5497
8683,0.0652,0.7809,0.1487,0.1627,0.5351
8684,0.348,0.3701,0.6512,0.9284,0.5194
8685,0.9469,0.4752,0.8328,0.6151,0.4604
8686,0.2145,0.4873,0.1511,0.5038,0.5244
8687,0.8669,0.484,0.8354,0.8783,0.4858
8688,0.1804,0.4743,0.6402,0.4265,0.4938
8689,0.1738,0.5078,0.6778,0.6321,0.5506
8690,0.4469,0.3146,0.4919,0.4406,0.5176
8691,0.6229,0.5317,0.9224,0.8945,0.553
8692,0.7822,0.574,0.7493,0.8697,0.5513
8693,0.4876,0.7136,0.5562,0.2746,0.5239
8694,0.2119,0.652,0.7698,0.7093,0.5213
8695,0.3878,0.5217,0.8788,0.8284,0.5049
8696,0.7962,0.4983,0.757,0.5967,0.4576
8697,0.6825,0.348,0.4416,0.4956,0.4899
8698,0.7165,0.4264,0.8404,0.4104,0.4883
8699,0.7492,0.5744,0.0796,0.2105,0.5315
8700,0.2113,0.445,0.0696,0.2511,0.559
8701,0.9374,0.5422,0.7716,0.6967,0.4836
8702,0.3015,0.8108,0.3468,0.3296,0.5393
8703,0.6475,0.6369,0.5282,0.5327,0.4595
8704,0.7916,0.4177,0.8965,0.8783,0.5381
8705,0.4497,0.4661,0.8483,0.8712,0.4877
8706,0.9282,0.4173,0.7103,0.8509,0.5205
8707,0.8244,0.5771,0.7303,0.6853,0.5685
8708,0.2327,0.4647,0.1356,0.0522,0.5025
8709,0.4468,0.7765,0.3997,0.2036,0.4757
8710,0.6215,0.7365,0.6085,0.5761,0.5751
8711,0.6114,0.5398,0.6474,0.7078,0.4974
8712,0.641,0.7222,0.6501,0.7416,0.5279
8713,0.9404,0.4195,0.8331,0.6458,0.5181
8714,0.341,0.7633,0.3871,0.3356,0.4412
8715,0.6335,0.5482,0.6748,0.5878,0.5448
8716,0.7415,0.6077,0.5266,0.7862,0.4803
8717,0.2864,0.6896,0.7949,0.8005,0.4945
8718,0.5257,0.4865,0.9853,0.977,0.4797
8719,0.8956,0.7262,0.8989,0.8229,0.5279
8720,0.681,0.4671,0.2605,0.6319,0.4369
8721,0.8991,0.2879,0.1591,0.2515,0.5055
8722,0.974,0.4121,0.9435,0.968,0.4992
8723,0.8926,0.5499,0.5518,0.6204,0.5707
8724,0.7888,0.4323,0.7161,0.7508,0.5417
8725,0.6939,0.4724,0.5714,0.7558,0.4245
8726,0.1821,0.5902,0.9134,0.9322,0.5536
8727,0.3456,0.3708,0.4036,0.1044,0.4108
8728,0.8936,0.5325,0.9617,0.9266,0.5007
8729,0.2245,0.3758,0.1726,0.2745,0.5036
8730,0.2766,0.7285,0.2735,0.3673,0.5311
8731,0.8736,0.4658,0.88,0.8453,0.5162
8732,0.4928,0.4,0.9303,0.881,0.5405
8733,0.3335,0.6512,0.7498,0.7256,0.5108
8734,0.6604,0.4637,0.8729,0.9442,0.4698
8735,0.9576,0.5975,0.9187,0.9154,0.5244
8736,0.8815,0.6468,0.9273,0.893,0.5439
8737,0.6294,0.5167,0.4697,0.6988,0.4645
8738,0.5508,0.4556,0.5337,0.592,0.5037
8739,0.3548,0.5045,0.3839,0.5086,0.4606
8740,0.7125,0.5533,0.8908,0.887,0.5174
8741,0.3856,0.6058,0.8207,0.5681,0.5151
8742,0.6519,0.7303,0.91,0.8215,0.5239
8743,0.8458,0.3787,0.466,0.7044,0.5229
8744,0.6205,0.4088,0.4943,0.7323,0.4756
8745,0.9089,0.5268,0.9006,0.9621,0.5473
8746,0.7144,0.4262,0.7261,0.485,0.5437
8747,0.983,0.5055,0.8666,0.9595,0.4461
8748,0.9376,0.3935,0.2441,0.2845,0.4549
8749,0.9145,0.4337,0.554,0.57,0.5027
8750,0.2046,0.5633,0.0866,0.0561,0.5233
8751,0.6414,0.5598,0.6645,0.8901,0.4818
8752,0.3911,0.52,0.3998,0.5647,0.4705
8753,0.9768,0.3982,0.9697,0.9974,0.4975
8754,0.8836,0.5096,0.7833,0.7229,0.5146
8755,0.8861,0.8468,0.6108,0.862,0.4566
8756,0.6032,0.6047,0.6082,0.8158,0.4756
8757,0.3227,0.5387,0.8535,0.7068,0.4424
8758,0.6525,0.5798,0.3407,0.6735,0.5075
8759,0.3271,0.4656,0.8297,0.5548,0.5282
8760,0.6372,0.6989,0.9575,0.9893,0.4839
8761,0.7964,0.5417,0.9124,0.9918,0.5324
8762,0.8348,0.4406,0.6178,0.7285,0.534
8763,0.9708,0.5711,0.809,0.7406,0.5184
8764,0.4287,0.5612,0.7361,0.923,0.5402
8765,0.9338,0.6229,0.9865,0.9908,0.5219
8766,0.7653,0.3441,0.9038,0.9168,0.467
8767,0.5048,0.4767,0.6265,0.5196,0.5594
8768,0.7891,0.4054,0.7543,0.9,0.4999
8769,0.888,0.6237,0.7913,0.9678,0.4753
8770,0.7354,0.5746,0.4926,0.4084,0.5028
8771,0.8071,0.5831,0.7009,0.9426,0.4673
8772,0.5245,0.4267,0.3362,0.3526,0.4667
8773,0.7401,0.4274,0.8701,0.9765,0.5026
8774,0.7182,0.5295,0.7709,0.7533,0.5206
8775,0.8011,0.5366,0.3612,0.5674,0.5151
8776,0.9802,0.4167,0.9942,0.9968,0.4891
8777,0.4831,0.5605,0.6658,0.8424,0.5111
8778,0.9538,0.5497,0.949,0.9873,0.501
8779,0.2489,0.5766,0.6385,0.931,0.5687
8780,0.5909,0.6149,0.6743,0.5846,0.5446
8781,0.0806,0.4663,0.5723,0.5871,0.5468
8782,0.8977,0.6074,0.9094,0.7521,0.4638
8783,0.9338,0.4437,0.923,0.9916,0.5831
8784,0.3844,0.3807,0.6964,0.9304,0.4912
8785,0.7863,0.596,0.5103,0.6135,0.4716
8786,0.2851,0.4469,0.3491,0.0838,0.4817
8787,0.9024,0.4809,0.9689,0.9948,0.501
8788,0.6451,0.5297,0.6189,0.8548,0.4819
8789,0.8667,0.5571,0.6597,0.8794,0.4978
8790,0.7597,0.5597,0.892,0.9159,0.4871
8791,0.5919,0.511,0.3023,0.4431,0.4878
8792,0.8291,0.6775,0.4147,0.6743,0.5383
8793,0.1806,0.7716,0.1877,0.3542,0.4946
8794,0.684,0.4923,0.8999,0.891,0.5129
8795,0.8597,0.5977,0.9435,0.7982,0.5182
8796,0.5042,0.6182,0.6831,0.8393,0.5103
8797,0.9207,0.4755,0.9377,0.9701,0.5135
8798,0.4839,0.3202,0.4385,0.3151,0.4615
8799,0.8629,0.5185,0.7712,0.8793,0.4753
8800,0.8595,0.4787,0.9061,0.8018,0.5203
8801,0.7065,0.6997,0.447,0.7052,0.4989
8802,0.9212,0.647,0.6508,0.8899,0.5299
8803,0.6152,0.5597,0.5799,0.8164,0.5143
8804,0.926,0.6395,0.8043,0.8146,0.5304
8805,0.9038,0.6032,0.8213,0.7824,0.4923
8806,0.1643,0.5012,0.8745,0.919,0.4934
8807,0.7134,0.5791,0.6667,0.7203,0.4875
8808,0.9175,0.4958,0.9579,0.9835,0.4938
8809,0.9676,0.5293,0.9861,0.9948,0.5229
8810,0.7614,0.4453,0.7061,0.8232,0.4919
8811,0.8281,0.5614,0.6504,0.861,0.5131
8812,0.4495,0.3681,0.7962,0.8624,0.5167
8813,0.2364,0.4873,0.2373,0.2465,0.4624
8814,0.935,0.5759,0.9644,0.9565,0.5561
8815,0.6863,0.4457,0.2825,0.5237,0.5407
8816,0.9512,0.5427,0.734,0.8032,0.5423
8817,0.4284,0.5912,0.2685,0.4802,0.5134
8818,0.814,0.4976,0.5533,0.5865,0.5381
8819,0.0532,0.5376,0.2483,0.3652,0.547
8820,0.3307,0.2781,0.3634,0.5133,0.4939
8821,0.7288,0.6645,0.8908,0.8712,0.5035
8822,0.7476,0.7911,0.6645,0.6899,0.4962
8823,0.6615,0.478,0.7764,0.6843,0.5133
8824,0.592,0.5193,0.7651,0.8319,0.488
8825,0.7512,0.5051,0.5965,0.4847,0.4411
8826,0.402,0.4138,0.3295,0.2704,0.5118
8827,0.8402,0.4741,0.5881,0.8543,0.4377
8828,0.9031,0.6381,0.7242,0.9003,0.5196
8829,0.9553,0.658,0.6793,0.9182,0.5412
8830,0.7222,0.4841,0.8474,0.8125,0.5678
8831,0.9571,0.3907,0.8685,0.8948,0.5293
8832,0.3252,0.7892,0.6874,0.7342,0.4859
8833,0.4158,0.6713,0.3396,0.4403,0.5183
8834,0.3581,0.5256,0.6963,0.7039,0.6212
8835,0.8007,0.4508,0.1618,0.2449,0.567
8836,0.6215,0.4988,0.6322,0.8225,0.4764
8837,0.5837,0.5507,0.8943,0.8558,0.4763
8838,0.8348,0.4288,0.972,0.9792,0.5329
8839,0.7809,0.4401,0.6908,0.8387,0.4417
8840,0.9045,0.3615,0.656,0.5806,0.53
8841,0.5444,0.4575,0.7976,0.7773,0.5553
8842,0.2885,0.5403,0.5213,0.3803,0.5413
8843,0.983,0.542,0.9912,0.9955,0.4994
8844,0.5928,0.6356,0.3435,0.2825,0.4712
8845,0.8532,0.6366,0.9492,0.9239,0.4335
8846,0.5585,0.4266,0.9016,0.9617,0.4493
8847,0.8242,0.6064,0.6581,0.6959,0.4734
8848,0.6371,0.6634,0.7748,0.5188,0.5419
8849,0.4247,0.5167,0.6547,0.6612,0.5477
8850,0.4712,0.7172,0.6407,0.9011,0.4827
8851,0.7245,0.4049,0.7803,0.6526,0.468
8852,0.7825,0.4986,0.7489,0.8222,0.4697
8853,0.4999,0.4638,0.7008,0.5271,0.5858
8854,0.9558,0.1885,0.9436,0.9582,0.5327
8855,0.6567,0.4538,0.6396,0.5704,0.4673
8856,0.808,0.5614,0.2135,0.4405,0.6468
8857,0.5941,0.5235,0.7422,0.8484,0.493
8858,0.6238,0.6121,0.7291,0.6617,0.5873
8859,0.7672,0.6811,0.6047,0.9016,0.4326
8860,0.3723,0.3679,0.8085,0.7824,0.5933
8861,0.7267,0.6765,0.6788,0.5903,0.5749
8862,0.4989,0.4326,0.8406,0.8735,0.4903
8863,0.4225,0.5843,0.785,0.6383,0.4196
8864,0.616,0.603,0.5389,0.6881,0.4481
8865,0.8717,0.3775,0.2513,0.1638,0.4422
8866,0.5946,0.5627,0.6291,0.7418,0.4764
8867,0.4086,0.5504,0.2436,0.3578,0.4763
8868,0.751,0.5067,0.2545,0.6504,0.4411
8869,0.2988,0.7194,0.6238,0.6024,0.4223
8870,0.9132,0.4177,0.7538,0.7522,0.5152
8871,0.6481,0.3575,0.5763,0.651,0.5162
8872,0.7465,0.6251,0.6801,0.7358,0.454
8873,0.5882,0.5607,0.277,0.4425,0.5167
8874,0.1696,0.6371,0.7497,0.6446,0.4749
8875,0.7207,0.2621,0.6646,0.8853,0.4888
8876,0.4629,0.5332,0.6915,0.6279,0.5032
8877,0.4837,0.7109,0.511,0.8246,0.5168
8878,0.6358,0.5477,0.7166,0.7497,0.389
8879,0.4405,0.342,0.7193,0.9253,0.4771
8880,0.464,0.3765,0.2922,0.2261,0.5264
8881,0.5745,0.4737,0.272,0.3724,0.3902
8882,0.6945,0.5614,0.921,0.8249,0.5497
8883,0.5598,0.5362,0.2924,0.3819,0.5197
8884,0.2856,0.5763,0.8222,0.828,0.5886
8885,0.8379,0.5014,0.7971,0.9127,0.4666
8886,0.8037,0.4511,0.6677,0.6035,0.5335
8887,0.5423,0.5521,0.5268,0.8775,0.4911
8888,0.8665,0.4809,0.9454,0.9789,0.5114
8889,0.8772,0.6496,0.354,0.8146,0.515
8890,0.55,0.7157,0.5698,0.7193,0.5285
8891,0.7762,0.5126,0.8876,0.683,0.5454
8892,0.295,0.5006,0.5781,0.5895,0.5211
8893,0.5764,0.6325,0.6516,0.5465,0.4623
8894,0.8513,0.5955,0.8013,0.9652,0.5157
8895,0.926,0.6083,0.9562,0.9269,0.5249
8896,0.591,0.4886,0.8252,0.8312,0.497
8897,0.4931,0.7774,0.447,0.3199,0.4791
8898,0.679,0.495,0.6164,0.3685,0.4556
8899,0.8052,0.5484,0.5953,0.9067,0.4473
8900,0.7725,0.3931,0.9551,0.9822,0.4725
8901,0.4036,0.6995,0.1986,0.2933,0.4765
8902,0.706,0.4706,0.9863,0.9831,0.529
8903,0.2458,0.5087,0.043,0.2347,0.4893
8904,0.5649,0.5156,0.7536,0.6495,0.5225
8905,0.7072,0.6675,0.3941,0.6695,0.5164
8906,0.7476,0.5302,0.9707,0.9764,0.497
8907,0.7373,0.5731,0.5657,0.8041,0.5488
8908,0.7711,0.6782,0.5222,0.3953,0.4578
8909,0.5816,0.6058,0.9348,0.9561,0.5643
8910,0.7998,0.5971,0.8312,0.8613,0.4703
8911,0.7066,0.6524,0.9061,0.9584,0.5149
8912,0.7758,0.4321,0.7141,0.7949,0.5464
8913,0.7951,0.4359,0.6772,0.9444,0.5289
8914,0.8971,0.3845,0.6836,0.87,0.6221
8915,0.3055,0.6395,0.2941,0.3863,0.4876
8916,0.6989,0.4443,0.3341,0.5582,0.443
8917,0.8394,0.5238,0.9733,0.9921,0.5628
8918,0.8576,0.6045,0.8204,0.9205,0.6202
8919,0.2618,0.5514,0.3326,0.662,0.5393
8920,0.8127,0.2519,0.8507,0.885,0.5335
8921,0.6094,0.4645,0.6868,0.8273,0.3938
8922,0.834,0.5005,0.9523,0.9921,0.5462
8923,0.9696,0.3065,0.9833,0.9887,0.4514
8924,0.8925,0.5476,0.6979,0.4427,0.4988
8925,0.7825,0.7367,0.9385,0.986,0.5234
8926,0.9396,0.7078,0.9638,0.9789,0.5277
8927,0.9107,0.595,0.8435,0.9828,0.5334
8928,0.9083,0.6351,0.9227,0.9363,0.4794
8929,0.2051,0.7437,0.5701,0.7672,0.6029
8930,0.9286,0.5941,0.7365,0.6515,0.4812
8931,0.8595,0.6463,0.7304,0.7041,0.4631
8932,0.9117,0.6366,0.8775,0.9309,0.4804
8933,0.61,0.4657,0.6995,0.842,0.4431
8934,0.949,0.4542,0.5947,0.9251,0.5421
8935,0.8999,0.4144,0.7515,0.7244,0.459
8936,0.795,0.6253,0.7599,0.914,0.4841
8937,0.6388,0.6193,0.3822,0.5542,0.4733
8938,0.9298,0.3417,0.7237,0.8016,0.4707
8939,0.8981,0.3057,0.2939,0.3892,0.4336
8940,0.9123,0.7408,0.6556,0.7197,0.5161
8941,0.8805,0.5428,0.8563,0.7492,0.4576
8942,0.6003,0.7133,0.414,0.6433,0.5798
8943,0.8038,0.5568,0.6934,0.7689,0.5081
8944,0.4064,0.5582,0.4755,0.5701,0.5199
8945,0.9255,0.5906,0.9143,0.9726,0.5218
8946,0.6854,0.3127,0.965,0.9588,0.4694
8947,0.6644,0.2667,0.7748,0.356,0.4849
8948,0.4318,0.3782,0.6011,0.78,0.4945
8949,0.3772,0.5656,0.4961,0.2752,0.4578
8950,0.7579,0.5674,0.8997,0.7807,0.4809
8951,0.4547,0.6179,0.5006,0.4767,0.5064
8952,0.6482,0.3981,0.6873,0.8715,0.4471
8953,0.9239,0.4186,0.9162,0.9682,0.5193
8954,0.7396,0.5132,0.4689,0.7046,0.5303
8955,0.9447,0.513,0.7734,0.9593,0.5047
8956,0.7674,0.4686,0.8665,0.8973,0.4949
8957,0.7213,0.7436,0.5077,0.8188,0.5209
8958,0.5492,0.3046,0.7438,0.4523,0.4596
8959,0.4462,0.7165,0.6786,0.7517,0.447
8960,0.9245,0.4942,0.9793,0.9844,0.5783
8961,0.7054,0.5814,0.4474,0.4265,0.4523
8962,0.5187,0.5574,0.8868,0.9027,0.5265
8963,0.8266,0.4676,0.5512,0.6681,0.5479
8964,0.9161,0.585,0.9266,0.9646,0.5117
8965,0.528,0.287,0.5386,0.8609,0.4449
8966,0.2539,0.6457,0.3125,0.5064,0.4892
8967,0.3311,0.5714,0.823,0.7958,0.4964
8968,0.8479,0.5233,0.4698,0.527,0.5231
8969,0.9725,0.4207,0.8705,0.9044,0.5158
8970,0.9421,0.4926,0.9803,0.9673,0.5123
8971,0.5006,0.5578,0.4788,0.867,0.5185
8972,0.8632,0.6752,0.9868,0.9404,0.5194
8973,0.6698,0.3442,0.8528,0.621,0.4115
8974,0.5815,0.476,0.1781,0.205,0.4663
8975,0.8523,0.3617,0.3356,0.8273,0.5125
8976,0.5719,0.3211,0.1568,0.4769,0.5233
8977,0.5083,0.4596,0.5484,0.4225,0.5129
8978,0.6571,0.4957,0.8109,0.5483,0.4837
8979,0.8438,0.4972,0.5863,0.7551,0.5038
8980,0.0444,0.3786,0.3546,0.1112,0.3762
8981,0.1028,0.6518,0.1944,0.0076,0.5023
8982,0.7836,0.2775,0.2133,0.1104,0.5364
8983,0.5501,0.639,0.8942,0.615,0.4111
8984,0.6462,0.6421,0.2993,0.2143,0.4944
8985,0.3139,0.4236,0.0974,0.5211,0.5118
8986,0.9554,0.2821,0.9856,0.9883,0.5398
8987,0.131,0.5835,0.4682,0.1363,0.5787
8988,0.4148,0.6033,0.2748,0.8089,0.5675
8989,0.3291,0.6832,0.7097,0.5792,0.4349
8990,0.6844,0.503,0.616,0.3086,0.3847
8991,0.5394,0.64,0.8951,0.9504,0.5651
8992,0.5417,0.394,0.8929,0.9383,0.5864
8993,0.6708,0.6484,0.8963,0.9663,0.5306
8994,0.7506,0.328,0.1361,0.514,0.4528
8995,0.4397,0.4829,0.1075,0.2528,0.4421
8996,0.2783,0.5508,0.4626,0.2838,0.4369
8997,0.349,0.4782,0.6826,0.588,0.4688
8998,0.4169,0.3422,0.7253,0.8029,0.3593
8999,0.864,0.4835,0.6914,0.4315,0.5632
9000,0.827,0.4854,0.9745,0.933,0.5909
9001,0.3858,0.3379,0.4637,0.6184,0.4788
9002,0.7256,0.5288,0.7518,0.6245,0.4127
9003,0.4979,0.2961,0.2464,0.4745,0.5217
9004,0.4821,0.234,0.6007,0.2607,0.5006
9005,0.678,0.7123,0.2836,0.6193,0.5735
9006,0.8156,0.4504,0.9491,0.7137,0.5341
9007,0.9014,0.368,0.3505,0.148,0.6317
9008,0.0638,0.2839,0.3144,0.5469,0.4089
9009,0.6897,0.3553,0.6413,0.4304,0.3627
9010,0.1563,0.0477,0.0085,0.9017,0.6596
9011,0.8332,0.3226,0.5676,0.8034,0.4893
9012,0.508,0.5772,0.3889,0.1587,0.4737
9013,0.7334,0.3298,0.5823,0.7969,0.4401
9014,0.8201,0.2171,0.954,0.9448,0.4912
9015,0.431,0.2676,0.8123,0.3875,0.4384
9016,0.5592,0.3905,0.1071,0.6444,0.5828
9017,0.7522,0.5286,0.9555,0.8996,0.4579
9018,0.6363,0.4748,0.3338,0.7709,0.5095
9019,0.9242,0.3224,0.8941,0.8695,0.5277
9020,0.5476,0.6888,0.9074,0.7934,0.4768
9021,0.8617,0.7972,0.8658,0.8737,0.5367
9022,0.9632,0.3574,0.9832,0.9968,0.5315
9023,0.1083,0.7298,0.3011,0.5377,0.4975
9024,0.9735,0.4761,0.9863,0.9906,0.4809
9025,0.9441,0.5243,0.7962,0.9579,0.6311
9026,0.5481,0.4401,0.5141,0.8214,0.5309
9027,0.5098,0.3416,0.7819,0.8311,0.4505
9028,0.9263,0.3115,0.6423,0.8686,0.4733
9029,0.9907,0.6446,0.9469,0.9935,0.5259
9030,0.9655,0.6136,0.9147,0.8843,0.4718
9031,0.953,0.7056,0.9585,0.9875,0.5109
9032,0.3893,0.3988,0.2461,0.4194,0.5259
9033,0.8223,0.6632,0.8893,0.9737,0.5265
9034,0.8945,0.3765,0.9942,0.9959,0.4426
9035,0.7586,0.254,0.6935,0.9265,0.4229
9036,0.9104,0.5926,0.9012,0.86,0.5265
9037,0.9441,0.6132,0.937,0.9826,0.426
9038,0.5897,0.4252,0.5114,0.6875,0.4478
9039,0.1452,0.7303,0.5819,0.5543,0.5593
9040,0.974,0.5656,0.5367,0.8526,0.488
9041,0.7168,0.5095,0.2677,0.4262,0.5075
9042,0.8868,0.4707,0.9597,0.9248,0.5781
9043,0.722,0.7239,0.9188,0.8862,0.4533
9044,0.832,0.5591,0.5843,0.5276,0.4027
9045,0.8836,0.576,0.9277,0.9645,0.5326
9046,0.9005,0.3215,0.7608,0.4524,0.4795
9047,0.733,0.3529,0.8911,0.6705,0.4078
9048,0.5773,0.7198,0.678,0.5537,0.4792
9049,0.9602,0.5261,0.4807,0.9167,0.6066
9050,0.7491,0.3925,0.5358,0.5357,0.4436
9051,0.8253,0.565,0.642,0.686,0.483
9052,0.6306,0.3767,0.8847,0.8757,0.5568
9053,0.1099,0.487,0.4404,0.7736,0.5409
9054,0.4883,0.3208,0.713,0.5488,0.4086
9055,0.8135,0.4213,0.5344,0.9183,0.6303
9056,0.7026,0.713,0.9172,0.8477,0.5001
9057,0.7767,0.5058,0.7442,0.5672,0.4717
9058,0.8349,0.6767,0.9163,0.9023,0.4908
9059,0.876,0.6154,0.957,0.8251,0.4653
9060,0.8258,0.5345,0.9888,0.9946,0.389
9061,0.3695,0.5083,0.4885,0.7899,0.5785
9062,0.6537,0.5183,0.7543,0.7439,0.617
9063,0.3851,0.3081,0.996,0.3049,0.3702
9064,0.7307,0.5408,0.8175,0.4367,0.462
9065,0.905,0.7172,0.4675,0.3126,0.4893
9066,0.8004,0.4793,0.9298,0.9234,0.563
9067,0.9489,0.7279,0.7576,0.9028,0.4315
9068,0.9181,0.6767,0.898,0.6138,0.4983
9069,0.8329,0.4891,0.5474,0.7037,0.4504
9070,0.5516,0.5127,0.6705,0.8141,0.5525
9071,0.1809,0.615,0.7098,0.4114,0.5291
9072,0.9466,0.5831,0.9349,0.9929,0.5473
9073,0.9022,0.5086,0.8941,0.9105,0.4769
9074,0.8719,0.5134,0.8599,0.9731,0.5365
9075,0.9675,0.7804,0.9231,0.9154,0.543
9076,0.5346,0.7093,0.3032,0.7062,0.5066
9077,0.7201,0.3523,0.6931,0.4736,0.4545
9078,0.2942,0.7354,0.5006,0.6444,0.5212
9079,0.8288,0.4948,0.3532,0.6516,0.5678
9080,0.808,0.3964,0.5847,0.4795,0.4545
9081,0.9157,0.5039,0.9312,0.8611,0.5389
9082,0.388,0.3348,0.7842,0.8031,0.5049
9083,0.824,0.6369,0.7153,0.7083,0.4356
9084,0.7312,0.57,0.9096,0.7764,0.4282
9085,0.4405,0.3119,0.8826,0.9433,0.5239
9086,0.5237,0.5791,0.8659,0.8935,0.5779
9087,0.76,0.6878,0.2985,0.6336,0.5364
9088,0.8894,0.6573,0.5608,0.6395,0.4619
9089,0.7554,0.681,0.6586,0.6943,0.5161
9090,0.5825,0.5248,0.778,0.7683,0.5883
9091,0.9162,0.4126,0.9661,0.9244,0.423
9092,0.6243,0.2369,0.7505,0.5678,0.4655
9093,0.7268,0.6182,0.6587,0.8348,0.3656
9094,0.796,0.5577,0.8615,0.95,0.5237
9095,0.6291,0.4421,0.4326,0.705,0.4821
9096,0.5523,0.4721,0.5502,0.7334,0.5091
9097,0.6767,0.3995,0.8232,0.8828,0.5733
9098,0.5459,0.5123,0.9395,0.9697,0.554
9099,0.16,0.6102,0.3329,0.4896,0.6019
9100,0.8301,0.6726,0.8679,0.8437,0.439
9101,0.7785,0.496,0.7726,0.4093,0.4674
9102,0.9715,0.5487,0.5547,0.7804,0.3733
9103,0.2995,0.5439,0.2659,0.4597,0.56
9104,0.2028,0.8344,0.9689,0.0632,0.358
9105,0.5727,0.4352,0.8489,0.4482,0.4489
9106,0.3248,0.672,0.4022,0.5558,0.5163
9107,0.9523,0.7166,0.9895,0.999,0.5605
9108,0.6124,0.6806,0.4244,0.6495,0.5605
9109,0.9363,0.6806,0.9283,0.8198,0.5239
9110,0.8115,0.3165,0.5355,0.9279,0.5985
9111,0.7935,0.4429,0.8554,0.6757,0.4898
9112,0.1713,0.0891,0.0086,0.425,0.0466
9113,0.1166,0.8113,0.0256,0.6651,0.8757
9114,0.0124,0.3505,0.341,0.9966,0.8483
9115,0.0036,0.105,0.3014,0.2909,0.6973
9116,0.5638,0.3075,0.4241,0.0727,0.3309
9117,0.0478,0.2327,0.4739,0.1589,0.9317
9118,0.94,0.9729,0.7146,0.9893,0.4393
9119,0.9732,0.9801,0.8498,0.8207,0.7414
9120,0.9377,0.8633,0.4306,0.3201,0.845
9121,0.0207,0.9966,0.4437,0.9842,0.8279
9122,0.9154,0.8423,0.5583,0.9977,0.5032
9123,0.9985,0.9987,0.9948,0.9973,0.9045
9124,0.9995,1.0,0.9936,0.9995,0.9766
9125,0.9997,0.9985,0.9737,1.0,0.9238
9126,0.9229,0.9954,0.9241,0.992,0.2959
9127,0.2849,0.9891,0.9692,0.7958,0.6851
9128,0.9929,0.9725,0.9147,0.9549,0.563
9129,0.9783,0.9532,0.9223,0.8319,0.8268
9130,0.1658,0.4267,0.4688,0.1213,0.3187
9131,0.8035,0.5985,0.493,0.0476,0.8838
9132,0.8867,0.9733,0.746,0.8551,0.8942
9133,0.4069,0.2443,0.6867,0.9998,0.1286
9134,0.8457,0.9586,0.9766,0.9406,0.3053
9135,0.9701,0.8983,0.7506,0.9024,0.404
9136,0.2163,0.7994,0.2252,0.9872,0.2148
9137,0.7611,0.9686,0.5403,0.0458,0.9757
9138,0.0846,0.764,0.4514,0.97,0.5049
9139,0.8367,0.3326,0.5157,0.005,0.4441
9140,0.6551,0.9512,0.6952,0.6901,0.3052
9141,0.9939,0.988,0.5337,0.9817,0.9545
9142,0.8709,0.9911,0.9061,0.9216,0.5591
9143,0.1274,0.082,0.9523,0.9477,0.2613
9144,0.7362,0.9919,0.8604,0.4089,0.5123
9145,0.9903,0.9663,0.7793,0.8154,0.2466
9146,0.2091,0.782,0.855,0.854,0.2462
9147,0.2313,0.9385,0.8668,0.9966,0.2128
9148,0.9837,0.2017,0.6568,0.0385,0.3428
9149,0.9996,0.9989,0.9913,0.9937,0.9484
9150,0.7662,0.9773,0.9626,1.0,0.5067
9151,0.9417,0.9871,0.9194,0.9743,0.8267
9152,0.8011,0.9569,0.5244,0.5365,0.9089
9153,0.9755,0.9146,0.5806,0.9152,0.1857
9154,0.9247,0.3418,0.665,0.9297,0.1398
9155,0.2124,0.3347,0.9523,0.9867,0.1537
9156,0.9666,0.2349,0.8216,0.7416,0.768
9157,0.3485,0.9354,0.8349,0.9758,0.6615
9158,0.0769,0.7131,0.7849,0.922,0.0655
9159,0.9965,0.9973,0.8701,0.8456,0.7057
9160,0.8095,0.9776,0.5967,0.7849,0.6909
9161,0.847,0.5157,0.33,0.7862,0.5874
9162,0.3767,0.981,0.3308,0.3073,0.4387
9163,0.2015,0.8301,0.3683,0.6021,0.3841
9164,0.5027,0.8547,0.394,0.2294,0.2009
9165,0.9989,0.9913,0.9756,0.9803,0.6804
9166,0.9924,0.9927,0.9745,0.9918,0.614
9167,0.9355,0.9984,0.9741,0.9884,0.9505
9168,0.8319,0.4561,0.8558,0.8962,0.2199
9169,0.8822,0.6245,0.6158,0.7396,0.1302
9170,0.8359,0.7554,0.915,0.2142,0.6225
9171,0.9698,0.999,0.9144,0.9975,0.9649
9172,0.9959,0.9845,0.9628,0.9983,0.9705
9173,0.9087,0.7214,0.963,0.9971,0.5206
9174,0.1256,0.7751,0.9411,0.9995,0.4463
9175,0.4547,0.9607,0.9515,0.9961,0.6416
9176,0.9917,0.977,0.9319,0.9974,0.7861
9177,0.8666,0.9805,0.942,0.9981,0.6541
9178,0.9977,0.6769,0.9449,0.9856,0.7492
9179,0.9164,0.7406,0.8553,0.9076,0.3266
9180,0.9408,0.6753,0.7251,0.8764,0.5219
9181,0.3578,0.9104,0.5557,0.7707,0.2341
9182,0.8763,0.6151,0.6945,0.9261,0.1377
9183,0.8719,0.9749,0.7005,0.3529,0.4727
9184,0.0624,0.5354,0.2417,0.3272,0.6847
9185,0.2786,0.6394,0.2451,0.3617,0.652
9186,0.0269,0.9352,0.4385,0.974,0.8873
9187,0.1281,0.8899,0.48,0.8924,0.1092
9188,0.0243,0.5651,0.38,0.8371,0.8191
9189,0.8223,0.6114,0.2411,0.0336,0.165
9190,0.9399,0.6825,0.4591,0.7057,0.6921
9191,0.9961,0.33,0.9895,0.9986,0.2602
9192,0.9979,0.5996,0.9861,0.9833,0.7454
9193,0.8514,0.0504,0.9716,0.989,0.4786
9194,0.9896,0.1425,0.9755,0.9985,0.6167
9195,0.9508,0.8628,0.8378,0.9377,0.7217
9196,0.0431,0.7874,0.2381,0.0413,0.2125
9197,0.9985,0.3647,0.969,0.9975,0.5489
9198,0.8948,0.3331,0.96,0.9981,0.4668
9199,0.939,0.9757,0.9294,0.9724,0.4729
9200,0.4099,0.8023,0.8146,0.7887,0.8018
9201,0.8019,0.6736,0.6599,0.1863,0.9181
9202,0.6041,0.8911,0.6156,0.422,0.5232
9203,0.4216,0.3206,0.3842,0.4113,0.8728
9204,0.5462,0.2595,0.695,0.9696,0.1936
9205,0.9846,0.7767,0.7012,0.9738,0.8085
9206,0.9695,0.8264,0.8732,0.8056,0.8632
9207,0.2158,0.9992,0.824,0.9396,0.6497
9208,0.2636,0.8497,0.5452,0.9104,0.7027
9209,0.913,0.7375,0.704,0.769,0.1258
9210,0.615,0.853,0.6607,0.0674,0.9897
9211,0.5101,0.9645,0.3679,0.9248,0.7881
9212,0.7412,0.974,0.3193,0.8234,0.3734
9213,0.2447,0.7229,0.3397,0.6813,0.8162
9214,0.3777,0.4152,0.3006,0.4424,0.906
9215,0.1838,0.922,0.8977,0.976,0.829
9216,0.9032,0.2286,0.5891,0.4932,0.6446
9217,0.7199,0.667,0.481,0.4982,0.9673
9218,0.7201,0.6011,0.6545,0.8784,0.4329
9219,0.8921,0.9785,0.9595,0.9702,0.8687
9220,0.4852,0.5992,0.7935,0.7823,0.5991
9221,0.3207,0.9798,0.7793,0.4695,0.391
9222,0.4644,0.3495,0.7181,0.7624,0.2732
9223,0.105,0.9408,0.8984,0.3011,0.9996
9224,0.9996,0.4359,0.9963,0.998,0.996
9225,0.9992,0.5229,0.9527,0.9891,0.6535
9226,0.9977,0.7491,0.9637,0.998,0.6195
9227,0.8882,0.5498,0.9375,0.9724,0.8171
9228,0.9398,0.9503,0.9039,0.9833,0.9607
9229,0.7501,0.5651,0.9393,0.9192,0.2819
9230,0.3504,0.6962,0.8943,0.9076,0.0661
9231,0.4585,0.6677,0.7955,0.889,0.1742
9232,0.4038,0.8265,0.5056,0.9995,0.162
9233,0.5583,0.9048,0.8381,1.0,0.5376
9234,0.4358,0.8621,0.7398,1.0,0.9746
9235,0.0233,0.6269,0.0226,0.0,0.4189
9236,0.9535,0.9892,0.2653,1.0,0.9496
9237,0.9893,0.3841,0.999,1.0,0.9899
9238,0.9515,0.9895,0.9846,1.0,0.7814
9239,0.829,0.2909,0.8381,0.9914,0.5127
9240,0.9498,0.344,0.9489,1.0,0.3764
9241,0.988,0.9327,0.125,0.0058,0.5974
9242,0.9996,0.3425,0.8555,0.9974,0.8989
9243,0.9764,0.4916,0.9739,1.0,0.4758
9244,0.9523,0.6957,0.8777,0.9985,0.8362
9245,0.9681,0.7468,0.9239,0.9999,0.9419
9246,0.9756,0.5162,0.9521,1.0,0.8989
9247,0.9244,0.4088,0.4734,0.997,0.2436
9248,0.7173,0.8075,0.8219,0.9885,0.826
9249,0.9999,0.2843,0.9287,0.8448,0.5742
9250,0.9429,0.3969,0.991,1.0,0.3913
9251,0.9536,0.9346,0.9868,1.0,0.8289
9252,0.0032,0.0553,0.0001,1.0,0.3538
9253,0.9987,0.427,1.0,1.0,0.5348
9254,0.9748,0.8437,0.982,1.0,0.0785
9255,0.9701,0.968,0.9892,1.0,0.8437
9256,0.9696,0.8211,0.63,0.9288,0.5668
9257,0.6163,0.9989,0.5904,0.9829,0.9501
9258,0.9992,0.9306,0.5794,0.9996,0.8609
9259,0.9976,0.6789,0.4593,0.9999,0.3488
9260,0.4435,0.9963,0.9161,1.0,0.4112
9261,0.9923,0.9967,0.879,0.9996,0.8807
9262,0.5081,0.8622,0.6769,1.0,0.8685
9263,0.0023,0.9006,0.7747,0.9574,0.5306
9264,0.9768,0.9944,0.7479,0.9906,0.7838
9265,0.3579,0.394,0.7306,0.1027,0.4411
9266,0.9984,0.9393,0.7832,0.9976,0.3102
9267,0.0731,0.3245,0.8889,0.5107,0.0586
9268,0.984,0.9279,0.4401,0.9999,0.9457
9269,0.0831,0.788,0.5954,1.0,0.2356
9270,0.9719,0.2927,0.6305,1.0,0.0649
9271,0.876,0.1219,0.3104,0.9805,0.1819
9272,0.9073,0.9794,0.7725,0.9985,0.8551
9273,0.9781,0.9963,0.7144,0.9843,0.7355
9274,0.8855,0.0059,0.8017,0.9996,0.0177
9275,0.9987,0.872,0.8891,0.9999,0.4451
9276,0.9461,0.8703,0.9145,0.9999,0.1313
9277,0.5564,0.9535,0.9147,0.9672,0.4524
9278,0.9999,0.9391,0.9306,0.9999,0.2715
9279,0.7595,0.6368,0.7422,1.0,0.404
9280,0.9752,0.7965,0.9909,0.9928,0.7728
9281,0.75,0.0748,0.9997,1.0,0.7588
9282,0.0455,0.443,0.9996,1.0,0.9109
9283,0.9994,0.7383,0.9994,1.0,0.791
9284,0.33,0.4583,0.9948,1.0,0.5191
9285,0.983,0.5415,0.9846,0.9999,0.2653
9286,0.989,0.7742,0.9765,1.0,0.3352
9287,0.8804,0.5379,0.9473,1.0,0.1932
9288,0.9983,0.2035,0.9984,1.0,0.9139
9289,0.601,0.7662,0.9927,0.9994,0.7387
9290,0.772,0.9302,0.9503,1.0,0.987
9291,0.9418,0.8838,0.9878,1.0,0.6713
9292,0.999,0.3766,0.9938,1.0,0.9034
9293,0.9933,0.5045,0.987,0.9948,0.7869
9294,0.9923,0.5409,0.994,0.9459,0.9459
9295,0.994,0.5929,0.7468,1.0,0.7589
9296,0.9992,0.5932,0.9989,1.0,0.6436
9297,0.9996,0.3128,0.9599,1.0,0.8966
9298,0.8949,0.4962,0.6389,0.9996,0.9123
9299,0.0112,0.8829,0.5329,0.9992,0.9359
9300,0.829,0.5593,0.9317,0.9916,0.6667
9301,0.9991,0.3683,0.8389,0.9989,0.702
9302,0.9999,0.8954,0.9913,0.9999,0.4397
9303,0.2183,0.8499,0.4136,1.0,0.5988
9304,0.8905,0.0807,0.9996,1.0,0.5962
9305,0.1403,0.9497,0.9984,1.0,0.5685
9306,0.1487,0.8378,0.9943,1.0,0.3641
9307,0.5704,0.1457,0.999,1.0,0.3992
9308,0.0178,0.8494,1.0,1.0,0.9818
9309,0.9756,0.8081,0.9438,0.9854,0.6243
9310,0.9697,0.6974,0.922,0.9999,0.813
9311,0.99,0.9803,0.9998,1.0,0.768
9312,0.9908,0.4355,0.9954,0.9996,0.1204
9313,0.6734,0.6043,0.9866,0.983,0.1048
9314,0.995,0.5874,0.9985,1.0,0.4994
9315,0.1158,0.0686,0.9937,1.0,0.0862
9316,0.0,0.8808,0.9529,0.9998,0.4391
9317,0.9903,0.907,0.997,1.0,0.8829
9318,1.0,0.8238,0.9905,1.0,0.7942
9319,0.9996,0.0158,0.733,0.9999,0.733
9320,0.9984,0.7924,0.9342,0.9999,0.8987
9321,0.9988,0.204,0.9853,1.0,0.0568
9322,1.0,0.777,0.9935,1.0,0.9493
9323,0.1381,0.3261,0.1628,0.0,0.8627
9324,0.9585,0.343,0.9999,1.0,0.3085
9325,0.0652,0.5038,0.9976,0.9997,0.1973
9326,1.0,0.9197,0.9984,1.0,0.5836
9327,0.989,0.4848,0.992,1.0,0.7036
9328,0.9875,0.7606,0.533,0.8445,0.7953
9329,0.1426,0.4307,0.8073,1.0,0.3091
9330,1.0,0.0629,0.674,1.0,0.2404
9331,0.0007,0.2337,0.628,1.0,0.8721
9332,0.3279,0.8054,0.6825,1.0,0.7791
9333,1.0,0.9952,0.6785,1.0,0.4129
9334,1.0,0.9845,0.9691,1.0,0.8888
9335,0.9694,0.9974,0.9404,1.0,0.8365
9336,0.9241,0.898,0.9497,1.0,0.6264
9337,0.9634,0.9304,0.5273,0.9703,0.9829
9338,1.0,0.8163,0.8382,0.9999,0.4398
9339,0.7535,0.3586,0.1718,1.0,0.8808
9340,0.998,0.6713,0.9821,1.0,0.5837
9341,0.9938,0.8766,0.7935,0.999,0.7688
9342,0.0605,0.7081,0.7337,0.9985,0.4856
9343,1.0,0.1539,0.828,1.0,0.8596
9344,0.3444,0.2089,0.9286,1.0,0.9748
9345,1.0,0.6117,0.9227,1.0,0.7265
9346,0.9846,0.7547,0.8267,0.9992,0.7063
9347,0.994,0.6508,0.515,0.9928,0.6798
9348,0.9994,0.3936,0.9418,0.997,0.5665
9349,0.9857,0.88,0.7997,0.9745,0.5951
9350,0.7229,0.788,0.92,0.9996,0.8301
9351,0.9676,0.6127,0.6852,1.0,0.6676
9352,0.9997,0.9967,0.9993,1.0,0.7053
9353,0.9557,0.8609,0.9684,0.9949,0.7051
9354,0.9906,0.9775,0.9584,0.9459,0.617
9355,0.476,0.3522,0.7342,0.4675,0.6561
9356,0.1488,0.2011,0.6645,0.5407,0.4168
9357,0.4336,0.4769,0.5051,0.7348,0.3937
9358,0.9648,0.5433,0.2938,0.3412,0.6832
9359,0.5654,0.8163,0.2561,0.711,0.4095
9360,0.8516,0.5838,0.423,0.6041,0.3471
9361,0.2553,0.7139,0.3926,0.7774,0.4006
9362,0.9358,0.0039,0.9916,1.0,0.3835
9363,0.8753,0.5196,0.8999,0.8932,0.5069
9364,0.6298,0.6987,0.8473,0.9755,0.3786
9365,0.2268,0.8953,0.7977,0.8422,0.7046
9366,0.1873,0.1802,0.2454,0.0987,0.2298
9367,0.0334,0.0155,0.0928,0.0139,0.1855
9368,0.9374,0.1026,0.6922,0.503,0.3132
9369,0.9769,0.6782,0.7903,0.8285,0.5558
9370,0.7946,0.3464,0.4498,0.2704,0.6127
9371,0.2316,0.1248,0.4283,0.0851,0.439
9372,0.9842,0.5331,0.7923,0.6096,0.776
9373,0.0886,0.4762,0.8268,0.9813,0.6303
9374,0.7359,0.8508,0.8296,0.9435,0.4678
9375,0.8882,0.6284,0.8985,0.9148,0.5328
9376,0.9167,0.8849,0.8825,0.9826,0.5332
9377,0.9883,0.7349,0.5602,0.9869,0.3667
9378,0.1295,0.8781,0.528,0.9968,0.9492
9379,0.0394,0.1784,0.3678,0.9849,0.2859
9380,0.8158,0.9847,0.6658,0.9985,0.8156
9381,0.0895,0.5394,0.4305,0.5491,0.51
9382,0.9279,0.4299,0.5816,0.9994,0.3059
9383,0.607,0.2446,0.4638,0.8801,0.0477
9384,0.5813,0.1581,0.4499,0.7011,0.4423
9385,0.6217,0.6232,0.448,0.8151,0.2852
9386,0.491,0.6114,0.4523,0.9698,0.3349
9387,0.4534,0.656,0.4721,0.8593,0.531
9388,0.8852,0.7606,0.4853,0.0612,0.8839
9389,0.9432,0.8693,0.5476,0.9657,0.5438
9390,0.2019,0.6821,0.3744,0.0046,0.368
9391,0.5204,0.4827,0.5347,0.4811,0.2359
9392,0.7158,0.3216,0.4665,0.8603,0.2164
9393,0.9223,0.3879,0.4698,0.4368,0.6098
9394,0.915,0.5573,0.5179,0.8382,0.7764
9395,0.498,0.7947,0.5342,0.8897,0.2216
9396,0.7933,0.6897,0.5108,0.9258,0.8175
9397,0.9113,0.4793,0.4852,0.483,0.3862
9398,0.7774,0.0337,0.5607,0.7454,0.3823
9399,0.8434,0.5507,0.5199,0.9753,0.537
9400,0.9082,0.9937,0.8069,0.9998,0.7751
9401,0.9841,1.0,0.0521,1.0,0.0957
9402,0.7246,0.4709,0.5736,0.9933,0.2477
9403,0.9738,0.6371,0.736,0.9533,0.6898
9404,0.0872,0.2189,0.5723,0.3027,0.4243
9405,0.8679,0.8255,0.5014,0.6929,0.6115
9406,0.9706,0.974,0.7175,0.9691,0.706
9407,0.9848,0.8929,0.7361,0.9483,0.4881
9408,0.1229,0.7041,0.5285,0.9836,0.4064
9409,0.1365,0.267,0.4557,0.529,0.5312
9410,0.0682,0.8124,0.4503,0.5146,0.4601
9411,0.7699,0.3351,0.4938,0.9723,0.4954
9412,0.6715,0.9186,0.4626,0.9108,0.4679
9413,0.5131,0.9962,0.1657,0.2628,0.8126
9414,0.5955,0.9019,0.4763,0.9785,0.5032
9415,0.1754,0.5575,0.3924,0.995,0.5895
9416,0.5816,0.5858,0.3938,0.0088,0.548
9417,0.0701,0.1054,0.4035,0.0078,0.4573
9418,0.9413,0.0773,0.5524,0.1376,0.4756
9419,0.2024,0.1279,0.588,0.3942,0.4565
9420,0.9995,0.9298,0.7241,0.9948,0.471
9421,0.9946,0.6094,0.5787,0.8705,0.4456
9422,0.6467,0.9831,0.555,0.9707,0.5388
9423,0.8184,0.9479,0.5495,0.9972,0.5857
9424,0.9477,0.9671,0.9319,0.817,0.7188
9425,0.9992,0.93,0.9243,0.9976,0.7576
9426,0.6591,0.2403,0.6783,0.3148,0.3724
9427,0.9354,0.6916,0.6545,0.6396,0.2758
9428,0.6992,0.4965,0.8513,0.9094,0.6424
9429,0.8887,0.3708,0.6767,0.5477,0.4415
9430,0.0871,0.4495,0.3951,0.0382,0.2404
9431,0.1458,0.7951,0.4107,0.8596,0.578
9432,0.8855,0.3591,0.592,0.9939,0.4097
9433,0.9184,0.7981,0.6142,0.9919,0.5925
9434,0.6588,0.1341,0.582,0.9966,0.4716
9435,0.6324,0.6315,0.5215,0.4292,0.429
9436,0.4708,0.5991,0.4864,0.7956,0.5666
9437,0.6958,0.4022,0.4239,0.6918,0.5638
9438,0.8775,0.528,0.3868,0.2539,0.6384
9439,0.8843,0.2732,0.6234,0.8926,0.4806
9440,0.7599,0.7032,0.5803,0.9829,0.3819
9441,0.6728,0.2684,0.5182,0.3711,0.5913
9442,0.4688,0.17,0.4993,0.3863,0.4331
9443,0.2503,0.612,0.4967,0.517,0.5252
9444,0.9709,0.6448,0.6018,0.9176,0.547
9445,0.4795,0.7358,0.4662,0.9024,0.3811
9446,0.3215,0.6355,0.4458,0.7626,0.5503
9447,0.9593,0.6185,0.4987,0.9357,0.4343
9448,0.9939,0.5462,0.9459,0.9882,0.6914
9449,0.332,0.1778,0.1968,0.0535,0.5294
9450,0.2801,0.6372,0.2047,0.2713,0.5036
9451,0.7992,0.893,0.8544,0.7924,0.4212
9452,0.9991,0.9201,0.8707,0.9717,0.9076
9453,0.4143,0.4433,0.357,0.8572,0.3615
9454,0.9988,0.9892,0.646,0.9939,0.8123
9455,0.9247,0.1874,0.3963,0.9974,0.9496
9456,0.6382,0.1899,0.4932,0.9108,0.2318
9457,0.9843,0.7612,0.5762,0.7262,0.3049
9458,0.5662,0.1549,0.5214,0.6601,0.7765
9459,0.8849,0.6049,0.5325,0.7785,0.7548
9460,0.536,0.8288,0.528,0.7568,0.7434
9461,0.5937,0.6833,0.5479,0.5028,0.3613
9462,0.4945,0.8675,0.5426,0.426,0.3303
9463,0.1136,0.6507,0.4606,0.8477,0.2889
9464,0.3,0.5637,0.4947,0.9858,0.6813
9465,0.8296,0.5014,0.4945,0.6979,0.7851
9466,0.8706,0.7408,0.4794,0.4476,0.6577
9467,0.3361,0.2017,0.4933,0.5012,0.3739
9468,0.2216,0.5268,0.6126,0.9724,0.3082
9469,0.6938,0.4153,0.5317,0.4068,0.9343
9470,0.773,0.5751,0.5165,0.924,0.5494
9471,0.3957,0.8675,0.5273,0.7797,0.4058
9472,0.9989,0.476,0.8378,0.9981,0.7455
9473,0.9996,0.3365,0.8722,0.964,0.9466
9474,0.962,0.7618,0.2406,0.9943,0.9467
9475,0.9293,0.9294,0.4604,0.9272,0.6078
9476,0.9313,0.711,0.3409,0.9764,0.8113
9477,0.9998,0.0665,0.9022,0.4214,0.0206
9478,0.8947,0.4963,0.3068,0.9761,0.995
9479,0.9975,0.8685,0.7419,0.9177,0.8331
9480,0.9951,0.8999,0.6989,0.6091,0.0982
9481,0.9995,0.5707,0.7413,0.9371,0.9755
9482,0.2998,0.6602,0.712,0.2412,0.8194
9483,0.6278,0.858,0.6609,0.7972,0.7792
9484,0.9834,0.9383,0.8603,0.9966,0.9897
9485,0.9948,0.3234,0.711,0.9026,0.9634
9486,0.8656,0.7293,0.8625,0.5995,0.4105
9487,0.8047,0.917,0.8913,0.9662,0.9401
9488,0.1341,0.2457,0.6577,0.9006,0.5573
9489,0.9843,0.5473,0.5905,0.5203,0.9645
9490,0.8237,0.9167,0.5753,0.7428,0.9357
9491,0.1526,0.6007,0.5578,0.5679,0.3902
9492,0.8352,0.7649,0.2197,0.0053,0.8859
9493,0.9891,0.3165,0.651,0.9179,0.4782
9494,0.0483,0.5079,0.404,0.5025,0.0647
9495,0.2293,0.97,0.2473,0.4717,0.9079
9496,0.9999,0.8895,0.9637,0.7892,0.5623
9497,0.9998,0.5811,0.9676,0.9865,0.3911
9498,0.9285,0.8969,0.6678,0.9717,0.911
9499,0.1545,0.1913,0.1354,0.706,0.3609
9500,0.9784,0.4933,0.9321,0.9371,0.8263
9501,0.9996,0.8548,0.9605,0.9062,0.8801
9502,0.0072,0.4727,0.2612,0.0586,0.0285
9503,0.8433,0.9155,0.2915,0.6845,0.7145
9504,0.9953,0.4593,0.9157,0.9777,0.981
9505,0.7561,0.8282,0.7658,0.7232,0.4509
9506,0.3248,0.6934,0.2321,0.024,0.063
9507,0.386,0.239,0.9803,0.999,0.2077
9508,0.9918,0.8215,0.8437,0.8595,0.9678
9509,0.9816,0.7699,0.8975,0.8659,0.7753
9510,0.3969,0.3192,0.926,0.9978,0.6786
9511,0.996,0.8145,0.9088,0.9318,0.7004
9512,0.9951,0.7728,0.7497,0.4615,0.4558
9513,0.0027,0.5447,0.4815,0.6209,0.4872
9514,0.002,0.8319,0.0528,0.1607,0.3242
9515,0.8225,0.3915,0.1448,0.0319,0.7739
9516,0.912,0.314,0.4426,0.91,0.9214
9517,0.0056,0.1987,0.431,0.087,0.2936
9518,0.1527,0.8531,0.5658,0.8939,0.9635
9519,0.8175,0.744,0.4641,0.8183,0.5468
9520,0.9023,0.9183,0.9806,0.9966,0.9147
9521,0.9937,0.6252,0.4657,0.7659,0.2094
9522,0.1427,0.8949,0.5858,0.1489,0.9972
9523,0.7297,0.3618,0.2964,0.3567,0.8797
9524,0.3517,0.7836,0.1393,0.1655,0.8999
9525,0.8503,0.9105,0.091,0.1289,0.9639
9526,0.1861,0.9483,0.8354,0.7137,0.9678
9527,0.9603,0.1323,0.92,0.8368,0.7626
9528,0.8561,0.0883,0.8411,0.8117,0.1807
9529,0.918,0.9646,0.0306,0.092,0.6688
9530,0.7769,0.1405,0.9733,0.929,0.1113
9531,0.9613,0.37,0.9764,0.9191,0.2512
9532,0.7815,0.3566,0.6231,0.2956,0.9506
9533,0.503,0.092,0.7785,0.9627,0.5719
9534,0.9991,0.802,0.8587,0.9128,0.7247
9535,0.4912,0.6238,0.8761,0.9908,0.2403
9536,0.9501,0.2549,0.9447,0.997,0.8263
9537,0.4189,0.843,0.9696,0.9991,0.5571
9538,0.8025,0.3829,0.5908,0.5906,0.0765
9539,0.8797,0.8655,0.7628,0.5069,0.634
9540,0.6753,0.9023,0.5071,0.6337,0.6653
9541,0.7369,0.6262,0.4109,0.3966,0.9871
9542,0.9952,0.8756,0.3543,0.3273,0.701
9543,0.859,0.2187,0.2174,0.0261,0.4822
9544,0.9989,0.5893,0.9916,0.9989,0.6793
9545,0.9991,0.5978,0.9985,0.9999,0.7284
9546,0.9938,0.5926,0.8914,0.9988,0.4588
9547,0.9767,0.5483,0.252,0.001,0.9848
9548,0.2011,0.2287,0.2132,0.6794,0.1836
9549,0.9506,0.8624,0.6006,0.9856,0.8956
9550,0.9684,0.5885,0.2258,0.5583,0.9795
9551,0.3197,0.0801,0.0643,0.1276,0.1031
9552,0.9983,0.2647,0.9866,0.9999,0.3861
9553,0.9129,0.4087,0.9465,0.9941,0.7405
9554,0.5432,0.08,0.9667,0.995,0.6698
9555,0.0332,0.3787,0.9525,0.9942,0.2076
9556,0.9981,0.8463,0.8935,0.9511,0.9163
9557,0.9992,0.7406,0.9471,0.9975,0.2934
9558,0.9996,0.4782,0.9874,0.9998,0.7852
9559,0.9867,0.0647,0.9242,0.0617,0.5187
9560,1.0,0.7831,0.8687,0.9253,0.5776
9561,0.9246,0.441,0.9562,0.9993,0.5883
9562,0.0272,0.7285,0.6986,0.1488,0.2424
9563,0.9964,0.7933,0.4981,0.2862,0.9478
9564,0.0102,0.5637,0.5154,0.5718,0.9678
9565,0.0599,0.8096,0.5575,0.6787,0.6885
9566,0.9639,0.5593,0.828,0.0987,0.2486
9567,0.9997,0.4182,0.8074,0.6042,0.785
9568,0.9758,0.5748,0.8914,0.9987,0.9675
9569,0.0063,0.9799,0.8833,0.9856,0.9586
9570,0.0068,0.204,0.7971,0.8655,0.9933
9571,0.2298,0.3729,0.8619,0.9953,0.4081
9572,0.0762,0.0775,0.5075,0.4063,0.0018
9573,0.432,0.6958,0.4125,0.073,0.0268
9574,0.6837,0.7192,0.5196,0.9351,0.7852
9575,0.4303,0.562,0.7438,0.859,0.9909
9576,0.9256,0.3278,0.9063,0.9621,0.9999
9577,0.9932,0.7012,0.9109,0.9971,0.8102
9578,0.9997,0.7506,0.8907,0.9717,0.2918
9579,0.9028,0.535,0.2471,0.2504,0.819
9580,0.1275,0.987,0.7011,0.8927,0.8518
9581,0.3657,0.7673,0.8848,0.9434,0.7567
9582,0.9756,0.212,0.8311,0.5483,0.937
9583,0.7301,0.2843,0.7812,0.5286,0.6034
9584,0.4531,0.2073,0.9194,0.9819,0.9896
9585,0.9914,0.4948,0.8944,0.8264,0.9973
9586,0.9999,0.2,0.8881,0.8221,0.9475
9587,0.3436,0.6589,0.2514,0.482,0.6462
9588,0.9992,0.0412,0.627,0.5767,0.1267
9589,0.9999,0.1674,0.5637,0.8874,0.1911
9590,0.2232,0.9256,0.3685,0.1157,0.97
9591,0.4253,0.0309,0.6773,0.7296,0.6173
9592,0.2934,0.8592,0.165,0.9379,0.908
9593,0.5907,0.3687,0.2306,0.9942,0.3327
9594,0.9208,0.9549,0.7062,0.5176,0.3325
9595,0.6995,0.6707,0.8376,0.8941,0.0416
9596,0.8969,0.7908,0.8592,0.8585,0.7044
9597,0.9752,0.8304,0.8227,0.9459,0.4246
9598,0.9442,0.9463,0.822,0.6945,0.1989
9599,0.9451,0.0733,0.5845,0.8618,0.4802
9600,0.9853,0.0895,0.622,0.0065,0.7021
9601,0.0907,0.6126,0.4786,0.2232,0.043
9602,0.1153,0.927,0.3865,0.861,0.231
9603,0.4077,0.4998,0.6692,0.926,0.9164
9604,0.4312,0.9045,0.9216,0.9977,0.3338
9605,0.0661,0.3391,0.4812,0.0816,0.2174
9606,0.2097,0.9047,0.4994,0.9344,0.4466
9607,0.0949,0.207,0.3523,0.1593,0.9598
9608,0.058,0.2541,0.3065,0.3938,0.887
9609,0.0658,0.1823,0.2611,0.962,0.4193
9610,0.4301,0.9344,0.7111,0.8869,0.9221
9611,0.9644,0.573,0.8336,0.998,0.953
9612,0.9993,0.9738,0.7601,0.8328,0.4998
9613,0.7538,0.9774,0.9143,0.6907,0.9303
9614,0.0047,0.6882,0.8058,0.8488,0.5893
9615,0.9699,0.6826,0.7877,0.7576,0.6664
9616,0.0463,0.4899,0.4581,0.2236,0.8572
9617,0.0368,0.383,0.2174,0.9394,0.3099
9618,0.8207,0.9469,0.7734,0.2977,0.7818
9619,0.9974,0.6615,0.8232,0.9787,0.5285
9620,0.926,0.7321,0.8676,0.8819,0.877
9621,0.9736,0.1853,0.6402,0.7755,0.508
9622,0.0254,0.119,0.4943,0.0915,0.9412
9623,0.0603,0.6464,0.5381,0.8317,0.5385
9624,0.5562,0.3713,0.4704,0.4715,0.4874
9625,0.3918,0.7187,0.4372,0.9024,0.2744
9626,0.0009,0.111,0.7703,0.9284,0.3654
9627,0.2554,0.7834,0.6116,0.4462,0.196
9628,0.6113,0.6431,0.4944,0.6773,0.5989
9629,0.9225,0.8878,0.7807,0.9019,0.5303
9630,0.996,0.9196,0.1484,0.0443,0.5054
9631,0.6771,0.6269,0.4091,0.3939,0.5709
9632,0.0902,0.9556,0.5903,0.6187,0.8022
9633,0.9961,0.7766,0.7621,0.4437,0.8322
9634,0.9033,0.9605,0.7547,0.9696,0.7361
9635,0.9827,0.2345,0.516,0.9234,0.7904
9636,0.9099,0.7049,0.789,0.4922,0.8488
9637,0.8775,0.9758,0.8957,0.9659,0.6171
9638,0.9949,0.4647,0.1363,0.1353,0.5587
9639,0.2044,0.2001,0.3448,0.0718,0.2121
9640,0.3199,0.8843,0.6194,0.7553,0.9812
9641,0.3559,0.899,0.7513,0.1617,0.6643
9642,0.1152,0.9496,0.4313,0.0687,0.6355
9643,0.9266,0.3242,0.2701,0.9162,0.141
9644,0.9348,0.1956,0.8178,0.7264,0.2039
9645,0.9541,0.2443,0.9593,0.9995,0.6743
9646,0.434,0.7023,0.6614,0.9902,0.7471
9647,0.5427,0.8792,0.6694,0.9235,0.9382
9648,0.5525,0.3415,0.8508,0.6389,0.1773
9649,0.9961,0.2547,0.936,0.6146,0.6747
9650,0.5966,0.9023,0.7228,0.2071,0.1342
9651,0.8419,0.8451,0.521,0.6899,0.4404
9652,0.9439,0.8526,0.583,0.9935,0.5051
9653,0.5485,0.0896,0.863,1.0,0.8533
9654,0.1484,0.8732,0.4921,0.4565,0.1424
9655,0.6911,0.2616,0.704,0.6777,0.6494
9656,0.9087,0.8825,0.8203,0.4057,0.6142
9657,0.7186,0.8036,0.3426,0.7956,0.5436
9658,0.9446,0.3816,0.6452,0.9162,0.2733
9659,0.6022,0.7061,0.608,0.8837,0.3265
9660,0.4804,0.2115,0.5822,0.8242,0.6962
9661,0.9143,0.876,0.8889,0.9826,0.6983
9662,0.0586,0.7461,0.4497,0.6383,0.4839
9663,0.1478,0.9407,0.8351,0.9999,0.4598
9664,0.2368,0.7508,0.3679,0.1576,0.3948
9665,0.8649,0.1101,0.4416,0.7897,0.2978
9666,0.3175,0.9584,0.7324,0.9089,0.4704
9667,0.943,0.3771,0.626,0.6302,0.1432
9668,0.3453,0.7283,0.6737,0.849,0.322
9669,0.0735,0.3414,0.2532,0.2296,0.3793
9670,0.9184,0.6357,0.3429,0.0332,0.1804
9671,0.4921,0.952,0.6096,0.9691,0.8294
9672,0.6623,0.3053,0.6238,0.946,0.142
9673,0.0209,0.5363,0.6271,0.813,0.3803
9674,0.9908,0.8593,0.5412,0.536,0.9375
9675,0.0656,0.8537,0.8116,0.9613,0.1479
9676,0.2993,0.3033,0.2301,0.1437,0.8467
9677,0.9048,0.2074,0.4334,0.5644,0.0587
9678,0.2032,0.7354,0.2545,0.3385,0.4349
9679,0.2224,0.6253,0.4269,0.2435,0.2865
9680,0.006,0.1271,0.6746,0.1981,0.5101
9681,0.8967,0.9677,0.9035,0.9949,0.4556
9682,0.954,0.342,0.9016,0.9908,0.8536
9683,0.9799,0.7609,0.8932,0.9651,0.7962
9684,0.9713,0.9096,0.7701,0.7363,0.2891
9685,0.8369,0.268,0.3227,0.8093,0.6089
9686,0.1255,0.3896,0.9556,0.1824,0.7553
9687,0.0993,1.0,0.9879,1.0,0.9764
9688,0.0575,0.8498,0.2156,0.4456,0.7337
9689,0.3088,0.9178,0.3896,0.9132,0.7071
9690,0.7022,0.8014,0.2658,0.9006,0.8073
9691,0.738,0.0514,0.722,0.9837,0.6794
9692,0.637,0.7248,0.5766,0.9063,0.6637
9693,0.2038,0.0131,0.4387,0.6952,0.3503
9694,0.9911,0.7938,0.8341,0.956,0.6329
9695,0.9797,0.7222,0.6292,0.4453,0.8528
9696,0.995,0.8677,0.4646,0.8749,0.7438
9697,0.5229,0.066,0.6992,0.9243,0.5945
9698,0.9787,0.201,0.7394,0.2725,0.606
9699,0.0151,0.872,0.6846,0.9833,0.749
9700,0.4112,0.1086,0.5998,0.6907,0.5076
9701,0.4403,0.8428,0.5021,0.5517,0.4657
9702,0.1829,0.3353,0.3826,0.4686,0.309
9703,0.6124,0.9944,0.5288,0.7161,0.5475
9704,0.9122,0.4337,0.7173,0.9859,0.635
9705,0.8044,0.2904,0.7154,0.5595,0.5105
9706,0.842,0.0843,0.6938,0.6824,0.3853
9707,0.9379,0.9154,0.5053,0.7493,0.7916
9708,0.3869,0.3494,0.7916,0.9217,0.2761
9709,0.9935,0.3109,0.5552,0.923,0.8166
9710,0.9996,0.6388,0.6212,0.7792,0.7181
9711,0.569,0.0959,0.2885,0.5612,0.6223
9712,0.3742,0.4458,0.2482,0.8328,0.6191
9713,0.0596,0.6759,0.3242,0.8557,0.4468
9714,0.8426,0.5821,0.9586,0.8924,0.8934
9715,0.9969,0.6145,0.9566,0.7618,0.6736
9716,0.2669,0.8437,0.8552,0.5355,0.3955
9717,0.9084,0.7212,0.6775,0.0081,0.5371
9718,0.7975,0.489,0.8786,0.9172,0.6196
9719,0.6904,0.4028,0.5989,0.0355,0.5082
9720,0.1067,0.559,0.5461,0.5615,0.4267
9721,0.9936,0.471,0.84,0.9559,0.7513
9722,0.5913,0.5711,0.7971,0.8423,0.909
9723,0.9191,0.447,0.9864,0.9949,0.7995
9724,0.9996,0.7271,0.8404,0.9317,0.5147
9725,0.1096,0.2584,0.2951,0.2267,0.7039
9726,0.2805,0.5177,0.6725,0.4457,0.6195
9727,0.9963,0.6888,0.7578,0.9749,0.595
9728,0.7954,0.4633,0.7185,0.8161,0.0882
9729,0.9849,0.7681,0.7066,0.7029,0.5664
9730,0.8148,0.0968,0.8848,0.0799,0.0341
9731,0.0529,0.1825,0.0672,0.0186,0.5495
9732,0.99,0.7374,0.9702,0.9936,0.667
9733,0.9423,0.3225,0.9335,0.9209,0.3881
9734,0.9352,0.4269,0.9681,0.9821,0.7932
9735,0.1471,0.8639,0.8813,0.8578,0.3203
9736,0.9964,0.3496,0.9422,0.957,0.8604
9737,0.9783,0.6823,0.9643,0.8859,0.5384
9738,0.9621,0.2548,0.9592,0.8919,0.3129
9739,0.9822,0.4967,0.8067,0.6554,0.6514
9740,0.9903,0.2878,0.784,0.8323,0.2751
9741,0.8889,0.7347,0.6118,0.9456,0.1887
9742,0.9992,0.8026,0.9911,0.9913,0.6836
9743,0.9976,0.206,0.9208,0.9744,0.0807
9744,0.9977,0.5425,0.9545,0.9537,0.1004
9745,0.0068,0.6046,0.0331,0.0329,0.7117
9746,0.0188,0.4435,0.0257,0.0054,0.411
9747,0.0166,0.6385,0.042,0.0132,0.9046
9748,0.1252,0.2263,0.0483,0.0718,0.8627
9749,0.005,0.3592,0.7008,0.8284,0.9178
9750,0.9804,0.4191,0.6068,0.3705,0.3328
9751,0.9104,0.5995,0.7991,0.1886,0.4735
9752,0.9667,0.7122,0.7847,0.7412,0.2573
9753,0.3631,0.6905,0.7694,0.1852,0.3457
9754,0.7929,0.2337,0.8271,0.5094,0.4272
9755,0.9988,0.4006,0.9687,0.9961,0.7804
9756,0.9984,0.5067,0.9874,0.99,0.4461
9757,0.8499,0.013,0.7174,0.797,0.0477
9758,0.6918,0.4342,0.9302,0.8262,0.6153
9759,0.0153,0.0711,0.1991,0.0728,0.3915
9760,0.444,0.9564,0.8817,0.9473,0.3672
9761,0.9992,0.1202,0.9567,0.9929,0.8964
9762,0.8595,0.4927,0.9387,0.8995,0.7584
9763,0.9916,0.1455,0.9418,0.551,0.4601
9764,0.7277,0.7008,0.9141,0.8519,0.643
9765,1.0,0.8503,0.9994,1.0,0.5625
9766,0.0775,0.1802,0.9068,0.972,0.995
9767,0.9299,0.474,0.9728,0.9972,0.3328
9768,0.6682,0.7118,0.673,0.6188,0.1507
9769,0.9805,0.2226,0.5823,0.4133,0.4004
9770,0.9071,0.1362,0.8472,0.8854,0.0153
9771,0.9727,0.3978,0.7055,0.7979,0.379
9772,0.9934,0.8289,0.5905,0.9378,0.9659
9773,0.7893,0.5824,0.3389,0.3052,0.143
9774,0.8505,0.238,0.3623,0.2489,0.2606
9775,0.0009,0.0539,0.0292,0.0639,0.1319
9776,0.1418,0.7656,0.1957,0.4192,0.8257
9777,0.617,0.7273,0.8259,0.5279,0.2819
9778,0.8624,0.8647,0.7999,0.9414,0.3492
9779,0.6023,0.8172,0.831,0.9059,0.3481
9780,0.9504,0.7336,0.7414,0.8738,0.194
9781,0.6164,0.4019,0.9402,0.7279,0.8734
9782,0.1137,0.8998,0.9146,0.2325,0.0
9783,0.5323,0.9258,0.539,0.5306,0.1859
9784,0.1249,0.1536,0.4542,0.5791,0.8367
9785,0.5111,0.5392,0.1061,0.0049,0.2422
9786,0.996,0.4365,0.9109,0.9913,0.8428
9787,0.8765,0.4786,0.606,0.5104,0.8782
9788,0.7037,0.8202,0.5273,0.9793,0.5228
9789,0.9939,0.7712,0.8351,0.453,0.145
9790,0.9657,0.6439,0.9155,0.8839,0.9384
9791,0.9161,0.8506,0.9188,0.7618,0.6938
9792,0.999,0.9058,0.9736,0.9843,0.5585
9793,0.9078,0.9112,0.988,0.9935,0.7866
9794,0.9842,0.7935,0.9672,0.996,0.4763
9795,0.9885,0.609,0.9423,0.9794,0.7385
9796,0.4003,0.8102,0.1174,0.1093,0.8073
9797,0.1099,0.2642,0.1498,0.0091,0.8977
9798,0.8103,0.0575,0.2778,0.0978,0.4844
9799,0.954,0.9535,0.8419,0.844,0.5231
9800,0.9947,0.6695,0.8269,0.8812,0.5608
9801,0.9537,0.8772,0.8872,0.8768,0.3932
9802,0.9552,0.309,0.5835,0.0744,0.5851
9803,0.9782,0.154,0.964,0.6992,0.5721
9804,0.7385,0.217,0.8688,0.9781,0.5219
9805,0.9141,0.1742,0.9731,0.9231,0.547
9806,0.9864,0.253,0.8664,0.6732,0.3261
9807,0.0442,0.2454,0.1705,0.2956,0.6853
9808,0.9981,0.767,0.9565,0.82,0.2852
9809,0.9974,0.6208,0.9368,0.9475,0.8333
9810,0.981,0.5347,0.962,0.9847,0.368
9811,0.9895,0.5539,0.9546,0.9897,0.8119
9812,0.9972,0.6833,0.9462,0.9847,0.8006
9813,0.0093,0.6209,0.749,0.6225,0.4699
9814,0.7822,0.3064,0.9077,0.8161,0.1078
9815,0.8872,0.4944,0.8986,0.853,0.1376
9816,0.9381,0.4639,0.8509,0.9476,0.1765
9817,0.7079,0.0745,0.6842,0.2366,0.7526
9818,0.9266,0.5087,0.7614,0.382,0.6974
9819,0.3359,0.7484,0.3642,0.2251,0.2931
9820,0.9978,0.8426,0.6399,0.7167,0.9295
9821,0.7031,0.2229,0.6201,0.7899,0.1634
9822,0.2653,0.4545,0.4946,0.5419,0.5426
9823,0.1782,0.6336,0.525,0.2355,0.7455
9824,0.4769,0.3676,0.5826,0.2758,0.5223
9825,0.9776,0.1731,0.4931,0.8867,0.6181
9826,0.044,0.884,0.2922,0.6949,0.8862
9827,0.9139,0.5537,0.7834,0.9321,0.5429
9828,0.9248,0.6695,0.6709,0.7477,0.6753
9829,0.1858,0.5402,0.9708,0.9773,0.3294
9830,0.001,0.4419,0.6171,0.8804,0.1351
9831,0.7621,0.3918,0.3438,0.0939,0.7249
9832,0.8533,0.1789,0.7352,0.995,0.1707
9833,0.6917,0.0573,0.5401,0.9662,0.2014
9834,0.9511,0.9891,0.9796,0.9999,0.6784
9835,0.9865,0.9992,0.8289,0.9963,0.9574
9836,0.9896,0.9623,0.8867,0.945,0.902
9837,0.8563,0.3056,0.613,0.9104,0.0834
9838,0.7623,0.938,0.9937,0.4301,0.9077
9839,0.9966,0.025,0.5115,0.736,0.0359
9840,0.9831,0.9141,0.8206,0.9391,0.8396
9841,0.9664,0.8095,0.5647,0.9615,0.4063
9842,0.0858,0.6517,0.3183,0.9829,0.8685
9843,0.961,0.343,0.4332,0.95,0.7087
9844,0.7076,0.3248,0.9796,0.9998,0.8161
9845,0.1147,0.781,0.5768,0.9618,0.8962
9846,0.7231,0.9664,0.4906,0.5372,0.8351
9847,0.9561,0.7227,0.7985,0.9382,0.8976
9848,0.929,0.5281,0.8941,0.5788,0.4016
9849,0.9877,0.9789,0.9586,0.9985,0.8048
9850,0.3635,0.1687,0.7555,0.9093,0.1314
9851,0.9114,0.0293,0.7963,0.7661,0.9071
9852,0.1694,0.6993,0.6481,0.5766,0.5247
9853,0.3003,0.8492,0.6022,0.571,0.5425
9854,0.9547,0.9566,0.5438,0.7998,0.6362
9855,0.9925,0.9623,0.8236,0.9848,0.4423
9856,0.2068,0.7215,0.5607,0.9827,0.8457
9857,0.9843,0.9969,0.9903,0.999,0.9654
9858,0.9475,0.9458,0.9862,0.9982,0.9767
9859,0.9665,0.7985,0.9974,0.9575,0.9664
9860,0.9403,0.6789,0.6314,0.9955,0.7972
9861,0.2395,0.9783,0.7507,0.9763,0.7609
9862,0.6285,0.9401,0.7254,0.9407,0.3818
9863,0.2016,0.3386,0.7288,0.6042,0.4104
9864,0.6116,0.8506,0.9841,0.9988,0.1803
9865,0.3195,0.9918,0.032,0.0055,0.9891
9866,0.147,0.0765,0.0158,0.0017,0.2724
9867,0.4845,0.9972,0.0462,0.0178,0.8142
9868,0.1262,0.5325,0.2395,0.6654,0.2956
9869,0.0775,0.2204,0.2846,0.1349,0.706
9870,0.9744,0.9328,0.4614,0.644,0.6526
9871,0.8068,0.9937,0.8765,0.9158,0.9349
9872,0.9495,0.8739,0.994,0.9909,0.7405
9873,0.9807,0.9953,0.9337,0.9985,0.921
9874,0.7493,0.8038,0.6145,0.8888,0.6182
9875,0.3699,0.5295,0.3056,0.5918,0.5504
9876,0.393,0.1149,0.2853,0.9696,0.2519
9877,0.9426,0.0007,0.0,0.0002,0.0095
9878,0.8244,0.3912,0.5949,0.1291,0.8077
9879,0.3848,0.034,0.4994,0.5424,0.0585
9880,0.9994,0.9498,0.9769,0.9693,0.9935
9881,0.8593,0.6404,0.9074,0.9387,0.9242
9882,0.9998,0.6791,0.8425,0.9965,0.6257
9883,0.5201,0.6671,0.8231,0.9161,0.2937
9884,0.9965,0.348,0.8179,0.9234,0.2823
9885,0.6813,0.1557,0.9514,0.9832,0.8209
9886,0.9888,0.5982,0.7166,0.8679,0.8094
9887,0.8436,0.9415,0.426,0.9812,0.8503
9888,0.1332,0.5143,0.2912,0.1888,0.1721
9889,0.2403,0.3344,0.5165,0.5496,0.4641
9890,0.9991,0.7825,0.9579,0.9756,0.7625
9891,0.9882,0.5137,0.9215,0.9884,0.488
9892,0.2767,0.3604,0.8088,0.5046,0.2357
9893,0.255,0.8352,0.4005,0.8513,0.8168
9894,0.0907,0.2778,0.2742,0.5398,0.8693
9895,0.9965,0.3578,0.3665,0.8886,0.4427
9896,0.9789,0.9817,0.4244,0.8877,0.7963
9897,0.9895,0.907,0.8008,0.8568,0.9091
9898,0.9958,0.9745,0.7913,0.9634,0.825
9899,0.9926,0.6441,0.8787,0.9617,0.7979
9900,0.9962,0.7841,0.7532,0.9671,0.9332
9901,0.9941,0.746,0.9258,0.9668,0.8431
9902,0.9042,0.8004,0.4054,0.4007,0.6628
9903,0.9993,0.1938,0.7855,0.6393,0.8755
9904,0.0498,0.5677,0.65,0.925,0.4241
9905,0.3424,0.83,0.7832,0.8689,0.4268
9906,0.9228,0.9884,0.7764,0.9895,0.6087
9907,0.9913,0.9996,0.9119,0.9959,0.9767
9908,0.1641,0.7095,0.6882,0.9221,0.4826
9909,0.8983,0.78,0.7776,0.9962,0.8637
9910,0.9884,0.0412,0.8911,0.9195,0.3731
9911,0.9964,0.4046,0.8645,0.6183,0.8714
9912,0.2786,0.4421,0.6199,0.8373,0.5212
9913,0.882,0.2031,0.6347,0.1899,0.5881
9914,0.3168,0.4045,0.378,0.0645,0.9124
9915,0.0322,0.7599,0.6649,0.9641,0.7654
9916,0.0526,0.9395,0.1433,0.226,0.894
9917,0.9981,0.5274,0.9556,0.9663,0.9449
9918,0.6218,0.6612,0.9851,0.9756,0.3041
9919,0.7814,0.738,0.9002,0.9353,0.8648
9920,0.9064,0.2357,0.5988,0.9958,0.8292
9921,0.4615,0.7375,0.9532,0.2408,0.5362
9922,0.8931,0.9305,0.9855,0.6054,0.8323
9923,0.8739,0.1976,0.5554,0.5121,0.4223
9924,0.8733,0.7054,0.319,0.7091,0.8484
9925,0.1764,0.7931,0.5605,0.5872,0.8943
9926,0.5278,0.1889,0.2598,0.6673,0.701
9927,0.9949,0.9876,0.9438,0.9739,0.9398
9928,0.3903,0.6693,0.8818,0.9645,0.5081
9929,0.9683,0.9964,0.9115,0.9893,0.4701
9930,0.9746,0.8567,0.9862,0.998,0.9237
9931,0.5596,0.6981,0.015,0.6148,0.9842
9932,0.922,0.91,0.938,0.9992,0.9485
9933,0.9779,0.7383,0.9948,0.9986,0.965
9934,0.9657,0.8265,0.9912,0.9924,0.57
9935,0.996,0.4438,0.8841,0.9275,0.2528
9936,0.9373,0.9195,0.9399,0.9588,0.7151
9937,0.0733,0.3274,0.0475,0.0001,0.5854
9938,0.0548,0.5998,0.1096,0.0007,0.8462
9939,0.9387,0.3616,0.7411,0.8223,0.8035
9940,0.3574,0.571,0.4374,0.9055,0.4899
9941,0.8465,0.7167,0.5001,0.8346,0.6206
9942,0.3353,0.1897,0.1909,0.8551,0.3845
9943,0.012,0.5236,0.2145,0.2915,0.6626
9944,0.0004,0.7755,0.1657,0.0685,0.3825
9945,0.9944,0.1094,0.7843,0.9469,0.6775
9946,0.9949,0.8681,0.9534,0.993,0.781
9947,0.9073,0.8599,0.9613,0.9659,0.8165
9948,0.9866,0.7293,0.9815,0.9747,0.5387
9949,0.8875,0.4606,0.5012,0.7428,0.2507
9950,0.9833,0.7698,0.9621,0.9811,0.6949
9951,0.9747,0.6134,0.944,0.9263,0.3187
9952,0.9987,0.9944,0.5581,0.5556,0.9382
9953,0.0897,0.9427,0.6235,0.4889,0.6566
9954,0.1711,0.7259,0.3123,0.1971,0.6818
9955,0.5143,0.9555,0.4997,0.5576,0.3921
9956,0.8486,0.8086,0.1993,0.3307,0.3219
9957,0.5142,0.4374,0.6752,0.2369,0.3199
9958,0.9908,0.9851,0.494,0.8713,0.9178
9959,0.8001,0.8375,0.3233,0.288,0.966
9960,0.573,0.7864,0.4373,0.0971,0.918
9961,0.8004,0.1301,0.2383,0.4642,0.3814
9962,0.7467,0.6178,0.373,0.1943,0.5308
9963,0.2694,0.9897,0.5197,0.468,0.6493
9964,0.9264,0.3968,0.417,0.7311,0.7503
9965,0.7444,0.8494,0.3379,0.2439,0.7845
9966,0.4563,0.9331,0.8916,0.9603,0.4133
9967,0.4739,0.9983,0.7276,0.666,0.9277
9968,0.7554,0.9529,0.7706,0.9937,0.449
9969,0.9995,0.1469,0.4291,0.3076,0.4136
9970,0.9303,0.8309,0.6562,0.5229,0.7579
9971,0.2696,0.3532,0.5301,0.8922,0.6603
9972,0.799,0.8631,0.6881,0.7346,0.8078
9973,0.8289,0.8399,0.743,0.7871,0.9432
9974,0.9952,0.9933,0.8213,0.8074,0.8914
9975,0.6388,0.7317,0.7925,0.5871,0.6699
9976,0.3465,0.9942,0.5677,0.7033,0.9676
9977,0.6368,0.1086,0.6448,0.4747,0.366
9978,0.0039,0.0557,0.3909,0.3942,0.4579
9979,0.9986,0.9121,0.5776,0.7452,0.7837
9980,0.8797,0.3035,0.5528,0.2855,0.6632
9981,0.9986,0.904,0.3038,0.31,0.8101
9982,0.9967,0.2029,0.457,0.7588,0.0811
9983,0.9052,0.4289,0.5472,0.4893,0.6058
9984,0.9952,0.7345,0.632,0.7044,0.2773
9985,0.3528,0.9841,0.582,0.6495,0.885
9986,0.9899,0.5158,0.5663,0.5344,0.1512
9987,0.9886,0.9193,0.7013,0.9388,0.764
9988,0.2003,0.9625,0.4919,0.7679,0.3903
9989,0.9702,0.8004,0.6686,0.5847,0.6641
9990,0.7725,0.2454,0.7845,0.7647,0.0393
9991,0.8383,0.9081,0.7217,0.6821,0.9429
9992,0.0652,0.8202,0.6274,0.8378,0.5674
9993,0.0217,0.9985,0.6848,0.7259,0.913
9994,0.7276,0.9958,0.7884,0.8852,0.8278
9995,0.7831,0.817,0.3928,0.2351,0.4189
9996,0.9995,0.9993,0.7525,0.8714,0.6195
9997,0.9802,0.8164,0.5211,0.4074,0.8719
9998,0.3274,0.5142,0.7751,0.5553,0.2931
9999,0.9491,0.9831,0.7802,0.5977,0.299
10000,0.9392,0.9994,0.586,0.5477,0.9749
10001,0.923,0.7421,0.4693,0.87,0.5901
10002,0.4117,0.7559,0.6864,0.2972,0.0989
10003,0.9564,0.0117,0.28,0.7929,0.2288
10004,0.9709,0.9936,0.722,0.3993,0.5865
10005,0.8618,0.2508,0.4488,0.8547,0.0204
10006,0.4891,0.4845,0.3783,0.0759,0.5509
10007,0.8261,0.3983,0.4394,0.1034,0.4024
10008,0.713,0.5921,0.482,0.0739,0.1879
10009,0.8908,0.2509,0.4522,0.9007,0.0471
10010,0.28,0.8417,0.647,0.9446,0.7887
10011,0.4797,0.9589,0.6152,0.8897,0.9412
10012,0.3158,0.972,0.2757,0.3778,0.853
10013,0.9196,0.8585,0.3565,0.301,0.8162
10014,0.9084,0.9564,0.332,0.4701,0.9598
10015,0.3521,0.9861,0.3636,0.1585,0.6545
10016,0.3929,0.8304,0.8147,0.8002,0.492
10017,0.9929,0.9978,0.4451,0.6464,0.9289
10018,0.3216,0.9988,0.6314,0.819,0.9515
10019,0.995,0.9794,0.507,0.2521,0.8039
10020,0.5992,0.9143,0.6188,0.9011,0.7449
10021,0.9886,0.8244,0.6427,0.8188,0.7132
10022,0.9164,0.9892,0.8409,0.5874,0.9703
10023,0.8483,0.9314,0.6998,0.8447,0.5399
10024,0.3757,0.6399,0.7627,0.9708,0.633
10025,0.8535,0.8691,0.8193,0.8763,0.8909
10026,0.9781,0.9423,0.4156,0.9616,0.8713
10027,0.5093,0.8302,0.3037,0.583,0.6154
10028,0.8463,0.8949,0.3781,0.9673,0.5828
10029,0.9135,0.9718,0.5076,0.9656,0.7249
10030,0.9754,0.2268,0.4503,0.6092,0.3031
10031,0.7579,0.9992,0.5125,0.0816,0.9623
10032,0.426,0.9332,0.6244,0.955,0.8635
10033,0.0697,0.8049,0.7585,0.8999,0.5868
10034,0.0902,0.8075,0.541,0.4517,0.4968
10035,0.7046,0.8471,0.6933,0.0738,0.694
10036,0.8475,0.4444,0.5949,0.9266,0.692
10037,0.7926,0.7295,0.6703,0.9183,0.7372
10038,0.0952,0.7368,0.5362,0.7831,0.4272
10039,0.9847,0.7526,0.7826,0.8891,0.623
10040,0.936,0.4999,0.9122,0.9985,0.2709
10041,0.9959,0.7879,0.9999,0.9548,0.8911
10042,0.9796,0.8937,0.9998,0.9996,0.9197
10043,0.9248,0.686,0.7873,0.8901,0.7024
10044,0.8148,0.9195,0.4331,0.9647,0.6952
10045,0.5492,0.7677,0.8829,0.9906,0.6619
10046,0.7833,0.9732,0.852,0.9915,0.1504
10047,0.9367,0.9976,0.9325,0.952,0.3931
10048,0.655,0.6252,0.614,0.9084,0.8889
10049,0.0897,0.4787,0.4597,0.9314,0.8797
10050,0.6013,0.2734,0.6032,0.9918,0.169
10051,0.1094,0.8975,0.3518,0.1352,0.4008
10052,0.8848,0.0004,0.3385,0.9645,0.1697
10053,0.7022,0.9967,0.7776,0.8365,0.8185
10054,0.8447,0.2793,0.6903,0.8194,0.5326
10055,0.001,0.1467,0.4128,0.8173,0.1201
10056,0.4675,0.8999,0.3549,0.5829,0.8427
10057,0.8058,0.9296,0.3955,0.6174,0.2852
10058,0.8351,0.9717,0.3082,0.3808,0.278
10059,0.8813,0.2462,0.4155,0.3362,0.9164
10060,0.84,0.9554,0.4841,0.2273,0.7281
10061,0.6128,0.9561,0.6587,0.4594,0.575
10062,0.1022,0.4456,0.4126,0.8642,0.7929
10063,0.4934,0.7856,0.3566,0.4107,0.4938
10064,0.9982,0.7207,0.7607,0.802,0.2357
10065,0.9981,0.9827,0.7634,0.9818,0.995
10066,0.9973,0.5673,0.8284,0.8082,0.8718
10067,0.0001,0.6062,0.0916,0.0005,0.0097
10068,1.0,0.9055,0.4412,0.3691,0.9333
10069,0.0134,0.2415,0.5144,0.6086,0.4899
10070,1.0,0.9246,0.6255,0.3299,0.8506
10071,0.0646,0.8593,0.7895,0.9104,0.9361
10072,0.9731,0.8985,0.9834,0.9981,0.5926
10073,0.2178,0.9654,0.8579,0.951,0.4844
10074,0.232,0.8921,0.8576,0.4195,0.8275
10075,0.0221,0.0403,0.8133,0.8269,0.8094
10076,0.803,0.6679,0.2787,0.0584,0.5766
10077,0.0011,0.3999,0.7614,0.599,0.5774
10078,0.9034,0.8416,0.5414,0.7335,0.6395
10079,0.162,0.8404,0.4243,0.6879,0.5862
10080,0.9734,0.5027,0.9088,0.917,0.7777
10081,0.9873,0.9943,0.5756,0.4969,0.9246
10082,0.0694,0.5358,0.5073,0.8967,0.6005
10083,0.9937,0.4222,0.7698,0.9816,0.3815
10084,0.1474,0.8836,0.2544,0.2035,0.3109
10085,0.9319,0.7224,0.2794,0.4555,0.2927
10086,1.0,0.538,0.9585,0.9917,0.4017
10087,0.8967,0.0828,0.9222,0.9993,0.4924
10088,0.0297,0.042,0.2556,0.3911,0.344
10089,0.8751,0.342,0.8182,0.9485,0.1387
10090,0.9797,0.8885,0.9833,0.9797,0.462
10091,0.557,0.2711,0.9738,0.982,0.5082
10092,0.9932,0.9074,0.9896,0.9913,0.8695
10093,0.9201,0.3409,0.818,0.4408,0.4678
10094,0.6845,0.6295,0.9569,0.9742,0.2557
10095,0.4106,0.7218,0.2698,0.6446,0.5534
10096,0.5542,0.3522,0.9578,0.9552,0.953
10097,0.6865,0.4246,0.8696,0.8201,0.9211
10098,0.746,0.06,0.8424,0.9804,0.8606
10099,0.899,0.3998,0.2792,0.0959,0.2682
10100,0.9846,0.2161,0.5639,0.5415,0.6194
10101,0.9937,0.7447,0.9455,0.9707,0.8175
10102,0.7703,0.1459,0.8779,0.9491,0.9041
10103,0.0298,0.0412,0.3683,0.4136,0.4795
10104,0.4178,0.7145,0.796,0.7054,0.2242
10105,0.9593,0.4764,0.9638,0.8261,0.0069
10106,0.937,0.7354,0.7739,0.7636,0.0622
10107,0.7501,0.6705,0.7191,0.1313,0.1305
10108,0.2083,0.5232,0.9708,0.6647,0.1773
10109,0.6362,0.9328,0.7184,0.9826,0.0412
10110,0.1275,0.1605,0.0118,0.0329,0.9821
10111,0.9196,0.8239,0.9692,0.9663,0.5145
10112,0.9677,0.755,0.944,0.945,0.9914
10113,0.9949,0.1203,0.5836,0.5563,0.7294
10114,0.9933,0.2157,0.7294,0.7388,0.9073
10115,0.9834,0.0488,0.9715,0.9949,0.9551
10116,0.453,0.8899,0.9525,0.852,0.9584
10117,0.1777,0.2432,0.4678,0.2574,0.1557
10118,0.7098,0.9527,0.9535,0.99,0.3257
10119,0.1187,0.0468,0.863,0.9693,0.9167
10120,0.8464,0.5514,0.7999,0.9435,0.3742
10121,0.8406,0.7187,0.5782,0.767,0.3677
10122,0.8207,0.3673,0.7546,0.9842,0.8307
10123,0.939,0.4292,0.7392,0.887,0.6072
10124,0.0463,0.1931,0.7418,0.8216,0.7276
10125,0.7433,0.9102,0.3907,0.2716,0.9404
10126,0.9005,0.0886,0.5674,0.7534,0.7498
10127,0.7826,0.1746,0.5211,0.5772,0.4117
10128,0.6962,0.5404,0.2032,0.353,0.4205
10129,0.9241,0.8122,0.357,0.3188,0.4032
10130,0.6208,0.3991,0.4027,0.8349,0.1882
10131,0.0329,0.348,0.5197,0.0105,0.4893
10132,0.9563,0.8673,0.3576,0.677,0.3839
10133,0.3354,0.5128,0.1227,0.078,0.8025
10134,0.3236,0.652,0.1502,0.806,0.8436
10135,0.0918,0.3215,0.159,0.1517,0.375
10136,0.8755,0.557,0.6092,0.9921,0.3546
10137,0.8821,0.4428,0.9467,0.1097,0.8567
10138,0.9992,0.169,0.9326,0.8583,0.1391
10139,0.8109,0.2274,0.9398,0.7719,0.645
10140,0.977,0.582,0.6258,0.9397,0.2413
10141,0.942,0.6901,0.7441,0.6196,0.3488
10142,0.4849,0.6814,0.6291,0.7813,0.4887
10143,0.951,0.8738,0.7519,0.9505,0.1407
10144,0.9979,0.1746,0.9863,0.9985,0.4115
10145,0.9902,0.6841,0.9248,0.9751,0.5262
10146,0.646,0.8141,0.7527,0.7815,0.8181
10147,0.7005,0.8077,0.6493,0.6836,0.869
10148,0.9925,0.939,0.7581,0.7815,0.8003
10149,0.6407,0.2545,0.0973,0.1393,0.3031
10150,0.6321,0.363,0.4546,0.4586,0.4636
10151,0.7902,0.6975,0.6517,0.6173,0.7167
10152,0.6367,0.6938,0.8264,0.657,0.7659
10153,0.7848,0.3119,0.9379,0.6924,0.6354
10154,0.48,0.707,0.5827,0.5361,0.85
10155,0.209,0.323,0.0332,0.2222,0.4816
10156,0.0018,0.9173,0.1406,0.0284,0.7004
10157,0.9912,0.1924,0.9417,0.917,0.8829
10158,0.8567,0.4965,0.9796,0.9887,0.5946
10159,0.9678,0.8958,0.944,0.8136,0.7066
10160,0.7565,0.8849,0.2503,0.7513,0.8012
10161,0.9958,0.0889,0.9114,0.9403,0.385
10162,0.9827,0.4425,0.8434,0.926,0.6724
10163,0.9468,0.7528,0.8885,0.8944,0.6834
10164,0.9839,0.1905,0.9315,0.9166,0.7215
10165,0.2328,0.8558,0.871,0.4608,0.7777
10166,0.7651,0.6847,0.5744,0.9625,0.402
10167,0.9702,0.1435,0.7929,0.7421,0.3212
10168,0.9951,0.546,0.8977,0.9204,0.2524
10169,0.8762,0.8194,0.8981,0.5786,0.5048
10170,0.6778,0.8527,0.7063,0.8596,0.0557
10171,0.976,0.8029,0.5352,0.5957,0.82
10172,0.6409,0.3907,0.5533,0.7968,0.4154
10173,0.5287,0.6211,0.6362,0.5804,0.6341
10174,0.7945,0.0568,0.7564,0.6266,0.2878
10175,0.9981,0.5109,0.5539,0.6092,0.7378
10176,0.9952,0.6805,0.7206,0.6018,0.5573
10177,0.8838,0.2805,0.736,0.7505,0.806
10178,0.864,0.8917,0.727,0.7752,0.7261
10179,0.9085,0.0359,0.1746,0.1476,0.2212
10180,0.8141,0.4691,0.5465,0.6911,0.3378
10181,0.5579,0.8223,0.5798,0.654,0.7761
10182,0.0304,0.9437,0.7313,0.8944,0.9002
10183,0.0003,0.571,0.1167,0.0001,0.9687
10184,0.0,0.0031,0.0,0.0,0.7969
10185,0.0115,0.5361,0.5779,0.6955,0.0989
10186,0.0683,0.9498,0.3832,0.6412,0.4596
10187,0.9999,0.8048,0.9144,0.6756,0.4364
10188,0.9998,0.8379,0.9017,0.9541,0.6391
10189,0.9985,0.951,0.7829,0.8879,0.4526
10190,0.9989,0.6594,0.3343,0.4061,0.6451
10191,0.5233,0.1335,0.3001,0.1681,0.5817
10192,1.0,0.9995,0.9996,1.0,0.9206
10193,0.9981,0.9715,0.9968,0.5026,0.8634
10194,1.0,0.9999,0.9343,0.9874,0.9591
10195,0.8636,0.9962,0.9565,0.9948,0.5775
10196,0.9949,0.1648,0.0377,0.1952,0.3224
10197,0.8794,0.0484,0.8942,0.5876,0.4106
10198,0.9987,0.8495,0.9365,0.9677,0.1573
10199,0.8819,0.9064,0.843,0.9954,0.8065
10200,0.9349,0.9142,0.7209,0.8409,0.4056
10201,0.0082,0.8943,0.9779,0.5864,0.8374
10202,0.9987,0.9976,0.9521,0.998,0.8431
10203,0.9702,0.8548,0.9323,0.9246,0.6103
10204,0.7863,0.735,0.9179,0.9222,0.5038
10205,0.962,0.4803,0.9817,0.9934,0.7634
10206,0.0569,0.9552,0.9994,0.9999,0.9912
10207,0.5929,0.998,0.9584,0.7853,0.8955
10208,0.3701,0.8723,0.799,0.9483,0.9332
10209,0.9958,0.9952,0.9778,0.9793,0.8151
10210,0.0082,0.9916,0.9554,0.9712,0.7214
10211,0.3866,0.9353,0.9771,0.8213,0.8158
10212,0.9996,0.9956,0.9945,0.9927,0.8898
10213,0.8314,0.8973,0.9971,0.9833,0.9301
10214,0.9204,0.7264,0.9093,0.4079,0.2956
10215,0.2096,0.9863,0.9286,0.7467,0.5511
10216,0.17,0.772,0.3038,0.5953,0.3263
10217,0.6627,0.9993,0.8713,0.998,0.7683
10218,0.9982,0.9994,0.8076,0.9985,0.7299
10219,0.9081,0.8988,0.6208,0.9947,0.689
10220,0.7055,0.9956,0.9939,0.9993,0.9903
10221,0.9931,0.9942,0.9942,1.0,0.8317
10222,0.998,1.0,0.9923,0.9983,0.5445
10223,0.7809,0.9766,0.8558,0.9899,0.8963
10224,0.2367,0.7944,0.8309,0.9965,0.7237
10225,0.669,0.6932,0.737,0.9963,0.8776
10226,0.6326,0.7993,0.8964,0.7212,0.8828
10227,0.8791,0.9436,0.9522,0.9911,0.8142
10228,0.6288,0.9321,0.8499,0.9996,0.5957
10229,0.5315,0.8565,0.5398,0.8532,0.0931
10230,0.2167,0.9782,0.6093,0.5304,0.7562
10231,0.4064,0.1237,0.7313,0.799,0.1449
10232,0.454,0.9137,0.1829,0.8392,0.6046
10233,0.5166,0.9841,0.9568,0.9872,0.5278
10234,0.9543,0.3295,0.8857,0.8933,0.3152
10235,0.9875,0.9204,0.6236,0.6166,0.3522
10236,0.9872,0.9411,0.3313,0.9237,0.4224
10237,0.9947,0.9942,0.9543,0.9999,0.9208
10238,0.9999,0.9969,0.9906,0.9998,0.9969
10239,0.997,0.7054,0.9148,0.9998,0.7367
10240,0.0721,0.7806,0.1276,0.4961,0.9165
10241,0.5407,0.1022,0.8653,0.0003,0.6148
10242,0.9929,0.2139,0.4585,0.5148,0.3162
10243,0.5462,0.8682,0.822,0.7485,0.242
10244,0.2604,0.7136,0.945,0.7146,0.1742
10245,0.3751,0.543,0.0032,0.8008,0.1462
10246,0.9975,0.9761,0.9051,0.9996,0.7368
10247,0.9332,0.8374,0.6192,0.9627,0.6373
10248,0.9989,1.0,0.9858,0.9291,0.9749
10249,0.9122,0.8773,0.1845,0.9999,0.4696
10250,0.9456,0.5471,0.6069,0.9986,0.2969
10251,0.7075,0.9034,0.6248,0.9906,0.6241
10252,0.9749,0.9532,0.5008,0.2243,0.9337
10253,0.8874,0.9993,0.9846,0.9984,0.9892
10254,0.9987,0.9985,0.8437,0.9937,0.9023
10255,0.4119,0.2418,0.7058,0.5326,0.5644
10256,0.9999,0.9943,0.6743,0.9773,0.5619
10257,1.0,0.9445,0.9953,1.0,0.8372
10258,0.782,0.9994,0.3544,0.9806,0.8246
10259,0.9878,0.7655,0.8442,0.2815,0.7342
10260,0.9999,0.9978,0.9687,0.9972,0.9921
10261,0.9992,0.9989,0.9917,0.9842,0.9781
10262,0.9997,0.9976,0.9931,0.9833,0.9505
10263,0.9969,0.9072,0.9953,0.8248,0.9112
10264,1.0,0.9996,0.9904,0.9995,0.9935
10265,0.8686,0.8457,0.9684,0.9986,0.9514
10266,0.9999,0.9995,0.9921,0.9905,0.9136
10267,0.3749,0.728,0.5912,0.9838,0.9713
10268,0.3382,0.0201,0.4234,0.0749,0.0001
10269,0.9802,0.8762,0.9776,0.9682,0.4202
10270,0.1887,0.4586,0.9994,0.1308,0.7788
10271,0.9828,0.9172,0.8566,0.8688,0.9486
10272,0.1287,0.937,0.4326,0.543,0.091
10273,0.4329,0.9596,0.7881,0.9896,0.2755
10274,0.428,0.299,0.8027,0.5644,0.0233
10275,0.8371,0.9885,0.1959,0.9824,0.9996
10276,0.8684,0.9738,0.9944,0.9993,0.9481
10277,0.9979,0.9902,0.9298,0.8884,0.9657
10278,0.9253,0.877,0.1099,0.0116,0.1774
10279,0.9802,0.7792,0.979,0.006,0.0329
10280,0.9668,0.5632,0.4477,0.0,0.2017
10281,0.8533,0.8414,0.9888,0.4608,0.8633
10282,0.9989,0.9964,0.9933,0.9996,0.2357
10283,0.9943,0.9995,0.9959,0.8987,0.9988
10284,0.9381,0.978,0.9815,0.9495,0.9931
10285,0.9849,0.997,0.9707,0.9746,0.8694
10286,0.9973,0.4113,0.1091,0.9997,0.2583
10287,0.9973,0.985,0.9744,0.9775,0.8977
10288,0.8531,0.6626,0.6636,0.9984,0.4917
10289,0.87,0.4208,0.5039,0.8866,0.798
10290,0.9307,0.7447,0.8007,0.0304,0.2381
10291,0.9562,0.9581,0.8585,0.9998,0.7084
10292,0.5047,0.7508,0.9521,0.5144,0.6741
10293,0.8238,0.9663,0.811,0.9956,0.9751
10294,0.9996,0.709,0.8473,0.9729,0.7528
10295,0.9928,0.8741,0.8872,0.9729,0.9214
10296,0.9663,0.9342,0.7769,0.9956,0.82
10297,0.9992,0.9773,0.9829,0.9627,0.6375
10298,0.9999,0.9544,0.9847,0.9946,0.277
10299,0.2805,0.7185,0.9197,0.9728,0.6601
10300,0.8344,0.9973,0.8923,0.9994,0.8786
10301,0.9862,0.3194,0.7959,0.8587,0.4281
10302,0.8705,0.9897,0.3174,0.7931,0.8284
10303,0.9382,0.9964,0.9818,0.9983,0.9585
10304,0.9957,0.9331,0.3165,0.0992,0.8034
10305,0.907,0.9923,0.5953,0.8356,0.9358
10306,0.9761,0.8451,0.903,0.2539,0.524
10307,0.0277,0.7849,0.8224,0.9939,0.6175
10308,0.975,0.9837,0.9541,0.8738,0.7145
10309,0.9012,0.8942,0.8727,0.1043,0.2002
10310,0.9994,0.9087,0.9538,0.981,0.898
10311,0.9961,0.9852,0.9133,0.978,0.8277
